track_id,artist,title,label,partition
CH0001,The Weeknd,Blinding Lights,1,development
CH0002,Olivia Rodrigo,Good 4 U,1,development
CH0003,Olivia Rodrigo,Drivers License,1,development
CH0004,Lil Nas X,Montero (Call Me By Your Name),1,historical_test
CH0005,BTS,Butter,1,development
CH0006,Olivia Rodrigo,Deja Vu,1,development
CH0007,Ariana Grande,Positions,1,historical_test
CH0008,Ed Sheeran,Bad Habits,1,development
CH0009,Luke Combs,Forever After All,1,development
CH0010,Pop Smoke,What You Know Bout Love,1,historical_test
CH0011,Billie Eilish,Therefore I Am,1,historical_test
CH0012,Cardi B,Up,1,historical_test
CH0013,Olivia Rodrigo,Traitor,1,development
CH0014,BTS,Dynamite,1,development
CH0015,Doja Cat,Need To Know,1,development
CH0016,Taylor Swift,Willow,1,development
CH0017,Luke Combs,Better Together,1,development
CH0018,Doja Cat,Streets,1,development
CH0019,Drake,What's Next,1,development
CH0020,Justin Bieber,Anyone,1,development
CH0021,Ariana Grande,pov,1,historical_test
CH0022,The Weeknd,Take My Breath,1,development
CH0023,Billie Eilish,Happier Than Ever,1,historical_test
CH0024,Post Malone,Circles,1,development
CH0025,Harry Styles,Adore You,1,historical_test
CH0026,Maroon 5,Memories,1,development
CH0027,Doja Cat,Say So,1,development
CH0028,Billie Eilish,Everything I Wanted,1,historical_test
CH0029,Harry Styles,Watermelon Sugar,1,historical_test
CH0030,The Weeknd,Heartless,1,development
CH0031,DaBaby,BOP,1,development
CH0032,Drake,Toosie Slide,1,development
CH0033,Morgan Wallen,Chasin' You,1,historical_test
CH0034,Lil Baby,Woah,1,development
CH0035,Travis Scott,HIGHEST IN THE ROOM,1,development
CH0036,Billie Eilish,Bad Guy,1,historical_test
CH0037,Justin Bieber,Yummy,1,development
CH0038,Lil Nas X,Panini,1,historical_test
CH0039,Lil Baby,Emotionally Scarred,1,development
CH0040,Lil Baby,The Bigger Picture,1,development
CH0041,Jonas Brothers,Only Human,1,development
CH0042,Lil Baby,Sum 2 Prove,1,development
CH0043,Halsey,You Should Be Sad,1,development
CH0044,Pop Smoke,Dior,1,historical_test
CH0045,Luke Combs,Even Though I'm Leaving,1,development
CH0046,Juice WRLD,Wishing Well,1,development
CH0047,Morgan Wallen,More Than My Hometown,1,historical_test
CH0048,Luke Combs,Lovin' On You,1,development
CH0049,Halsey,Without Me,1,development
CH0050,Post Malone,Wow.,1,development
CH0051,Ariana Grande,7 Rings,1,historical_test
CH0052,Travis Scott,Sicko Mode,1,development
CH0053,Jonas Brothers,Sucker,1,development
CH0054,Ariana Grande,"Thank U, Next",1,historical_test
CH0055,DaBaby,Suge,1,development
CH0056,Shawn Mendes,If I Can't Have You,1,historical_test
CH0057,Post Malone,Better Now,1,development
CH0058,Ariana Grande,"Break Up With Your Girlfriend, I'm Bored",1,historical_test
CH0059,Cardi B,Money,1,historical_test
CH0060,Taylor Swift,You Need To Calm Down,1,development
CH0061,Luke Combs,Beautiful Crazy,1,development
CH0062,Juice WRLD,Lucid Dreams,1,development
CH0063,Morgan Wallen,Whiskey Glasses,1,historical_test
CH0064,Luke Combs,Beer Never Broke My Heart,1,development
CH0065,Billie Eilish,When The Party's Over,1,historical_test
CH0066,Ariana Grande,Breathin,1,historical_test
CH0067,Billie Eilish,Bury A Friend,1,historical_test
CH0068,Lil Baby,Close Friends,1,development
CH0069,P!nk,Walk Me Home,1,development
CH0070,Juice WRLD,Robbery,1,development
CH0071,Drake,God's Plan,1,development
CH0072,Ed Sheeran,Perfect,1,development
CH0073,Drake,In My Feelings,1,development
CH0074,Drake,Nice For What,1,development
CH0075,XXXTENTACION,Sad!,1,development
CH0076,Camila Cabello,Never Be The Same,1,development
CH0077,Ariana Grande,No Tears Left To Cry,1,historical_test
CH0078,Imagine Dragons,Thunder,1,development
CH0079,Taylor Swift,Delicate,1,development
CH0080,Halsey,Bad At Love,1,development
CH0081,Imagine Dragons,Whatever It Takes,1,development
CH0082,Post Malone,I Fall Apart,1,development
CH0083,Shawn Mendes,In My Blood,1,historical_test
CH0084,Sam Smith,Too Good At Goodbyes,1,historical_test
CH0085,Drake,Nonstop,1,development
CH0086,Cardi B,Bodak Yellow (Money Moves),1,historical_test
CH0087,Maroon 5,Wait,1,development
CH0088,Cardi B,Be Careful,1,historical_test
CH0089,Ariana Grande,God Is A Woman,1,historical_test
CH0090,Imagine Dragons,Natural,1,development
CH0091,Ed Sheeran,Shape Of You,1,development
CH0092,The Weeknd,Call Out My Name,1,development
CH0093,Drake,I'm Upset,1,development
CH0094,XXXTENTACION,Moonlight,1,development
CH0095,XXXTENTACION,Changes,1,development
CH0096,Luke Combs,One Number Away,1,development
CH0097,Imagine Dragons,Believer,1,development
CH0098,Bruno Mars,That's What I Like,1,development
CH0099,Kendrick Lamar,Humble.,1,development
CH0100,Future,Mask Off,1,development
CH0101,Bruno Mars,24K Magic,1,development
CH0102,Shawn Mendes,There's Nothing Holdin' Me Back,1,historical_test
CH0103,Rihanna,Love On The Brain,1,development
CH0104,Drake,Fake Love,1,development
CH0105,Taylor Swift,Look What You Made Me Do,1,development
CH0106,Ed Sheeran,Castle On The Hill,1,development
CH0107,The Chainsmokers,Paris,1,development
CH0108,Shawn Mendes,Mercy,1,historical_test
CH0109,Halsey,Now Or Never,1,development
CH0110,Kendrick Lamar,DNA.,1,development
CH0111,Drake,Passionfruit,1,development
CH0112,Travis Scott,Goosebumps,1,development
CH0113,Luke Combs,Hurricane,1,development
CH0114,P!nk,What About Us,1,development
CH0115,Harry Styles,Sign Of The Times,1,historical_test
CH0116,Adele,Water Under The Bridge,1,development
CH0117,Miley Cyrus,Malibu,1,historical_test
CH0118,Shawn Mendes,Treat You Better,1,historical_test
CH0119,Justin Bieber,Love Yourself,1,development
CH0120,Justin Bieber,Sorry,1,development
CH0121,twenty one pilots,Stressed Out,1,development
CH0122,Adele,Hello,1,development
CH0123,Rihanna,Needed Me,1,development
CH0124,twenty one pilots,Ride,1,development
CH0125,Shawn Mendes,Stitches,1,historical_test
CH0126,Drake,Hotline Bling,1,development
CH0127,Adele,Send My Love (To Your New Lover),1,development
CH0128,Justin Bieber,What Do You Mean?,1,development
CH0129,The Weeknd,The Hills,1,development
CH0130,P!nk,Just Like Fire,1,development
CH0131,Ariana Grande,Dangerous Woman,1,historical_test
CH0132,Drake,Controlla,1,development
CH0133,Meghan Trainor,No,1,development
CH0134,Ariana Grande,Into You,1,historical_test
CH0135,The Weeknd,In The Night,1,development
CH0136,Meghan Trainor,Me Too,1,development
CH0137,Post Malone,White Iverson,1,development
CH0138,The Weeknd,Can't Feel My Face,1,development
CH0139,Coldplay,Hymn For The Weekend,1,development
CH0140,Travis Scott,Antidote,1,development
CH0141,Taylor Swift,Wildest Dreams,1,development
CH0142,Adele,When We Were Young,1,development
CH0143,Chris Brown,Back To Sleep,1,development
CH0144,Coldplay,Adventure Of A Lifetime,1,development
CH0145,Future,Wicked,1,development
CH0146,Ed Sheeran,Thinking Out Loud,1,development
CH0147,Fetty Wap,Trap Queen,1,historical_test
CH0148,Maroon 5,Sugar,1,development
CH0149,Taylor Swift,Blank Space,1,development
CH0150,The Weeknd,Earned It (Fifty Shades Of Grey),1,development
CH0151,Taylor Swift,Shake It Off,1,development
CH0152,Meghan Trainor,Lips Are Movin,1,development
CH0153,Sam Smith,I'm Not The Only One,1,historical_test
CH0154,Meghan Trainor,All About That Bass,1,development
CH0155,Taylor Swift,Style,1,development
CH0156,Ed Sheeran,Photograph,1,development
CH0157,Maroon 5,Animals,1,development
CH0158,Rihanna,B**** Better Have My Money,1,development
CH0159,Sam Smith,Stay With Me,1,historical_test
CH0160,Beyonce,7/11,1,development
CH0161,One Direction,Drag Me Down,1,development
CH0162,Ariana Grande,One Last Time,1,historical_test
CH0163,Meghan Trainor,Dear Future Husband,1,development
CH0164,Ed Sheeran,Don't,1,development
CH0165,One Direction,Night Changes,1,development
CH0166,Drake,Back To Back,1,development
CH0167,Pharrell Williams,Happy,1,development
CH0168,Imagine Dragons,Demons,1,development
CH0169,One Direction,Story Of My Life,1,development
CH0170,Maroon 5,Maps,1,development
CH0171,Nicki Minaj,Anaconda,1,development
CH0172,Miley Cyrus,Wrecking Ball,1,historical_test
CH0173,Justin Timberlake,Not A Bad Thing,1,development
CH0174,Katy Perry,Roar,1,development
CH0175,Coldplay,A Sky Full Of Stars,1,development
CH0176,Imagine Dragons,Radioactive,1,development
CH0177,Katy Perry,Birthday,1,development
CH0178,Beyonce,Partition,1,development
CH0179,Drake,0 To 100 / The Catch Up,1,development
CH0180,Justin Timberlake,Mirrors,1,development
CH0181,Bruno Mars,When I Was Your Man,1,development
CH0182,Bruno Mars,Locked Out Of Heaven,1,development
CH0183,Taylor Swift,I Knew You Were Trouble.,1,development
CH0184,Miley Cyrus,We Can't Stop,1,historical_test
CH0185,Rihanna,Diamonds,1,development
CH0186,Drake,Started From The Bottom,1,development
CH0187,Maroon 5,Daylight,1,development
CH0188,Lady Gaga,Applause,1,historical_test
CH0189,Maroon 5,One More Night,1,development
CH0190,Imagine Dragons,It's Time,1,development
CH0191,Maroon 5,Love Somebody,1,development
CH0192,P!nk,Try,1,development
CH0193,Ke$ha,Die Young,1,development
CH0194,Eminem,Berzerk,1,historical_test
CH0195,Rihanna,Pour It Up,1,development
CH0196,Taylor Swift,22,1,development
CH0197,One Direction,Best Song Ever,1,development
CH0198,Ed Sheeran,The A Team,1,development
CH0199,Kendrick Lamar,Swimming Pools (Drank),1,development
CH0200,Ne-Yo,Let Me Love You (Until You Learn To Love Yourself),1,development
CH0201,Nicki Minaj,Starships,1,development
CH0202,One Direction,What Makes You Beautiful,1,development
CH0203,Adele,Set Fire To The Rain,1,development
CH0204,LMFAO,Sexy And I Know It,1,historical_test
CH0205,Katy Perry,Wide Awake,1,development
CH0206,Rihanna,Where Have You Been,1,development
CH0207,Bruno Mars,It Will Rain,1,development
CH0208,Justin Bieber,Boyfriend,1,development
CH0209,Katy Perry,Part Of Me,1,development
CH0210,Taylor Swift,We Are Never Ever Getting Back Together,1,development
CH0211,P!nk,Blow Me (One Last Kiss),1,development
CH0212,Katy Perry,The One That Got Away,1,development
CH0213,Adele,Someone Like You,1,development
CH0214,Chris Brown,Don't Wake Me Up,1,development
CH0215,Adele,Rumour Has It,1,development
CH0216,Coldplay,Paradise,1,development
CH0217,Carrie Underwood,Blown Away,1,historical_test
CH0218,Adele,Rolling In The Deep,1,development
CH0219,Usher,Climax,1,development
CH0220,Nicki Minaj,Pound The Alarm,1,development
CH0221,Chris Brown,Turn Up The Music,1,development
CH0222,Rihanna,You Da One,1,development
CH0223,Katy Perry,Firework,1,development
CH0224,Bruno Mars,Grenade,1,development
CH0225,Nicki Minaj,Super Bass,1,development
CH0226,Rihanna,S&M,1,development
CH0227,Katy Perry,Last Friday Night (T.G.I.F.),1,development
CH0228,Bruno Mars,Just The Way You Are,1,development
CH0229,P!nk,Raise Your Glass,1,development
CH0230,Lady Gaga,Born This Way,1,historical_test
CH0231,P!nk,F**kin' Perfect,1,development
CH0232,Lil Wayne,How To Love,1,development
CH0233,Bruno Mars,The Lazy Song,1,development
CH0234,Britney Spears,Till The World Ends,1,development
CH0235,Lady Gaga,The Edge Of Glory,1,historical_test
CH0236,Ke$ha,We R Who We R,1,development
CH0237,Ke$ha,Blow,1,development
CH0238,Rihanna,Only Girl (In The World),1,development
CH0239,Britney Spears,I Wanna Go,1,development
CH0240,Chris Brown,Yeah 3X,1,development
CH0241,Kanye West,All Of The Lights,1,historical_test
CH0242,Britney Spears,Hold It Against Me,1,development
CH0243,Usher,More,1,development
CH0244,Avril Lavigne,What The Hell,1,development
CH0245,Lady Gaga,You And I,1,historical_test
CH0246,Taylor Swift,Back To December,1,development
CH0247,Katy Perry,Teenage Dream,1,development
CH0248,Rihanna,Cheers (Drink To That),1,development
CH0249,Drake,Headlines,1,development
CH0250,Beyonce,Best Thing I Never Had,1,development
CH0251,Chris Brown,She Ain't You,1,development
CH0252,Ke$ha,TiK ToK,1,development
CH0253,Lady Gaga,Bad Romance,1,historical_test
CH0254,Rihanna,Rude Boy,1,development
CH0255,Eminem,Not Afraid,1,historical_test
CH0256,Ke$ha,Your Love Is My Drug,1,development
CH0257,Drake,Find Your Love,1,development
CH0258,Lady Gaga,Alejandro,1,historical_test
CH0259,Taylor Swift,Mine,1,development
CH0260,Taylor Swift,You Belong With Me,1,development
CH0261,Ke$ha,Take It Off,1,development
CH0262,Drake,Over,1,development
CH0263,Maroon 5,Misery,1,development
CH0264,Lady Gaga,Paparazzi,1,historical_test
CH0265,Nicki Minaj,Your Love,1,development
CH0266,Miley Cyrus,Party In The U.S.A.,1,historical_test
CH0267,Britney Spears,3,1,development
CH0268,Alicia Keys,Un-Thinkable (I'm Ready),1,historical_test
CH0269,Usher,There Goes My Baby,1,development
CH0270,Taylor Swift,Today Was A Fairytale,1,development
CH0271,Beyonce,Sweet Dreams,1,development
CH0272,Carrie Underwood,Undo It,1,historical_test
CH0273,Daughtry,Life After You,1,development
CH0274,Alicia Keys,Try Sleeping With A Broken Heart,1,historical_test
CH0275,Lady Gaga,Poker Face,1,historical_test
CH0276,Taylor Swift,Love Story,1,development
CH0277,Beyonce,Single Ladies (Put A Ring On It),1,development
CH0278,The Fray,You Found Me,1,historical_test
CH0279,Miley Cyrus,The Climb,1,historical_test
CH0280,Drake,Best I Ever Had,1,development
CH0281,Beyonce,Halo,1,development
CH0282,Katy Perry,Hot N Cold,1,development
CH0283,Britney Spears,Circus,1,development
CH0284,Lady Gaga,LoveGame,1,historical_test
CH0285,Katy Perry,Waking Up In Vegas,1,development
CH0286,P!nk,Sober,1,development
CH0287,Britney Spears,Womanizer,1,development
CH0288,Ne-Yo,Mad,1,development
CH0289,Kanye West,Love Lockdown,1,historical_test
CH0290,P!nk,So What,1,development
CH0291,Beyonce,If I Were A Boy,1,development
CH0292,Nickelback,Gotta Be Somebody,1,development
CH0293,P!nk,Please Don't Leave Me,1,development
CH0294,Coldplay,Viva La Vida,1,development
CH0295,Akon,Right Now (Na Na Na),1,development
CH0296,Ne-Yo,Miss Independent,1,development
CH0297,Daughtry,No Surprise,1,development
CH0298,Nickelback,If Today Was Your Last Day,1,development
CH0299,Britney Spears,If U Seek Amy,1,development
CH0300,Taylor Swift,White Horse,1,development
CH0301,Rihanna,Disturbia,1,development
CH0302,Beyonce,Diva,1,development
CH0303,Justin Bieber,One Time,1,development
CH0304,The Fray,Never Say Never,1,historical_test
CH0305,Leona Lewis,Bleeding Love,1,development
CH0306,Alicia Keys,No One,1,historical_test
CH0307,Chris Brown,With You,1,development
CH0308,Chris Brown,Forever,1,development
CH0309,Rihanna,Take A Bow,1,development
CH0310,Katy Perry,I Kissed A Girl,1,development
CH0311,Rihanna,Don't Stop The Music,1,development
CH0312,Ne-Yo,Closer,1,development
CH0313,Fergie,Clumsy,1,development
CH0314,Miley Cyrus,See You Again,1,historical_test
CH0315,Taylor Swift,Our Song,1,development
CH0316,Lil Wayne,A Milli,1,development
CH0317,Alicia Keys,Like You'll Never See Me Again,1,historical_test
CH0318,Taylor Swift,Teardrops On My Guitar,1,development
CH0319,Leona Lewis,Better In Time,1,development
CH0320,Jonas Brothers,Burnin' Up,1,development
CH0321,Fergie,Big Girls Don't Cry,1,development
CH0322,Britney Spears,Piece Of Me,1,development
CH0323,Miley Cyrus,7 Things,1,historical_test
CH0324,Daughtry,Feels Like Tonight,1,development
CH0325,Beyonce,Irreplaceable,1,development
CH0326,Carrie Underwood,Before He Cheats,1,historical_test
CH0327,Akon,Don't Matter,1,development
CH0328,Avril Lavigne,Girlfriend,1,development
CH0329,Maroon 5,Makes Me Wonder,1,development
CH0330,Daughtry,It's Not Over,1,development
CH0331,Fergie,Fergalicious,1,development
CH0332,Justin Timberlake,What Goes Around...Comes Around,1,development
CH0333,The Fray,How To Save A Life,1,historical_test
CH0334,Daughtry,Home,1,development
CH0335,Kanye West,Stronger,1,historical_test
CH0336,P!nk,U + Ur Hand,1,development
CH0337,Nickelback,Rockstar,1,development
CH0338,Justin Timberlake,Summer Love,1,development
CH0339,Nickelback,If Everyone Cared,1,development
CH0340,Ne-Yo,Because Of You,1,development
CH0341,Justin Timberlake,SexyBack,1,development
CH0342,Avril Lavigne,Keep Holding On,1,development
CH0343,P!nk,Who Knew,1,development
CH0344,Gwen Stefani,Wind It Up,1,development
CH0345,Rihanna,Shut Up And Drive,1,development
CH0346,Nickelback,Far Away,1,development
CH0347,Justin Timberlake,LoveStoned,1,development
CH0348,Sean Paul,Temperature,1,development
CH0349,The Fray,Over My Head (Cable Car),1,historical_test
CH0350,Chris Brown,Run It!,1,development
CH0351,Ne-Yo,So Sick,1,development
CH0352,Rihanna,SOS,1,development
CH0353,Fergie,London Bridge,1,development
CH0354,Rascal Flatts,What Hurts The Most,1,development
CH0355,Rihanna,Unfaithful,1,development
CH0356,Chris Brown,Yo (Excuse Me Miss),1,development
CH0357,T.I.,What You Know,1,development
CH0358,Nickelback,Savin' Me,1,development
CH0359,Ne-Yo,Sexy Love,1,development
CH0360,Rascal Flatts,Life Is A Highway,1,development
CH0361,Carrie Underwood,"Jesus, Take The Wheel",1,historical_test
CH0362,Sean Paul,We Be Burnin',1,development
CH0363,Chris Brown,Say Goodbye,1,development
CH0364,Eminem,When I'm Gone,1,historical_test
CH0365,Ne-Yo,When You're Mad,1,development
CH0366,P!nk,Stupid Girls,1,development
CH0367,Adele,Easy On Me,0,development
CH0368,Taylor Swift,All Too Well (Taylor's Version),0,development
CH0369,Adele,Oh My God,0,development
CH0370,Ed Sheeran,Shivers,0,development
CH0371,Adele,I Drink Wine,0,development
CH0372,Adele,My Little Love,0,development
CH0373,Adele,Can I Get It,0,development
CH0374,Adele,To Be Loved,0,development
CH0375,Justin Bieber,Ghost,0,development
CH0376,Adele,Strangers By Nature,0,development
CH0377,Lil Nas X,Thats What I Want,0,historical_test
CH0378,Adele,Cry Your Heart Out,0,development
CH0379,Luke Combs,Cold As You,0,development
CH0380,Adele,Hold On,0,development
CH0381,Adele,Woman Like Me,0,development
CH0382,Adele,Love Is A Game,0,development
CH0383,Juice WRLD,Already Dead,0,development
CH0384,Morgan Wallen,Sand In My Boots,0,historical_test
CH0385,Taylor Swift,Message In A Bottle (Taylor's Version) (From The Vault),0,development
CH0386,Doja Cat,Woman,0,development
CH0387,Luke Combs,Doin' This,0,development
CH0388,Taylor Swift,State Of Grace (Taylor's Version),0,development
CH0389,Travis Scott,Escape Plan,0,development
CH0390,Jonas Brothers,Who's In Your Head,0,development
CH0391,BTS,Permission To Dance,0,development
CH0392,Post Malone,Motley Crew,0,development
CH0393,Doja Cat,Ain't Shit,0,development
CH0394,Camila Cabello,Don't Go Yet,0,development
CH0395,DaBaby,Ball If I Want To,0,development
CH0396,Olivia Rodrigo,Favorite Crime,0,development
CH0397,Olivia Rodrigo,Happier,0,development
CH0398,DaBaby,Red Light Green Light,0,development
CH0399,Billie Eilish,NDA,0,historical_test
CH0400,Olivia Rodrigo,Brutal,0,development
CH0401,Justin Bieber,Off My Face,0,development
CH0402,DaBaby,Masterpiece,0,development
CH0403,Justin Bieber,Deserve You,0,development
CH0404,Morgan Wallen,Wasted On You,0,historical_test
CH0405,Justin Bieber,Somebody,0,development
CH0406,Ariana Grande,Santa Tell Me,0,historical_test
CH0407,Lil Nas X,Holiday,0,historical_test
CH0408,Ed Sheeran,Afterglow,0,development
CH0409,Eminem,Gnat,0,historical_test
CH0410,Justin Bieber,Rockin' Around The Christmas Tree,0,development
CH0411,Carrie Underwood,Favorite Time Of Year,0,historical_test
CH0412,Taylor Swift,Champagne Problems,0,development
CH0413,Morgan Wallen,7 Summers,0,historical_test
CH0414,Taylor Swift,'Tis The Damn Season,0,development
CH0415,Harry Styles,Golden,0,historical_test
CH0416,BTS,Life Goes On,0,development
CH0417,BTS,Blue & Grey,0,development
CH0418,BTS,Stay,0,development
CH0419,Morgan Wallen,Somebody's Problem,0,historical_test
CH0420,Morgan Wallen,Still Goin Down,0,historical_test
CH0421,Shawn Mendes,Wonder,0,historical_test
CH0422,BTS,Fly To My Room,0,development
CH0423,BTS,Telepathy,0,development
CH0424,BTS,Dis-ease,0,development
CH0425,Miley Cyrus,Midnight Sky,0,historical_test
CH0426,Morgan Wallen,Livin' The Dream,0,historical_test
CH0427,Morgan Wallen,Cover Me Up,0,historical_test
CH0428,Juice WRLD,Conversations,0,development
CH0429,Juice WRLD,Blood On My Jeans,0,development
CH0430,Juice WRLD,Righteous,0,development
CH0431,Pop Smoke,Got It On Me,0,historical_test
CH0432,Juice WRLD,Titanic,0,development
CH0433,Juice WRLD,Stay High,0,development
CH0434,Juice WRLD,Bad Energy,0,development
CH0435,Pop Smoke,Something Special,0,historical_test
CH0436,Juice WRLD,Up Up And Away,0,development
CH0437,Juice WRLD,Fighting Demons,0,development
CH0438,Juice WRLD,Man Of The Year,0,development
CH0439,Juice WRLD,Can't Die,0,development
CH0440,Juice WRLD,Screw Juice,0,development
CH0441,The Weeknd,In Your Eyes,0,development
CH0442,The Weeknd,Alone Again,0,development
CH0443,The Weeknd,After Hours,0,development
CH0444,The Weeknd,Scared To Live,0,development
CH0445,The Weeknd,Hardest To Love,0,development
CH0446,Lady Gaga,Stupid Love,0,historical_test
CH0447,The Weeknd,Too Late,0,development
CH0448,The Weeknd,Snowchild,0,development
CH0449,The Weeknd,Escape From LA,0,development
CH0450,The Weeknd,Faith,0,development
CH0451,The Weeknd,Repeat After Me (Interlude),0,development
CH0452,Jonas Brothers,What A Man Gotta Do,0,development
CH0453,Sam Smith,To Die For,0,historical_test
CH0454,Jonas Brothers,Like It's Christmas,0,development
CH0455,Taylor Swift,Lover,0,development
CH0456,Halsey,Graveyard,0,development
CH0457,DaBaby,VIBEZ,0,development
CH0458,Juice WRLD,Let Me Know (I Wonder Why Freestyle),0,development
CH0459,Doja Cat,Candy,0,development
CH0460,Billie Eilish,All The Good Girls Go To Hell,0,historical_test
CH0461,Kanye West,Follow God,0,historical_test
CH0462,Katy Perry,Never Really Over,0,development
CH0463,Taylor Swift,The Archer,0,development
CH0464,Halsey,Nightmare,0,development
CH0465,Jonas Brothers,Cool,0,development
CH0466,Beyonce,Before I Let Go,0,development
CH0467,Carrie Underwood,Southbound,0,historical_test
CH0468,Nicki Minaj,MEGATRON,0,development
CH0469,Imagine Dragons,Bad Liar,0,development
CH0470,Lil Baby,Pure Cocaine,0,development
CH0471,Billie Eilish,Wish You Were Gay,0,historical_test
CH0472,Juice WRLD,Hear Me Calling,0,development
CH0473,Chris Brown,Undecided,0,development
CH0474,Juice WRLD,Empty,0,development
CH0475,Carrie Underwood,Love Wins,0,historical_test
CH0476,Katy Perry,Cozy Little Christmas,0,development
CH0477,Luke Combs,She Got The Best Of Me,0,development
CH0478,Lil Wayne,Uproar,0,development
CH0479,XXXTENTACION,BAD!,0,development
CH0480,Ariana Grande,Imagine,0,historical_test
CH0481,Camila Cabello,Consequences,0,development
CH0482,Juice WRLD,Armed And Dangerous,0,development
CH0483,Billie Eilish,Ocean Eyes,0,historical_test
CH0484,Drake,Mob Ties,0,development
CH0485,Juice WRLD,All Girls Are The Same,0,development
CH0486,Carrie Underwood,Cry Pretty,0,historical_test
CH0487,twenty one pilots,Jumpsuit,0,development
CH0488,Kanye West,All Mine,0,historical_test
CH0489,Billie Eilish,You Should See Me In A Crown,0,historical_test
CH0490,Drake,Emotionless,0,development
CH0491,Drake,Can't Take A Joke,0,development
CH0492,Meghan Trainor,No Excuses,0,development
CH0493,P!nk,Beautiful Trauma,0,development
CH0494,Chris Brown,Tempo,0,development
CH0495,XXXTENTACION,The Remedy For A Broken Heart (Why Am I So In Love),0,development
CH0496,Post Malone,Candy Paint,0,development
CH0497,Taylor Swift,...Ready For It?,0,development
CH0498,Lil Baby,My Dawg,0,development
CH0499,Eminem,Believe,0,historical_test
CH0500,Luke Combs,When It Rains It Pours,0,development
CH0501,Taylor Swift,Call It What You Want,0,development
CH0502,XXXTENTACION,Jocelyn Flores,0,development
CH0503,Taylor Swift,Gorgeous,0,development
CH0504,Chris Brown,Questions,0,development
CH0505,Post Malone,Go Flex,0,development
CH0506,Bruno Mars,Versace On The Floor,0,development
CH0507,Travis Scott,Butterfly Effect,0,development
CH0508,Rascal Flatts,Yours If You Want It,0,development
CH0509,Camila Cabello,Crying In The Club,0,development
CH0510,Chris Brown,Privacy,0,development
CH0511,Lady Gaga,The Cure,0,historical_test
CH0512,Drake,Signs,0,development
CH0513,The Weeknd,Reminder,0,development
CH0514,Kendrick Lamar,Element.,0,development
CH0515,Lady Gaga,Million Reasons,0,historical_test
CH0516,Nicki Minaj,Regret In Your Tears,0,development
CH0517,Ed Sheeran,Galway Girl,0,development
CH0518,Future,Draco,0,development
CH0519,The Weeknd,Party Monster,0,development
CH0520,Ed Sheeran,Dive,0,development
CH0521,Carrie Underwood,Dirty Laundry,0,historical_test
CH0522,The Weeknd,Six Feet Under,0,development
CH0523,Kanye West,Fade,0,historical_test
CH0524,Rihanna,Sex With Me,0,development
CH0525,Katy Perry,Rise,0,development
CH0526,Carrie Underwood,Church Bells,0,historical_test
CH0527,Fetty Wap,Wake Up,0,historical_test
CH0528,Kanye West,Famous,0,historical_test
CH0529,Fergie,M.I.L.F. $,0,development
CH0530,Drake,Childs Play,0,development
CH0531,Drake,Summer Sixteen,0,development
CH0532,Carrie Underwood,Heartbeat,0,historical_test
CH0533,Rascal Flatts,I Like The Sound Of That,0,development
CH0534,Taylor Swift,New Romantics,0,development
CH0535,The Weeknd,Acquainted,0,development
CH0536,Justin Bieber,Company,0,development
CH0537,Fetty Wap,Jimmy Choo,0,historical_test
CH0538,Gwen Stefani,Make Me Like You,0,development
CH0539,Ariana Grande,Focus,0,historical_test
CH0540,Fetty Wap,Again,0,historical_test
CH0541,Justin Bieber,I'll Show You,0,development
CH0542,Gwen Stefani,Used To Love You,0,development
CH0543,Halsey,New Americana,0,development
CH0544,Drake,Right Hand,0,development
CH0545,Carrie Underwood,Smoke Break,0,historical_test
CH0546,Justin Bieber,Purpose,0,development
CH0547,Justin Bieber,Mark My Words,0,development
CH0548,Justin Bieber,Life Is Worth Living,0,development
CH0549,Justin Bieber,Children,0,development
CH0550,Chris Brown,Liquor,0,development
CH0551,Justin Bieber,Been You,0,development
CH0552,One Direction,If I Could Fly,0,development
CH0553,One Direction,Olivia,0,development
CH0554,Justin Bieber,Get Used To It,0,development
CH0555,One Direction,A.M.,0,development
CH0556,Fetty Wap,RGF Island,0,historical_test
CH0557,One Direction,Temporary Fix,0,development
CH0558,Justin Bieber,Trust,0,development
CH0559,One Direction,Never Enough,0,development
CH0560,Maroon 5,This Summer's Gonna Hurt...,0,development
CH0561,Nicki Minaj,The Night Is Still Young,0,development
CH0562,Future,Commas,0,development
CH0563,Carrie Underwood,Little Toy Guns,0,historical_test
CH0564,Kendrick Lamar,Alright,0,development
CH0565,twenty one pilots,Tear In My Heart,0,development
CH0566,Drake,Energy,0,development
CH0567,Imagine Dragons,I Bet My Life,0,development
CH0568,Drake,Know Yourself,0,development
CH0569,Kendrick Lamar,King Kunta,0,development
CH0570,Drake,Legend,0,development
CH0571,Kendrick Lamar,The Blacker The Berry,0,development
CH0572,Drake,10 Bands,0,development
CH0573,twenty one pilots,Fairly Local,0,development
CH0574,Carrie Underwood,Something In The Water,0,historical_test
CH0575,Fergie,L.A.LOVE (la la),0,development
CH0576,One Direction,Steal My Girl,0,development
CH0577,The Weeknd,Often,0,development
CH0578,Kendrick Lamar,i,0,development
CH0579,Gwen Stefani,Baby Don't Lie,0,development
CH0580,Katy Perry,This Is How We Do,0,development
CH0581,One Direction,Stockholm Syndrome,0,development
CH0582,Nicki Minaj,Pills N Potions,0,development
CH0583,Pharrell Williams,Come Get It Bae,0,development
CH0584,Usher,Good Kisser,0,development
CH0585,Bruno Mars,Young Girls,0,development
CH0586,Rascal Flatts,Rewind,0,development
CH0587,Coldplay,Magic,0,development
CH0588,Imagine Dragons,On Top Of The World,0,development
CH0589,Katy Perry,Unconditionally,0,development
CH0590,Beyonce,XO,0,development
CH0591,Drake,The Language,0,development
CH0592,Justin Timberlake,TKO,0,development
CH0593,Justin Bieber,All That Matters,0,development
CH0594,Kanye West,Bound 2,0,historical_test
CH0595,Future,Honest,0,development
CH0596,Britney Spears,Perfume,0,development
CH0597,Drake,Worst Behavior,0,development
CH0598,Daughtry,Waiting For Superman,0,development
CH0599,Eminem,Survival,0,historical_test
CH0600,One Direction,Diana,0,development
CH0601,One Direction,Midnight Memories,0,development
CH0602,Rihanna,What Now,0,development
CH0603,Bruno Mars,Gorilla,0,development
CH0604,One Direction,Strong,0,development
CH0605,Britney Spears,Work B**ch!,0,development
CH0606,Ariana Grande,Last Christmas,0,historical_test
CH0607,Justin Timberlake,Take Back The Night,0,development
CH0608,Britney Spears,Ooh La La,0,development
CH0609,Avril Lavigne,Here's To Never Growing Up,0,development
CH0610,Chris Brown,Fine China,0,development
CH0611,Carrie Underwood,Two Black Cadillacs,0,historical_test
CH0612,One Direction,Kiss You,0,development
CH0613,Justin Timberlake,Pusher Love Girl,0,development
CH0614,Future,Neva End,0,development
CH0615,Ke$ha,C'mon,0,development
CH0616,Kendrick Lamar,"Bitch, Don't Kill My Vibe",0,development
CH0617,Rascal Flatts,Changed,0,development
CH0618,Nicki Minaj,Va Va Voom,0,development
CH0619,One Direction,Little Things,0,development
CH0620,The Weeknd,Wicked Games,0,development
CH0621,Chris Brown,Don't Judge Me,0,development
CH0622,Adele,Skyfall,0,development
CH0623,One Direction,Live While We're Young,0,development
CH0624,Taylor Swift,Begin Again,0,development
CH0625,Future,Turn On The Lights,0,development
CH0626,Rascal Flatts,Come Wake Me Up,0,development
CH0627,Beyonce,Dance For You,0,development
CH0628,One Direction,One Thing,0,development
CH0629,Taylor Swift,Eyes Open,0,development
CH0630,Taylor Swift,Ours,0,development
CH0631,Rascal Flatts,Banjo,0,development
CH0632,LMFAO,Sorry For Party Rocking,0,historical_test
CH0633,Justin Bieber,Mistletoe,0,development
CH0634,Lady Gaga,Marry The Night,0,historical_test
CH0635,Nickelback,When We Stand Together,0,development
CH0636,Avril Lavigne,Wish You Were Here,0,development
CH0637,Lil Wayne,Blunt Blowin,0,development
CH0638,Beyonce,Countdown,0,development
CH0639,Nicki Minaj,Stupid Hoe,0,development
CH0640,Taylor Swift,If This Was A Movie,0,development
CH0641,Taylor Swift,Sparks Fly,0,development
CH0642,Drake,Hate Sleeping Alone,0,development
CH0643,Britney Spears,Criminal,0,development
CH0644,Drake,Shot For Me,0,development
CH0645,Rihanna,California King Bed,0,development
CH0646,Taylor Swift,Mean,0,development
CH0647,Rihanna,Man Down,0,development
CH0648,Maroon 5,Never Gonna Leave This Bed,0,development
CH0649,Drake,Marvins Room,0,development
CH0650,Avril Lavigne,Smile,0,development
CH0651,Taylor Swift,The Story Of Us,0,development
CH0652,Rascal Flatts,I Won't Let Go,0,development
CH0653,Nicki Minaj,Did It On'em,0,development
CH0654,Chris Brown,No BS,0,development
CH0655,Nicki Minaj,Right Thru Me,0,development
CH0656,Carrie Underwood,Mama's Song,0,historical_test
CH0657,Rascal Flatts,Why Wait,0,development
CH0658,Daughtry,September,0,development
CH0659,Akon,Angel,0,development
CH0660,Ne-Yo,One In A Million,0,development
CH0661,Ne-Yo,Beautiful Monster,0,development
CH0662,Nickelback,This Afternoon,0,development
CH0663,P!nk,Glitter In The Air,0,development
CH0664,Ne-Yo,Champagne Life,0,development
CH0665,Miley Cyrus,Can't Be Tamed,0,historical_test
CH0666,Justin Bieber,U Smile,0,development
CH0667,Carrie Underwood,Temporary Home,0,historical_test
CH0668,Miley Cyrus,When I Look At You,0,historical_test
CH0669,Rascal Flatts,Unstoppable,0,development
CH0670,Taylor Swift,Fearless,0,development
CH0671,Avril Lavigne,Alice,0,development
CH0672,Taylor Swift,Fifteen,0,development
CH0673,Carrie Underwood,Cowboy Casanova,0,historical_test
CH0674,Rihanna,Russian Roulette,0,development
CH0675,Alicia Keys,Empire State Of Mind (Part II) Broken Down,0,historical_test
CH0676,Justin Bieber,One Less Lonely Girl,0,development
CH0677,Usher,Papers,0,development
CH0678,Nickelback,Never Gonna Be Alone,0,development
CH0679,Eminem,Elevator,0,historical_test
CH0680,Chris Brown,Crawl,0,development
CH0681,Lil Wayne,On Fire,0,development
CH0682,P!nk,Funhouse,0,development
CH0683,Justin Bieber,Down To Earth,0,development
CH0684,Alicia Keys,Doesn't Mean Anything,0,historical_test
CH0685,Justin Bieber,Bigger,0,development
CH0686,Rascal Flatts,Summer Nights,0,development
CH0687,Beyonce,Ego,0,development
CH0688,Sean Paul,So Fine,0,development
CH0689,LMFAO,I'm In Miami Trick,0,historical_test
CH0690,Daughtry,You Don't Belong,0,development
CH0691,Eminem,Beautiful,0,historical_test
CH0692,Rascal Flatts,Here Comes Goodbye,0,development
CH0693,Lil Wayne,Hot Revolver,0,development
CH0694,Katy Perry,Thinking Of You,0,development
CH0695,Carrie Underwood,Home Sweet Home,0,historical_test
CH0696,Miley Cyrus,Hoedown Throwdown,0,historical_test
CH0697,Taylor Swift,You're Not Sorry,0,development
CH0698,Rihanna,Rehab,0,development
CH0699,Usher,Trading Places,0,development
CH0700,Rascal Flatts,Here,0,development
CH0701,Carrie Underwood,Just A Dream,0,historical_test
CH0702,Leona Lewis,Run,0,development
CH0703,Daughtry,What About Now,0,development
CH0704,Nickelback,I'd Come For You,0,development
CH0705,Jonas Brothers,Lovebug,0,development
CH0706,Jonas Brothers,Pushin' Me Away,0,development
CH0707,Taylor Swift,Should've Said No,0,development
CH0708,Chris Brown,Take You Down,0,development
CH0709,Alicia Keys,Teenage Love Affair,0,historical_test
CH0710,Carrie Underwood,Last Name,0,historical_test
CH0711,Usher,Moving Mountains,0,development
CH0712,Jonas Brothers,Play My Music,0,development
CH0713,Jonas Brothers,When You Look Me In The Eyes,0,development
CH0714,Carrie Underwood,All-American Girl,0,historical_test
CH0715,Taylor Swift,Picture To Burn,0,development
CH0716,Britney Spears,Break The Ice,0,development
CH0717,Maroon 5,Won't Go Home Without You,0,development
CH0718,Ne-Yo,Go On Girl,0,development
CH0719,Daughtry,Over You,0,development
CH0720,Maroon 5,Wake Up Call,0,development
CH0721,Chris Brown,This Christmas,0,development
CH0722,Britney Spears,Gimme More,0,development
CH0723,Carrie Underwood,So Small,0,historical_test
CH0724,Rascal Flatts,Winner At A Losing Game,0,development
CH0725,Mary J. Blige,Work That,0,historical_test
CH0726,Jonas Brothers,S.O.S.,0,development
CH0727,Carrie Underwood,Do You Hear What I Hear,0,historical_test
CH0728,Rascal Flatts,Take Me There,0,development
CH0729,Akon,"Sorry, Blame It On Me",0,development
CH0730,Ne-Yo,Do You,0,development
CH0731,Avril Lavigne,When You're Gone,0,development
CH0732,Gwen Stefani,4 In The Morning,0,development
CH0733,Beyonce,Get Me Bodied,0,development
CH0734,Kanye West,Can't Tell Me Nothing,0,historical_test
CH0735,Carrie Underwood,Wasted,0,historical_test
CH0736,The Fray,Look After You,0,historical_test
CH0737,Rascal Flatts,Stand,0,development
CH0738,Jonas Brothers,Year 3000,0,development
CH0739,Rascal Flatts,My Wish,0,development
CH0740,Taylor Swift,Tim McGraw,0,development
CH0741,The Fray,Happy Xmas (War Is Over),0,historical_test
CH0742,Mary J. Blige,Take Me As I Am,0,historical_test
CH0743,Beyonce,Listen,0,development
CH0744,Beyonce,Ring The Alarm,0,development
CH0745,Rascal Flatts,Me And My Gang,0,development
CH0746,Carrie Underwood,Don't Forget To Remember Me,0,historical_test
CH0747,Gwen Stefani,Crash,0,development
CH0748,Gwen Stefani,Luxurious,0,development
CH0749,Rihanna,If It's Lovin' That You Want,0,development
CH0750,Alicia Keys,Unbreakable,0,historical_test
CH0751,Rascal Flatts,Skin (Sarabeth),0,development
