track_id,artist_group,label,prediction,score,score_kind,fold,candidate_id,family
CH0008,ed sheeran,1,0,-0.013734806058152796,decision_margin,0,v4_lr_std74_standard_0.03,logistic
CH0015,doja cat,1,1,0.18304422928452402,decision_margin,0,v4_lr_std74_standard_0.03,logistic
CH0018,doja cat,1,0,-1.542805213719484,decision_margin,0,v4_lr_std74_standard_0.03,logistic
CH0026,maroon 5,1,1,0.5288824479572697,decision_margin,0,v4_lr_std74_standard_0.03,logistic
CH0027,doja cat,1,0,-0.5840896944540661,decision_margin,0,v4_lr_std74_standard_0.03,logistic
CH0072,ed sheeran,1,0,-0.21615700629186324,decision_margin,0,v4_lr_std74_standard_0.03,logistic
CH0076,camila cabello,1,0,-0.1749811300074609,decision_margin,0,v4_lr_std74_standard_0.03,logistic
CH0087,maroon 5,1,0,-0.5531262103821897,decision_margin,0,v4_lr_std74_standard_0.03,logistic
CH0091,ed sheeran,1,1,0.4045445259501792,decision_margin,0,v4_lr_std74_standard_0.03,logistic
CH0106,ed sheeran,1,1,0.12136054326809258,decision_margin,0,v4_lr_std74_standard_0.03,logistic
CH0121,twenty one pilots,1,1,0.028016571842631406,decision_margin,0,v4_lr_std74_standard_0.03,logistic
CH0124,twenty one pilots,1,1,0.10132918471340192,decision_margin,0,v4_lr_std74_standard_0.03,logistic
CH0139,coldplay,1,0,-0.06505388235476628,decision_margin,0,v4_lr_std74_standard_0.03,logistic
CH0144,coldplay,1,1,0.5391790070599284,decision_margin,0,v4_lr_std74_standard_0.03,logistic
CH0146,ed sheeran,1,0,-0.2762400264021588,decision_margin,0,v4_lr_std74_standard_0.03,logistic
CH0148,maroon 5,1,1,0.5472124384097994,decision_margin,0,v4_lr_std74_standard_0.03,logistic
CH0156,ed sheeran,1,1,0.18228225372139184,decision_margin,0,v4_lr_std74_standard_0.03,logistic
CH0157,maroon 5,1,1,0.19379212518234157,decision_margin,0,v4_lr_std74_standard_0.03,logistic
CH0164,ed sheeran,1,0,-0.5034277379957178,decision_margin,0,v4_lr_std74_standard_0.03,logistic
CH0170,maroon 5,1,0,-0.3812328082551963,decision_margin,0,v4_lr_std74_standard_0.03,logistic
CH0175,coldplay,1,1,0.1287840208364136,decision_margin,0,v4_lr_std74_standard_0.03,logistic
CH0187,maroon 5,1,0,-1.2102068557427863,decision_margin,0,v4_lr_std74_standard_0.03,logistic
CH0189,maroon 5,1,1,0.504939733696379,decision_margin,0,v4_lr_std74_standard_0.03,logistic
CH0191,maroon 5,1,1,0.6516792056204928,decision_margin,0,v4_lr_std74_standard_0.03,logistic
CH0193,ke$ha,1,0,-0.48643967208230726,decision_margin,0,v4_lr_std74_standard_0.03,logistic
CH0198,ed sheeran,1,0,-0.8422287825522845,decision_margin,0,v4_lr_std74_standard_0.03,logistic
CH0200,ne-yo,1,1,0.6253535272256647,decision_margin,0,v4_lr_std74_standard_0.03,logistic
CH0216,coldplay,1,0,-0.2507647371124787,decision_margin,0,v4_lr_std74_standard_0.03,logistic
CH0234,britney spears,1,0,-0.1830138066771041,decision_margin,0,v4_lr_std74_standard_0.03,logistic
CH0236,ke$ha,1,1,0.7888755567080536,decision_margin,0,v4_lr_std74_standard_0.03,logistic
CH0237,ke$ha,1,1,1.5546136447783254,decision_margin,0,v4_lr_std74_standard_0.03,logistic
CH0239,britney spears,1,1,0.7819602775786707,decision_margin,0,v4_lr_std74_standard_0.03,logistic
CH0242,britney spears,1,1,0.4621244010993258,decision_margin,0,v4_lr_std74_standard_0.03,logistic
CH0244,avril lavigne,1,1,0.882693866770359,decision_margin,0,v4_lr_std74_standard_0.03,logistic
CH0252,ke$ha,1,1,0.2934584554346711,decision_margin,0,v4_lr_std74_standard_0.03,logistic
CH0256,ke$ha,1,1,0.6459690284968937,decision_margin,0,v4_lr_std74_standard_0.03,logistic
CH0261,ke$ha,1,1,0.49337203162883736,decision_margin,0,v4_lr_std74_standard_0.03,logistic
CH0263,maroon 5,1,1,0.2294193397361232,decision_margin,0,v4_lr_std74_standard_0.03,logistic
CH0267,britney spears,1,1,0.8588690878098614,decision_margin,0,v4_lr_std74_standard_0.03,logistic
CH0283,britney spears,1,0,-0.045518747766581234,decision_margin,0,v4_lr_std74_standard_0.03,logistic
CH0287,britney spears,1,1,0.7575798361528863,decision_margin,0,v4_lr_std74_standard_0.03,logistic
CH0288,ne-yo,1,0,-0.4702066632443267,decision_margin,0,v4_lr_std74_standard_0.03,logistic
CH0294,coldplay,1,1,0.4424375453420316,decision_margin,0,v4_lr_std74_standard_0.03,logistic
CH0296,ne-yo,1,1,0.14253238984163383,decision_margin,0,v4_lr_std74_standard_0.03,logistic
CH0299,britney spears,1,1,0.2093259921125606,decision_margin,0,v4_lr_std74_standard_0.03,logistic
CH0312,ne-yo,1,1,0.6771514407020784,decision_margin,0,v4_lr_std74_standard_0.03,logistic
CH0322,britney spears,1,1,0.22783629533387004,decision_margin,0,v4_lr_std74_standard_0.03,logistic
CH0328,avril lavigne,1,1,0.7914946891790086,decision_margin,0,v4_lr_std74_standard_0.03,logistic
CH0329,maroon 5,1,1,0.1007721323986135,decision_margin,0,v4_lr_std74_standard_0.03,logistic
CH0340,ne-yo,1,1,0.9457443570732955,decision_margin,0,v4_lr_std74_standard_0.03,logistic
CH0342,avril lavigne,1,0,-0.9551375940410518,decision_margin,0,v4_lr_std74_standard_0.03,logistic
CH0344,gwen stefani,1,1,0.7820023413199255,decision_margin,0,v4_lr_std74_standard_0.03,logistic
CH0351,ne-yo,1,0,-0.3117020753494014,decision_margin,0,v4_lr_std74_standard_0.03,logistic
CH0354,rascal flatts,1,1,6.236665794676945e-05,decision_margin,0,v4_lr_std74_standard_0.03,logistic
CH0359,ne-yo,1,1,0.9235950143343046,decision_margin,0,v4_lr_std74_standard_0.03,logistic
CH0360,rascal flatts,1,1,0.44327151043146723,decision_margin,0,v4_lr_std74_standard_0.03,logistic
CH0365,ne-yo,1,1,0.6250867283570152,decision_margin,0,v4_lr_std74_standard_0.03,logistic
CH0370,ed sheeran,0,0,-0.5995824854797487,decision_margin,0,v4_lr_std74_standard_0.03,logistic
CH0386,doja cat,0,0,-0.07796533102598356,decision_margin,0,v4_lr_std74_standard_0.03,logistic
CH0393,doja cat,0,0,-0.3115108834780347,decision_margin,0,v4_lr_std74_standard_0.03,logistic
CH0394,camila cabello,0,0,-0.11670533837175938,decision_margin,0,v4_lr_std74_standard_0.03,logistic
CH0408,ed sheeran,0,0,-0.03926338116304227,decision_margin,0,v4_lr_std74_standard_0.03,logistic
CH0459,doja cat,0,0,-0.029748470356343308,decision_margin,0,v4_lr_std74_standard_0.03,logistic
CH0481,camila cabello,0,0,-0.4819296612695353,decision_margin,0,v4_lr_std74_standard_0.03,logistic
CH0487,twenty one pilots,0,0,-0.2473852080855623,decision_margin,0,v4_lr_std74_standard_0.03,logistic
CH0508,rascal flatts,0,1,0.39539525210637366,decision_margin,0,v4_lr_std74_standard_0.03,logistic
CH0509,camila cabello,0,1,0.052439721841128654,decision_margin,0,v4_lr_std74_standard_0.03,logistic
CH0517,ed sheeran,0,1,0.5056979867584113,decision_margin,0,v4_lr_std74_standard_0.03,logistic
CH0520,ed sheeran,0,0,-0.8469506702619635,decision_margin,0,v4_lr_std74_standard_0.03,logistic
CH0533,rascal flatts,0,0,-0.5294088849547838,decision_margin,0,v4_lr_std74_standard_0.03,logistic
CH0538,gwen stefani,0,1,0.21830092193270656,decision_margin,0,v4_lr_std74_standard_0.03,logistic
CH0542,gwen stefani,0,0,-0.3083530318537835,decision_margin,0,v4_lr_std74_standard_0.03,logistic
CH0560,maroon 5,0,0,-0.7036089800997791,decision_margin,0,v4_lr_std74_standard_0.03,logistic
CH0565,twenty one pilots,0,0,-1.5007106301741089,decision_margin,0,v4_lr_std74_standard_0.03,logistic
CH0573,twenty one pilots,0,1,0.2600033227447964,decision_margin,0,v4_lr_std74_standard_0.03,logistic
CH0579,gwen stefani,0,1,1.616241246688877,decision_margin,0,v4_lr_std74_standard_0.03,logistic
CH0586,rascal flatts,0,1,0.6998044892799591,decision_margin,0,v4_lr_std74_standard_0.03,logistic
CH0587,coldplay,0,1,0.2824508561615553,decision_margin,0,v4_lr_std74_standard_0.03,logistic
CH0596,britney spears,0,0,-0.11200922298395942,decision_margin,0,v4_lr_std74_standard_0.03,logistic
CH0605,britney spears,0,1,0.16406439144241186,decision_margin,0,v4_lr_std74_standard_0.03,logistic
CH0608,britney spears,0,1,0.34684024394156043,decision_margin,0,v4_lr_std74_standard_0.03,logistic
CH0609,avril lavigne,0,1,0.1874915347856032,decision_margin,0,v4_lr_std74_standard_0.03,logistic
CH0615,ke$ha,0,0,-0.12956094144906538,decision_margin,0,v4_lr_std74_standard_0.03,logistic
CH0617,rascal flatts,0,1,0.040301676533478166,decision_margin,0,v4_lr_std74_standard_0.03,logistic
CH0626,rascal flatts,0,1,0.015931325052421404,decision_margin,0,v4_lr_std74_standard_0.03,logistic
CH0631,rascal flatts,0,1,0.4561172380553002,decision_margin,0,v4_lr_std74_standard_0.03,logistic
CH0636,avril lavigne,0,0,-0.4216321014574793,decision_margin,0,v4_lr_std74_standard_0.03,logistic
CH0643,britney spears,0,0,-0.012298774776963164,decision_margin,0,v4_lr_std74_standard_0.03,logistic
CH0648,maroon 5,0,1,0.8284446146189088,decision_margin,0,v4_lr_std74_standard_0.03,logistic
CH0650,avril lavigne,0,1,0.8238780250569271,decision_margin,0,v4_lr_std74_standard_0.03,logistic
CH0652,rascal flatts,0,0,-0.11095692425057911,decision_margin,0,v4_lr_std74_standard_0.03,logistic
CH0657,rascal flatts,0,1,0.22698966805473286,decision_margin,0,v4_lr_std74_standard_0.03,logistic
CH0660,ne-yo,0,1,0.09593213111725486,decision_margin,0,v4_lr_std74_standard_0.03,logistic
CH0661,ne-yo,0,1,0.10296398691571586,decision_margin,0,v4_lr_std74_standard_0.03,logistic
CH0664,ne-yo,0,1,0.022487480712064807,decision_margin,0,v4_lr_std74_standard_0.03,logistic
CH0669,rascal flatts,0,1,0.40649336243929957,decision_margin,0,v4_lr_std74_standard_0.03,logistic
CH0671,avril lavigne,0,0,-0.569781921948871,decision_margin,0,v4_lr_std74_standard_0.03,logistic
CH0686,rascal flatts,0,0,-0.2895889807761921,decision_margin,0,v4_lr_std74_standard_0.03,logistic
CH0692,rascal flatts,0,0,-0.48564245946813334,decision_margin,0,v4_lr_std74_standard_0.03,logistic
CH0700,rascal flatts,0,1,0.7301207901386796,decision_margin,0,v4_lr_std74_standard_0.03,logistic
CH0716,britney spears,0,1,0.15162289231385373,decision_margin,0,v4_lr_std74_standard_0.03,logistic
CH0717,maroon 5,0,0,-0.04190032618429256,decision_margin,0,v4_lr_std74_standard_0.03,logistic
CH0718,ne-yo,0,1,0.08429706177009157,decision_margin,0,v4_lr_std74_standard_0.03,logistic
CH0720,maroon 5,0,0,-0.3281792668680446,decision_margin,0,v4_lr_std74_standard_0.03,logistic
CH0722,britney spears,0,1,0.10290892105203332,decision_margin,0,v4_lr_std74_standard_0.03,logistic
CH0724,rascal flatts,0,0,-0.007028556249544673,decision_margin,0,v4_lr_std74_standard_0.03,logistic
CH0728,rascal flatts,0,1,0.046935748289834246,decision_margin,0,v4_lr_std74_standard_0.03,logistic
CH0730,ne-yo,0,1,0.3708639615138006,decision_margin,0,v4_lr_std74_standard_0.03,logistic
CH0731,avril lavigne,0,0,-0.4562799362838276,decision_margin,0,v4_lr_std74_standard_0.03,logistic
CH0732,gwen stefani,0,1,0.2924692119984478,decision_margin,0,v4_lr_std74_standard_0.03,logistic
CH0737,rascal flatts,0,0,-0.25094995144542204,decision_margin,0,v4_lr_std74_standard_0.03,logistic
CH0739,rascal flatts,0,1,0.23178274776464727,decision_margin,0,v4_lr_std74_standard_0.03,logistic
CH0745,rascal flatts,0,0,-0.07529028669368686,decision_margin,0,v4_lr_std74_standard_0.03,logistic
CH0747,gwen stefani,0,0,-0.3024599296213665,decision_margin,0,v4_lr_std74_standard_0.03,logistic
CH0748,gwen stefani,0,0,-0.4393673832038882,decision_margin,0,v4_lr_std74_standard_0.03,logistic
CH0751,rascal flatts,0,0,-0.30565324544358474,decision_margin,0,v4_lr_std74_standard_0.03,logistic
CH0009,luke combs,1,0,0.19521350388814473,uncalibrated_class_1_probability,1,mlp_pca30,mlp
CH0017,luke combs,1,0,0.1751101353967224,uncalibrated_class_1_probability,1,mlp_pca30,mlp
CH0031,dababy,1,0,0.25973704883785187,uncalibrated_class_1_probability,1,mlp_pca30,mlp
CH0035,travis scott,1,1,0.5195725166689076,uncalibrated_class_1_probability,1,mlp_pca30,mlp
CH0041,jonas brothers,1,0,0.4853765562825049,uncalibrated_class_1_probability,1,mlp_pca30,mlp
CH0045,luke combs,1,0,0.254455893816687,uncalibrated_class_1_probability,1,mlp_pca30,mlp
CH0046,juice wrld,1,0,0.3665410566592315,uncalibrated_class_1_probability,1,mlp_pca30,mlp
CH0048,luke combs,1,0,0.24779921236676322,uncalibrated_class_1_probability,1,mlp_pca30,mlp
CH0052,travis scott,1,0,0.10590591019797527,uncalibrated_class_1_probability,1,mlp_pca30,mlp
CH0053,jonas brothers,1,0,0.19829825038898602,uncalibrated_class_1_probability,1,mlp_pca30,mlp
CH0055,dababy,1,1,0.5632407953001481,uncalibrated_class_1_probability,1,mlp_pca30,mlp
CH0061,luke combs,1,1,0.6391484893470568,uncalibrated_class_1_probability,1,mlp_pca30,mlp
CH0062,juice wrld,1,0,0.25212644067944345,uncalibrated_class_1_probability,1,mlp_pca30,mlp
CH0064,luke combs,1,1,0.8324758459109396,uncalibrated_class_1_probability,1,mlp_pca30,mlp
CH0070,juice wrld,1,0,0.33941197806441764,uncalibrated_class_1_probability,1,mlp_pca30,mlp
CH0096,luke combs,1,1,0.6752151072699146,uncalibrated_class_1_probability,1,mlp_pca30,mlp
CH0099,kendrick lamar,1,0,0.02328477191531395,uncalibrated_class_1_probability,1,mlp_pca30,mlp
CH0110,kendrick lamar,1,1,0.5301288386816309,uncalibrated_class_1_probability,1,mlp_pca30,mlp
CH0112,travis scott,1,1,0.7638384019826082,uncalibrated_class_1_probability,1,mlp_pca30,mlp
CH0113,luke combs,1,0,0.1357179225744772,uncalibrated_class_1_probability,1,mlp_pca30,mlp
CH0133,meghan trainor,1,0,0.4984291853087695,uncalibrated_class_1_probability,1,mlp_pca30,mlp
CH0136,meghan trainor,1,0,0.3361642237820727,uncalibrated_class_1_probability,1,mlp_pca30,mlp
CH0140,travis scott,1,1,0.6698438912518297,uncalibrated_class_1_probability,1,mlp_pca30,mlp
CH0143,chris brown,1,0,0.2687562717706617,uncalibrated_class_1_probability,1,mlp_pca30,mlp
CH0152,meghan trainor,1,1,0.6544877458347872,uncalibrated_class_1_probability,1,mlp_pca30,mlp
CH0154,meghan trainor,1,1,0.6276523999295809,uncalibrated_class_1_probability,1,mlp_pca30,mlp
CH0163,meghan trainor,1,0,0.43565205292565806,uncalibrated_class_1_probability,1,mlp_pca30,mlp
CH0174,katy perry,1,1,0.8545512131763284,uncalibrated_class_1_probability,1,mlp_pca30,mlp
CH0177,katy perry,1,0,0.15943438624548922,uncalibrated_class_1_probability,1,mlp_pca30,mlp
CH0199,kendrick lamar,1,0,0.48120060593251246,uncalibrated_class_1_probability,1,mlp_pca30,mlp
CH0205,katy perry,1,0,0.09220372394372794,uncalibrated_class_1_probability,1,mlp_pca30,mlp
CH0209,katy perry,1,1,0.9511264241163254,uncalibrated_class_1_probability,1,mlp_pca30,mlp
CH0212,katy perry,1,0,0.17244841624181675,uncalibrated_class_1_probability,1,mlp_pca30,mlp
CH0214,chris brown,1,0,0.1980920394585102,uncalibrated_class_1_probability,1,mlp_pca30,mlp
CH0221,chris brown,1,1,0.8662508199814642,uncalibrated_class_1_probability,1,mlp_pca30,mlp
CH0223,katy perry,1,1,0.5530802657235314,uncalibrated_class_1_probability,1,mlp_pca30,mlp
CH0227,katy perry,1,0,0.35016094534487513,uncalibrated_class_1_probability,1,mlp_pca30,mlp
CH0240,chris brown,1,1,0.5738564022301023,uncalibrated_class_1_probability,1,mlp_pca30,mlp
CH0247,katy perry,1,1,0.6733049387876701,uncalibrated_class_1_probability,1,mlp_pca30,mlp
CH0251,chris brown,1,1,0.8018013679332847,uncalibrated_class_1_probability,1,mlp_pca30,mlp
CH0282,katy perry,1,0,0.470573137672536,uncalibrated_class_1_probability,1,mlp_pca30,mlp
CH0285,katy perry,1,1,0.807598016823223,uncalibrated_class_1_probability,1,mlp_pca30,mlp
CH0305,leona lewis,1,1,0.7142139854475161,uncalibrated_class_1_probability,1,mlp_pca30,mlp
CH0307,chris brown,1,0,0.40345238843044096,uncalibrated_class_1_probability,1,mlp_pca30,mlp
CH0308,chris brown,1,1,0.8280411364063123,uncalibrated_class_1_probability,1,mlp_pca30,mlp
CH0310,katy perry,1,1,0.9417415066163489,uncalibrated_class_1_probability,1,mlp_pca30,mlp
CH0313,fergie,1,0,0.10616371399617379,uncalibrated_class_1_probability,1,mlp_pca30,mlp
CH0319,leona lewis,1,1,0.7951782272670905,uncalibrated_class_1_probability,1,mlp_pca30,mlp
CH0320,jonas brothers,1,0,0.4339399602581395,uncalibrated_class_1_probability,1,mlp_pca30,mlp
CH0321,fergie,1,1,0.5410983100090222,uncalibrated_class_1_probability,1,mlp_pca30,mlp
CH0331,fergie,1,0,0.22964343654690555,uncalibrated_class_1_probability,1,mlp_pca30,mlp
CH0350,chris brown,1,1,0.5850002948963988,uncalibrated_class_1_probability,1,mlp_pca30,mlp
CH0353,fergie,1,1,0.5562233838660341,uncalibrated_class_1_probability,1,mlp_pca30,mlp
CH0356,chris brown,1,0,0.31787573229288746,uncalibrated_class_1_probability,1,mlp_pca30,mlp
CH0363,chris brown,1,1,0.6224047341524233,uncalibrated_class_1_probability,1,mlp_pca30,mlp
CH0379,luke combs,0,1,0.8400911753988186,uncalibrated_class_1_probability,1,mlp_pca30,mlp
CH0383,juice wrld,0,1,0.5962348494710047,uncalibrated_class_1_probability,1,mlp_pca30,mlp
CH0387,luke combs,0,1,0.7898705037214567,uncalibrated_class_1_probability,1,mlp_pca30,mlp
CH0389,travis scott,0,1,0.8456649278829245,uncalibrated_class_1_probability,1,mlp_pca30,mlp
CH0390,jonas brothers,0,0,0.19061705514890903,uncalibrated_class_1_probability,1,mlp_pca30,mlp
CH0395,dababy,0,0,0.242941956169876,uncalibrated_class_1_probability,1,mlp_pca30,mlp
CH0398,dababy,0,0,0.18578684237383894,uncalibrated_class_1_probability,1,mlp_pca30,mlp
CH0402,dababy,0,0,0.20710342219661715,uncalibrated_class_1_probability,1,mlp_pca30,mlp
CH0428,juice wrld,0,1,0.8445665823016912,uncalibrated_class_1_probability,1,mlp_pca30,mlp
CH0429,juice wrld,0,1,0.736999237870474,uncalibrated_class_1_probability,1,mlp_pca30,mlp
CH0430,juice wrld,0,0,0.07338645663434226,uncalibrated_class_1_probability,1,mlp_pca30,mlp
CH0432,juice wrld,0,0,0.3744202286555027,uncalibrated_class_1_probability,1,mlp_pca30,mlp
CH0433,juice wrld,0,1,0.5072254367050334,uncalibrated_class_1_probability,1,mlp_pca30,mlp
CH0434,juice wrld,0,0,0.41473791001666305,uncalibrated_class_1_probability,1,mlp_pca30,mlp
CH0436,juice wrld,0,0,0.3213223892245288,uncalibrated_class_1_probability,1,mlp_pca30,mlp
CH0437,juice wrld,0,0,0.4702028693900995,uncalibrated_class_1_probability,1,mlp_pca30,mlp
CH0438,juice wrld,0,0,0.32626425906447776,uncalibrated_class_1_probability,1,mlp_pca30,mlp
CH0439,juice wrld,0,0,0.30469118269511014,uncalibrated_class_1_probability,1,mlp_pca30,mlp
CH0440,juice wrld,0,1,0.77814830977762,uncalibrated_class_1_probability,1,mlp_pca30,mlp
CH0452,jonas brothers,0,1,0.6579850262335085,uncalibrated_class_1_probability,1,mlp_pca30,mlp
CH0454,jonas brothers,0,1,0.7344672985728573,uncalibrated_class_1_probability,1,mlp_pca30,mlp
CH0457,dababy,0,1,0.7282258286123896,uncalibrated_class_1_probability,1,mlp_pca30,mlp
CH0458,juice wrld,0,0,0.2965241748492573,uncalibrated_class_1_probability,1,mlp_pca30,mlp
CH0462,katy perry,0,1,0.5266228072768273,uncalibrated_class_1_probability,1,mlp_pca30,mlp
CH0465,jonas brothers,0,0,0.46331650517110967,uncalibrated_class_1_probability,1,mlp_pca30,mlp
CH0472,juice wrld,0,1,0.7077592923383595,uncalibrated_class_1_probability,1,mlp_pca30,mlp
CH0473,chris brown,0,1,0.6770290958947046,uncalibrated_class_1_probability,1,mlp_pca30,mlp
CH0474,juice wrld,0,1,0.6337762523466864,uncalibrated_class_1_probability,1,mlp_pca30,mlp
CH0476,katy perry,0,0,0.319111816600771,uncalibrated_class_1_probability,1,mlp_pca30,mlp
CH0477,luke combs,0,0,0.2830365016849381,uncalibrated_class_1_probability,1,mlp_pca30,mlp
CH0482,juice wrld,0,1,0.5718614581081869,uncalibrated_class_1_probability,1,mlp_pca30,mlp
CH0485,juice wrld,0,1,0.5064204778001578,uncalibrated_class_1_probability,1,mlp_pca30,mlp
CH0492,meghan trainor,0,1,0.9248649726564193,uncalibrated_class_1_probability,1,mlp_pca30,mlp
CH0494,chris brown,0,0,0.22293829187810513,uncalibrated_class_1_probability,1,mlp_pca30,mlp
CH0500,luke combs,0,1,0.6411275031452626,uncalibrated_class_1_probability,1,mlp_pca30,mlp
CH0504,chris brown,0,1,0.5338451383194048,uncalibrated_class_1_probability,1,mlp_pca30,mlp
CH0507,travis scott,0,0,0.3152404307601757,uncalibrated_class_1_probability,1,mlp_pca30,mlp
CH0510,chris brown,0,0,0.18946644456934025,uncalibrated_class_1_probability,1,mlp_pca30,mlp
CH0514,kendrick lamar,0,0,0.4420031166974918,uncalibrated_class_1_probability,1,mlp_pca30,mlp
CH0525,katy perry,0,0,0.3312715952470473,uncalibrated_class_1_probability,1,mlp_pca30,mlp
CH0529,fergie,0,1,0.7938056534972064,uncalibrated_class_1_probability,1,mlp_pca30,mlp
CH0550,chris brown,0,0,0.18369175370387428,uncalibrated_class_1_probability,1,mlp_pca30,mlp
CH0564,kendrick lamar,0,0,0.28986200466359757,uncalibrated_class_1_probability,1,mlp_pca30,mlp
CH0569,kendrick lamar,0,1,0.7308504505321622,uncalibrated_class_1_probability,1,mlp_pca30,mlp
CH0571,kendrick lamar,0,1,0.5690393722218092,uncalibrated_class_1_probability,1,mlp_pca30,mlp
CH0575,fergie,0,1,0.5324957127982088,uncalibrated_class_1_probability,1,mlp_pca30,mlp
CH0578,kendrick lamar,0,1,0.6096164821439205,uncalibrated_class_1_probability,1,mlp_pca30,mlp
CH0580,katy perry,0,1,0.7638224080543914,uncalibrated_class_1_probability,1,mlp_pca30,mlp
CH0589,katy perry,0,0,0.061092000004066525,uncalibrated_class_1_probability,1,mlp_pca30,mlp
CH0610,chris brown,0,0,0.32124847797937406,uncalibrated_class_1_probability,1,mlp_pca30,mlp
CH0616,kendrick lamar,0,1,0.5344957526222669,uncalibrated_class_1_probability,1,mlp_pca30,mlp
CH0621,chris brown,0,1,0.814947068887903,uncalibrated_class_1_probability,1,mlp_pca30,mlp
CH0654,chris brown,0,0,0.10751252455843836,uncalibrated_class_1_probability,1,mlp_pca30,mlp
CH0680,chris brown,0,1,0.8893994078306023,uncalibrated_class_1_probability,1,mlp_pca30,mlp
CH0694,katy perry,0,0,0.34511988106760155,uncalibrated_class_1_probability,1,mlp_pca30,mlp
CH0702,leona lewis,0,0,0.45495561087044756,uncalibrated_class_1_probability,1,mlp_pca30,mlp
CH0705,jonas brothers,0,1,0.5052200837104653,uncalibrated_class_1_probability,1,mlp_pca30,mlp
CH0706,jonas brothers,0,1,0.5341281468426922,uncalibrated_class_1_probability,1,mlp_pca30,mlp
CH0708,chris brown,0,0,0.1180480963635622,uncalibrated_class_1_probability,1,mlp_pca30,mlp
CH0712,jonas brothers,0,0,0.4652913781637083,uncalibrated_class_1_probability,1,mlp_pca30,mlp
CH0713,jonas brothers,0,0,0.4752915089450576,uncalibrated_class_1_probability,1,mlp_pca30,mlp
CH0721,chris brown,0,0,0.38052691099844016,uncalibrated_class_1_probability,1,mlp_pca30,mlp
CH0726,jonas brothers,0,1,0.5145658172033394,uncalibrated_class_1_probability,1,mlp_pca30,mlp
CH0738,jonas brothers,0,1,0.6690482807559935,uncalibrated_class_1_probability,1,mlp_pca30,mlp
CH0002,olivia rodrigo,1,1,0.023163284160149202,decision_margin,2,v4_lr_std74_quantile_0.01,logistic
CH0003,olivia rodrigo,1,0,-0.24593591576709078,decision_margin,2,v4_lr_std74_quantile_0.01,logistic
CH0006,olivia rodrigo,1,1,0.031575865969491794,decision_margin,2,v4_lr_std74_quantile_0.01,logistic
CH0013,olivia rodrigo,1,0,-0.11854926861091032,decision_margin,2,v4_lr_std74_quantile_0.01,logistic
CH0016,taylor swift,1,1,0.1290262841984655,decision_margin,2,v4_lr_std74_quantile_0.01,logistic
CH0020,justin bieber,1,0,-0.3069514632622673,decision_margin,2,v4_lr_std74_quantile_0.01,logistic
CH0037,justin bieber,1,0,-0.6727640459093349,decision_margin,2,v4_lr_std74_quantile_0.01,logistic
CH0060,taylor swift,1,1,0.38346019197647563,decision_margin,2,v4_lr_std74_quantile_0.01,logistic
CH0079,taylor swift,1,1,0.5154276511012834,decision_margin,2,v4_lr_std74_quantile_0.01,logistic
CH0098,bruno mars,1,0,-0.05624046041252082,decision_margin,2,v4_lr_std74_quantile_0.01,logistic
CH0101,bruno mars,1,0,-0.0819514659567422,decision_margin,2,v4_lr_std74_quantile_0.01,logistic
CH0105,taylor swift,1,1,0.10089634611419916,decision_margin,2,v4_lr_std74_quantile_0.01,logistic
CH0107,the chainsmokers,1,0,-0.7580397355355852,decision_margin,2,v4_lr_std74_quantile_0.01,logistic
CH0119,justin bieber,1,0,-0.4099950560721514,decision_margin,2,v4_lr_std74_quantile_0.01,logistic
CH0120,justin bieber,1,1,0.8239986950958,decision_margin,2,v4_lr_std74_quantile_0.01,logistic
CH0128,justin bieber,1,1,0.5160719981824674,decision_margin,2,v4_lr_std74_quantile_0.01,logistic
CH0141,taylor swift,1,1,0.5695732350407379,decision_margin,2,v4_lr_std74_quantile_0.01,logistic
CH0149,taylor swift,1,1,0.24015091814494086,decision_margin,2,v4_lr_std74_quantile_0.01,logistic
CH0151,taylor swift,1,1,0.026721175403914093,decision_margin,2,v4_lr_std74_quantile_0.01,logistic
CH0155,taylor swift,1,1,0.2562530796550083,decision_margin,2,v4_lr_std74_quantile_0.01,logistic
CH0181,bruno mars,1,0,-0.9936127559130425,decision_margin,2,v4_lr_std74_quantile_0.01,logistic
CH0182,bruno mars,1,1,0.1299750884449995,decision_margin,2,v4_lr_std74_quantile_0.01,logistic
CH0183,taylor swift,1,1,0.23663278698043025,decision_margin,2,v4_lr_std74_quantile_0.01,logistic
CH0196,taylor swift,1,1,0.8546227849425625,decision_margin,2,v4_lr_std74_quantile_0.01,logistic
CH0207,bruno mars,1,0,-0.9157666383076675,decision_margin,2,v4_lr_std74_quantile_0.01,logistic
CH0208,justin bieber,1,1,0.5505082471887316,decision_margin,2,v4_lr_std74_quantile_0.01,logistic
CH0210,taylor swift,1,1,0.7608998577032839,decision_margin,2,v4_lr_std74_quantile_0.01,logistic
CH0219,usher,1,0,-0.7863021176327528,decision_margin,2,v4_lr_std74_quantile_0.01,logistic
CH0224,bruno mars,1,1,1.0733250434140418,decision_margin,2,v4_lr_std74_quantile_0.01,logistic
CH0228,bruno mars,1,1,1.0471283061863288,decision_margin,2,v4_lr_std74_quantile_0.01,logistic
CH0233,bruno mars,1,1,0.08208346538157912,decision_margin,2,v4_lr_std74_quantile_0.01,logistic
CH0243,usher,1,0,-0.5014863360359302,decision_margin,2,v4_lr_std74_quantile_0.01,logistic
CH0246,taylor swift,1,1,0.554023324709551,decision_margin,2,v4_lr_std74_quantile_0.01,logistic
CH0259,taylor swift,1,0,-0.7288547594604453,decision_margin,2,v4_lr_std74_quantile_0.01,logistic
CH0260,taylor swift,1,1,0.6442326240114221,decision_margin,2,v4_lr_std74_quantile_0.01,logistic
CH0269,usher,1,0,-0.820164479291212,decision_margin,2,v4_lr_std74_quantile_0.01,logistic
CH0270,taylor swift,1,1,0.17790241835583775,decision_margin,2,v4_lr_std74_quantile_0.01,logistic
CH0273,daughtry,1,1,0.02926724086436477,decision_margin,2,v4_lr_std74_quantile_0.01,logistic
CH0276,taylor swift,1,0,-0.16204450328558684,decision_margin,2,v4_lr_std74_quantile_0.01,logistic
CH0292,nickelback,1,1,0.16048246967836582,decision_margin,2,v4_lr_std74_quantile_0.01,logistic
CH0297,daughtry,1,1,0.02718116323277511,decision_margin,2,v4_lr_std74_quantile_0.01,logistic
CH0298,nickelback,1,1,0.35096659326132734,decision_margin,2,v4_lr_std74_quantile_0.01,logistic
CH0300,taylor swift,1,0,-0.10291281669950403,decision_margin,2,v4_lr_std74_quantile_0.01,logistic
CH0303,justin bieber,1,0,-0.1773718881384748,decision_margin,2,v4_lr_std74_quantile_0.01,logistic
CH0315,taylor swift,1,0,-0.5317488877453596,decision_margin,2,v4_lr_std74_quantile_0.01,logistic
CH0318,taylor swift,1,0,-0.055025366491745616,decision_margin,2,v4_lr_std74_quantile_0.01,logistic
CH0324,daughtry,1,1,0.30562153570349815,decision_margin,2,v4_lr_std74_quantile_0.01,logistic
CH0330,daughtry,1,1,0.29680316285436426,decision_margin,2,v4_lr_std74_quantile_0.01,logistic
CH0334,daughtry,1,1,0.1799020479079524,decision_margin,2,v4_lr_std74_quantile_0.01,logistic
CH0337,nickelback,1,0,-0.14432520444586408,decision_margin,2,v4_lr_std74_quantile_0.01,logistic
CH0339,nickelback,1,0,-0.5553090906126941,decision_margin,2,v4_lr_std74_quantile_0.01,logistic
CH0346,nickelback,1,0,-0.16718782932988424,decision_margin,2,v4_lr_std74_quantile_0.01,logistic
CH0348,sean paul,1,1,0.26585909678444086,decision_margin,2,v4_lr_std74_quantile_0.01,logistic
CH0358,nickelback,1,0,-0.11497040107047685,decision_margin,2,v4_lr_std74_quantile_0.01,logistic
CH0362,sean paul,1,1,0.07976996238609751,decision_margin,2,v4_lr_std74_quantile_0.01,logistic
CH0368,taylor swift,0,0,-0.6100145363802951,decision_margin,2,v4_lr_std74_quantile_0.01,logistic
CH0375,justin bieber,0,0,-0.4575661585697204,decision_margin,2,v4_lr_std74_quantile_0.01,logistic
CH0385,taylor swift,0,1,0.4554596482708656,decision_margin,2,v4_lr_std74_quantile_0.01,logistic
CH0388,taylor swift,0,1,0.09261180513282447,decision_margin,2,v4_lr_std74_quantile_0.01,logistic
CH0396,olivia rodrigo,0,0,-0.3302085128422655,decision_margin,2,v4_lr_std74_quantile_0.01,logistic
CH0397,olivia rodrigo,0,0,-0.24347497708989851,decision_margin,2,v4_lr_std74_quantile_0.01,logistic
CH0400,olivia rodrigo,0,0,-0.08985587013393387,decision_margin,2,v4_lr_std74_quantile_0.01,logistic
CH0401,justin bieber,0,0,-0.8640949570849241,decision_margin,2,v4_lr_std74_quantile_0.01,logistic
CH0403,justin bieber,0,0,-0.3564147007823416,decision_margin,2,v4_lr_std74_quantile_0.01,logistic
CH0405,justin bieber,0,1,0.36107923536461917,decision_margin,2,v4_lr_std74_quantile_0.01,logistic
CH0410,justin bieber,0,0,-0.4537853040785592,decision_margin,2,v4_lr_std74_quantile_0.01,logistic
CH0412,taylor swift,0,0,-0.5815344165379823,decision_margin,2,v4_lr_std74_quantile_0.01,logistic
CH0414,taylor swift,0,1,0.2638981678549851,decision_margin,2,v4_lr_std74_quantile_0.01,logistic
CH0455,taylor swift,0,1,0.058706371187187904,decision_margin,2,v4_lr_std74_quantile_0.01,logistic
CH0463,taylor swift,0,1,0.290598246959651,decision_margin,2,v4_lr_std74_quantile_0.01,logistic
CH0497,taylor swift,0,0,-0.8164769523042563,decision_margin,2,v4_lr_std74_quantile_0.01,logistic
CH0501,taylor swift,0,1,0.5117115042148397,decision_margin,2,v4_lr_std74_quantile_0.01,logistic
CH0503,taylor swift,0,0,-0.3184820957741762,decision_margin,2,v4_lr_std74_quantile_0.01,logistic
CH0506,bruno mars,0,0,-0.6172368506560223,decision_margin,2,v4_lr_std74_quantile_0.01,logistic
CH0534,taylor swift,0,1,0.08720339429733436,decision_margin,2,v4_lr_std74_quantile_0.01,logistic
CH0536,justin bieber,0,1,0.06415262031674018,decision_margin,2,v4_lr_std74_quantile_0.01,logistic
CH0541,justin bieber,0,0,-0.8989646418881693,decision_margin,2,v4_lr_std74_quantile_0.01,logistic
CH0546,justin bieber,0,0,-0.5581666478665266,decision_margin,2,v4_lr_std74_quantile_0.01,logistic
CH0547,justin bieber,0,0,-0.419915981518867,decision_margin,2,v4_lr_std74_quantile_0.01,logistic
CH0548,justin bieber,0,0,-0.5727345182490331,decision_margin,2,v4_lr_std74_quantile_0.01,logistic
CH0549,justin bieber,0,0,-0.10089085491332873,decision_margin,2,v4_lr_std74_quantile_0.01,logistic
CH0551,justin bieber,0,0,-0.16225138804233508,decision_margin,2,v4_lr_std74_quantile_0.01,logistic
CH0554,justin bieber,0,0,-0.3543466769405752,decision_margin,2,v4_lr_std74_quantile_0.01,logistic
CH0558,justin bieber,0,0,-0.3173900440566003,decision_margin,2,v4_lr_std74_quantile_0.01,logistic
CH0584,usher,0,1,0.29727332096315817,decision_margin,2,v4_lr_std74_quantile_0.01,logistic
CH0585,bruno mars,0,0,-0.5916483465070601,decision_margin,2,v4_lr_std74_quantile_0.01,logistic
CH0593,justin bieber,0,0,-0.42648964042681686,decision_margin,2,v4_lr_std74_quantile_0.01,logistic
CH0598,daughtry,0,0,-0.54213905551033,decision_margin,2,v4_lr_std74_quantile_0.01,logistic
CH0603,bruno mars,0,0,-0.37411476423706175,decision_margin,2,v4_lr_std74_quantile_0.01,logistic
CH0624,taylor swift,0,1,0.12414899213683839,decision_margin,2,v4_lr_std74_quantile_0.01,logistic
CH0629,taylor swift,0,1,0.0907772786990963,decision_margin,2,v4_lr_std74_quantile_0.01,logistic
CH0630,taylor swift,0,0,-0.3642000234799848,decision_margin,2,v4_lr_std74_quantile_0.01,logistic
CH0633,justin bieber,0,1,0.09172893807126908,decision_margin,2,v4_lr_std74_quantile_0.01,logistic
CH0635,nickelback,0,1,0.5063143541658996,decision_margin,2,v4_lr_std74_quantile_0.01,logistic
CH0640,taylor swift,0,1,0.09524450091392811,decision_margin,2,v4_lr_std74_quantile_0.01,logistic
CH0641,taylor swift,0,1,0.15390848695100817,decision_margin,2,v4_lr_std74_quantile_0.01,logistic
CH0646,taylor swift,0,1,0.22799145855411052,decision_margin,2,v4_lr_std74_quantile_0.01,logistic
CH0651,taylor swift,0,1,0.6361035853147392,decision_margin,2,v4_lr_std74_quantile_0.01,logistic
CH0658,daughtry,0,1,0.3010402626193497,decision_margin,2,v4_lr_std74_quantile_0.01,logistic
CH0662,nickelback,0,1,0.048339679344089496,decision_margin,2,v4_lr_std74_quantile_0.01,logistic
CH0666,justin bieber,0,1,0.45676150778479213,decision_margin,2,v4_lr_std74_quantile_0.01,logistic
CH0670,taylor swift,0,1,0.13985997965916375,decision_margin,2,v4_lr_std74_quantile_0.01,logistic
CH0672,taylor swift,0,1,0.049793377966845076,decision_margin,2,v4_lr_std74_quantile_0.01,logistic
CH0676,justin bieber,0,1,0.02376290588362714,decision_margin,2,v4_lr_std74_quantile_0.01,logistic
CH0677,usher,0,1,0.18697349651012013,decision_margin,2,v4_lr_std74_quantile_0.01,logistic
CH0678,nickelback,0,0,-0.7741395797391402,decision_margin,2,v4_lr_std74_quantile_0.01,logistic
CH0683,justin bieber,0,0,-0.6132940342046341,decision_margin,2,v4_lr_std74_quantile_0.01,logistic
CH0685,justin bieber,0,1,0.03378901183075494,decision_margin,2,v4_lr_std74_quantile_0.01,logistic
CH0688,sean paul,0,1,0.7754695145196407,decision_margin,2,v4_lr_std74_quantile_0.01,logistic
CH0690,daughtry,0,0,-0.47231766593521707,decision_margin,2,v4_lr_std74_quantile_0.01,logistic
CH0697,taylor swift,0,1,0.4907706293684821,decision_margin,2,v4_lr_std74_quantile_0.01,logistic
CH0699,usher,0,0,-0.34567936805690624,decision_margin,2,v4_lr_std74_quantile_0.01,logistic
CH0703,daughtry,0,0,-0.5912359884334004,decision_margin,2,v4_lr_std74_quantile_0.01,logistic
CH0704,nickelback,0,0,-0.30410535394380345,decision_margin,2,v4_lr_std74_quantile_0.01,logistic
CH0707,taylor swift,0,0,-0.18369503407831395,decision_margin,2,v4_lr_std74_quantile_0.01,logistic
CH0711,usher,0,1,0.5059444186535145,decision_margin,2,v4_lr_std74_quantile_0.01,logistic
CH0715,taylor swift,0,1,0.014943683038356661,decision_margin,2,v4_lr_std74_quantile_0.01,logistic
CH0719,daughtry,0,0,-0.030697215585741167,decision_margin,2,v4_lr_std74_quantile_0.01,logistic
CH0740,taylor swift,0,0,-0.23698116861912244,decision_margin,2,v4_lr_std74_quantile_0.01,logistic
CH0005,bts,1,1,0.25956527593988865,decision_margin,3,v4_lr_std74_quantile_0.01,logistic
CH0014,bts,1,0,-0.0016970764381758763,decision_margin,3,v4_lr_std74_quantile_0.01,logistic
CH0024,post malone,1,0,-0.4689517989934222,decision_margin,3,v4_lr_std74_quantile_0.01,logistic
CH0034,lil baby,1,0,-0.4467061870512904,decision_margin,3,v4_lr_std74_quantile_0.01,logistic
CH0039,lil baby,1,0,-0.041705197043242874,decision_margin,3,v4_lr_std74_quantile_0.01,logistic
CH0040,lil baby,1,0,-0.06485818782785636,decision_margin,3,v4_lr_std74_quantile_0.01,logistic
CH0042,lil baby,1,0,-1.2256850756744493,decision_margin,3,v4_lr_std74_quantile_0.01,logistic
CH0043,halsey,1,1,0.20763777832952054,decision_margin,3,v4_lr_std74_quantile_0.01,logistic
CH0049,halsey,1,1,0.2920381512847843,decision_margin,3,v4_lr_std74_quantile_0.01,logistic
CH0050,post malone,1,0,-0.09293656072245479,decision_margin,3,v4_lr_std74_quantile_0.01,logistic
CH0057,post malone,1,0,-0.28401945133795703,decision_margin,3,v4_lr_std74_quantile_0.01,logistic
CH0068,lil baby,1,1,0.10415887330105938,decision_margin,3,v4_lr_std74_quantile_0.01,logistic
CH0069,p!nk,1,1,0.43736984604154905,decision_margin,3,v4_lr_std74_quantile_0.01,logistic
CH0080,halsey,1,0,-1.0419197684300936,decision_margin,3,v4_lr_std74_quantile_0.01,logistic
CH0082,post malone,1,0,-0.4385150558157471,decision_margin,3,v4_lr_std74_quantile_0.01,logistic
CH0109,halsey,1,0,-1.0127529539024471,decision_margin,3,v4_lr_std74_quantile_0.01,logistic
CH0114,p!nk,1,1,0.3743254476018164,decision_margin,3,v4_lr_std74_quantile_0.01,logistic
CH0116,adele,1,1,0.30256320390925817,decision_margin,3,v4_lr_std74_quantile_0.01,logistic
CH0122,adele,1,0,-0.05916834902917453,decision_margin,3,v4_lr_std74_quantile_0.01,logistic
CH0127,adele,1,0,-0.07528654593463496,decision_margin,3,v4_lr_std74_quantile_0.01,logistic
CH0130,p!nk,1,0,-0.40643640237519574,decision_margin,3,v4_lr_std74_quantile_0.01,logistic
CH0137,post malone,1,1,0.03217301721692711,decision_margin,3,v4_lr_std74_quantile_0.01,logistic
CH0142,adele,1,1,0.33578107694204395,decision_margin,3,v4_lr_std74_quantile_0.01,logistic
CH0160,beyonce,1,0,-0.605779537307171,decision_margin,3,v4_lr_std74_quantile_0.01,logistic
CH0161,one direction,1,0,-0.01642893185760884,decision_margin,3,v4_lr_std74_quantile_0.01,logistic
CH0165,one direction,1,1,0.17945346056632583,decision_margin,3,v4_lr_std74_quantile_0.01,logistic
CH0169,one direction,1,1,0.8537207726176115,decision_margin,3,v4_lr_std74_quantile_0.01,logistic
CH0171,nicki minaj,1,1,0.24475343750695544,decision_margin,3,v4_lr_std74_quantile_0.01,logistic
CH0178,beyonce,1,0,-0.43980771097427585,decision_margin,3,v4_lr_std74_quantile_0.01,logistic
CH0192,p!nk,1,0,-0.07248056737103367,decision_margin,3,v4_lr_std74_quantile_0.01,logistic
CH0197,one direction,1,1,0.4732924148701009,decision_margin,3,v4_lr_std74_quantile_0.01,logistic
CH0201,nicki minaj,1,0,-0.06653375398532871,decision_margin,3,v4_lr_std74_quantile_0.01,logistic
CH0202,one direction,1,0,-0.3209000653409344,decision_margin,3,v4_lr_std74_quantile_0.01,logistic
CH0203,adele,1,0,-0.06918231236557205,decision_margin,3,v4_lr_std74_quantile_0.01,logistic
CH0211,p!nk,1,0,-0.4513614939878775,decision_margin,3,v4_lr_std74_quantile_0.01,logistic
CH0213,adele,1,0,-0.6862955361434686,decision_margin,3,v4_lr_std74_quantile_0.01,logistic
CH0215,adele,1,1,0.1573465372001091,decision_margin,3,v4_lr_std74_quantile_0.01,logistic
CH0218,adele,1,0,-0.05225784260509836,decision_margin,3,v4_lr_std74_quantile_0.01,logistic
CH0220,nicki minaj,1,0,-0.2886117120719509,decision_margin,3,v4_lr_std74_quantile_0.01,logistic
CH0225,nicki minaj,1,0,-0.16949289008080612,decision_margin,3,v4_lr_std74_quantile_0.01,logistic
CH0229,p!nk,1,1,0.26074895811087595,decision_margin,3,v4_lr_std74_quantile_0.01,logistic
CH0231,p!nk,1,0,-0.2423750187085882,decision_margin,3,v4_lr_std74_quantile_0.01,logistic
CH0232,lil wayne,1,1,0.2930921057824488,decision_margin,3,v4_lr_std74_quantile_0.01,logistic
CH0250,beyonce,1,1,0.696897663582748,decision_margin,3,v4_lr_std74_quantile_0.01,logistic
CH0265,nicki minaj,1,1,0.02363386957458837,decision_margin,3,v4_lr_std74_quantile_0.01,logistic
CH0271,beyonce,1,1,0.6654134752391021,decision_margin,3,v4_lr_std74_quantile_0.01,logistic
CH0277,beyonce,1,1,0.41480998033653815,decision_margin,3,v4_lr_std74_quantile_0.01,logistic
CH0281,beyonce,1,0,-0.2574630032842167,decision_margin,3,v4_lr_std74_quantile_0.01,logistic
CH0286,p!nk,1,1,0.5950900709617113,decision_margin,3,v4_lr_std74_quantile_0.01,logistic
CH0290,p!nk,1,1,0.06275579800042116,decision_margin,3,v4_lr_std74_quantile_0.01,logistic
CH0291,beyonce,1,1,0.18568613125116779,decision_margin,3,v4_lr_std74_quantile_0.01,logistic
CH0293,p!nk,1,1,0.49394824740573917,decision_margin,3,v4_lr_std74_quantile_0.01,logistic
CH0302,beyonce,1,1,0.31627692762944204,decision_margin,3,v4_lr_std74_quantile_0.01,logistic
CH0316,lil wayne,1,0,-0.07971634964716402,decision_margin,3,v4_lr_std74_quantile_0.01,logistic
CH0325,beyonce,1,1,0.7707940526619301,decision_margin,3,v4_lr_std74_quantile_0.01,logistic
CH0336,p!nk,1,0,-0.5710111031620384,decision_margin,3,v4_lr_std74_quantile_0.01,logistic
CH0343,p!nk,1,0,-0.140800091063268,decision_margin,3,v4_lr_std74_quantile_0.01,logistic
CH0357,t.i.,1,0,-0.6415435251345305,decision_margin,3,v4_lr_std74_quantile_0.01,logistic
CH0366,p!nk,1,0,-0.2919347157576764,decision_margin,3,v4_lr_std74_quantile_0.01,logistic
CH0367,adele,0,1,0.16732987301350422,decision_margin,3,v4_lr_std74_quantile_0.01,logistic
CH0369,adele,0,1,0.7749985892809512,decision_margin,3,v4_lr_std74_quantile_0.01,logistic
CH0371,adele,0,0,-0.18930067570861617,decision_margin,3,v4_lr_std74_quantile_0.01,logistic
CH0372,adele,0,0,-0.6290002372339981,decision_margin,3,v4_lr_std74_quantile_0.01,logistic
CH0373,adele,0,0,-0.22094636381055424,decision_margin,3,v4_lr_std74_quantile_0.01,logistic
CH0374,adele,0,1,0.06865810134925496,decision_margin,3,v4_lr_std74_quantile_0.01,logistic
CH0376,adele,0,0,-0.49929902107764346,decision_margin,3,v4_lr_std74_quantile_0.01,logistic
CH0378,adele,0,1,0.4936679927074896,decision_margin,3,v4_lr_std74_quantile_0.01,logistic
CH0380,adele,0,0,-1.2069973806016594,decision_margin,3,v4_lr_std74_quantile_0.01,logistic
CH0381,adele,0,0,-0.7118161745480754,decision_margin,3,v4_lr_std74_quantile_0.01,logistic
CH0382,adele,0,1,0.16314622923080366,decision_margin,3,v4_lr_std74_quantile_0.01,logistic
CH0391,bts,0,0,-0.7058248240846872,decision_margin,3,v4_lr_std74_quantile_0.01,logistic
CH0392,post malone,0,0,-0.6480572352228935,decision_margin,3,v4_lr_std74_quantile_0.01,logistic
CH0416,bts,0,0,-0.1471141489624007,decision_margin,3,v4_lr_std74_quantile_0.01,logistic
CH0417,bts,0,0,-0.13373535419755853,decision_margin,3,v4_lr_std74_quantile_0.01,logistic
CH0418,bts,0,0,-0.017403216655501125,decision_margin,3,v4_lr_std74_quantile_0.01,logistic
CH0422,bts,0,0,-0.2552560942186788,decision_margin,3,v4_lr_std74_quantile_0.01,logistic
CH0423,bts,0,1,0.7327269527327716,decision_margin,3,v4_lr_std74_quantile_0.01,logistic
CH0424,bts,0,0,-0.34160043461226397,decision_margin,3,v4_lr_std74_quantile_0.01,logistic
CH0456,halsey,0,1,0.018167366692835543,decision_margin,3,v4_lr_std74_quantile_0.01,logistic
CH0464,halsey,0,0,-1.0189588629271655,decision_margin,3,v4_lr_std74_quantile_0.01,logistic
CH0466,beyonce,0,1,0.23743221843228673,decision_margin,3,v4_lr_std74_quantile_0.01,logistic
CH0468,nicki minaj,0,0,-0.22523636143747972,decision_margin,3,v4_lr_std74_quantile_0.01,logistic
CH0470,lil baby,0,0,-0.22637026062081242,decision_margin,3,v4_lr_std74_quantile_0.01,logistic
CH0478,lil wayne,0,1,0.22265330212149173,decision_margin,3,v4_lr_std74_quantile_0.01,logistic
CH0493,p!nk,0,0,-1.0438316462052568,decision_margin,3,v4_lr_std74_quantile_0.01,logistic
CH0496,post malone,0,0,-0.23400801604424015,decision_margin,3,v4_lr_std74_quantile_0.01,logistic
CH0498,lil baby,0,0,-0.15350288698561368,decision_margin,3,v4_lr_std74_quantile_0.01,logistic
CH0505,post malone,0,0,-0.04849753466156079,decision_margin,3,v4_lr_std74_quantile_0.01,logistic
CH0516,nicki minaj,0,1,0.1263483159412141,decision_margin,3,v4_lr_std74_quantile_0.01,logistic
CH0543,halsey,0,1,0.7782805757010622,decision_margin,3,v4_lr_std74_quantile_0.01,logistic
CH0552,one direction,0,0,-1.3524182134857647,decision_margin,3,v4_lr_std74_quantile_0.01,logistic
CH0553,one direction,0,1,0.09053188197386486,decision_margin,3,v4_lr_std74_quantile_0.01,logistic
CH0555,one direction,0,1,0.16444207820380727,decision_margin,3,v4_lr_std74_quantile_0.01,logistic
CH0557,one direction,0,0,-0.11719906630192267,decision_margin,3,v4_lr_std74_quantile_0.01,logistic
CH0559,one direction,0,0,-0.2924047818902925,decision_margin,3,v4_lr_std74_quantile_0.01,logistic
CH0561,nicki minaj,0,0,-0.33647552877755793,decision_margin,3,v4_lr_std74_quantile_0.01,logistic
CH0576,one direction,0,0,-0.37353911576145993,decision_margin,3,v4_lr_std74_quantile_0.01,logistic
CH0581,one direction,0,0,-0.0804310078771904,decision_margin,3,v4_lr_std74_quantile_0.01,logistic
CH0582,nicki minaj,0,0,-0.13442958312046005,decision_margin,3,v4_lr_std74_quantile_0.01,logistic
CH0590,beyonce,0,0,-0.0858081087542979,decision_margin,3,v4_lr_std74_quantile_0.01,logistic
CH0600,one direction,0,0,-0.3621542932832045,decision_margin,3,v4_lr_std74_quantile_0.01,logistic
CH0601,one direction,0,0,-0.2019050699215311,decision_margin,3,v4_lr_std74_quantile_0.01,logistic
CH0604,one direction,0,0,-0.7000535391728199,decision_margin,3,v4_lr_std74_quantile_0.01,logistic
CH0612,one direction,0,0,-0.1284562139079606,decision_margin,3,v4_lr_std74_quantile_0.01,logistic
CH0618,nicki minaj,0,1,0.7585718452030021,decision_margin,3,v4_lr_std74_quantile_0.01,logistic
CH0619,one direction,0,0,-0.5666265670138217,decision_margin,3,v4_lr_std74_quantile_0.01,logistic
CH0622,adele,0,0,-0.22699057098120684,decision_margin,3,v4_lr_std74_quantile_0.01,logistic
CH0623,one direction,0,1,0.3640081251764866,decision_margin,3,v4_lr_std74_quantile_0.01,logistic
CH0627,beyonce,0,1,0.08965696076197134,decision_margin,3,v4_lr_std74_quantile_0.01,logistic
CH0628,one direction,0,0,-0.36149035321267375,decision_margin,3,v4_lr_std74_quantile_0.01,logistic
CH0637,lil wayne,0,0,-0.14272012407633877,decision_margin,3,v4_lr_std74_quantile_0.01,logistic
CH0638,beyonce,0,1,0.348026192247448,decision_margin,3,v4_lr_std74_quantile_0.01,logistic
CH0639,nicki minaj,0,1,0.3777485391214954,decision_margin,3,v4_lr_std74_quantile_0.01,logistic
CH0653,nicki minaj,0,1,0.9546023782973325,decision_margin,3,v4_lr_std74_quantile_0.01,logistic
CH0655,nicki minaj,0,1,0.204313270171671,decision_margin,3,v4_lr_std74_quantile_0.01,logistic
CH0663,p!nk,0,1,0.25353314516314474,decision_margin,3,v4_lr_std74_quantile_0.01,logistic
CH0681,lil wayne,0,1,0.27356651674324917,decision_margin,3,v4_lr_std74_quantile_0.01,logistic
CH0682,p!nk,0,0,-0.08858679968558988,decision_margin,3,v4_lr_std74_quantile_0.01,logistic
CH0687,beyonce,0,1,0.40651593488854054,decision_margin,3,v4_lr_std74_quantile_0.01,logistic
CH0693,lil wayne,0,0,-0.20099903225987067,decision_margin,3,v4_lr_std74_quantile_0.01,logistic
CH0733,beyonce,0,1,0.5312912680711805,decision_margin,3,v4_lr_std74_quantile_0.01,logistic
CH0743,beyonce,0,1,0.14279051007593854,decision_margin,3,v4_lr_std74_quantile_0.01,logistic
CH0744,beyonce,0,1,0.10548409101309024,decision_margin,3,v4_lr_std74_quantile_0.01,logistic
CH0001,the weeknd,1,0,-0.15840686067058557,decision_margin,4,v4_lr_std74_standard_0.03,logistic
CH0019,drake,1,1,0.7840250473409284,decision_margin,4,v4_lr_std74_standard_0.03,logistic
CH0022,the weeknd,1,1,0.4284444067587826,decision_margin,4,v4_lr_std74_standard_0.03,logistic
CH0030,the weeknd,1,1,0.1344182183038374,decision_margin,4,v4_lr_std74_standard_0.03,logistic
CH0032,drake,1,1,1.5233300017626932,decision_margin,4,v4_lr_std74_standard_0.03,logistic
CH0071,drake,1,0,-0.3273349892885656,decision_margin,4,v4_lr_std74_standard_0.03,logistic
CH0073,drake,1,1,0.5957596267950581,decision_margin,4,v4_lr_std74_standard_0.03,logistic
CH0074,drake,1,1,0.8762658041979929,decision_margin,4,v4_lr_std74_standard_0.03,logistic
CH0075,xxxtentacion,1,1,0.11459818319068182,decision_margin,4,v4_lr_std74_standard_0.03,logistic
CH0078,imagine dragons,1,0,-0.9071596308073581,decision_margin,4,v4_lr_std74_standard_0.03,logistic
CH0081,imagine dragons,1,1,1.5123497172309661,decision_margin,4,v4_lr_std74_standard_0.03,logistic
CH0085,drake,1,1,0.16561232810362658,decision_margin,4,v4_lr_std74_standard_0.03,logistic
CH0090,imagine dragons,1,1,0.38606669446714914,decision_margin,4,v4_lr_std74_standard_0.03,logistic
CH0092,the weeknd,1,0,-1.1572826087503578,decision_margin,4,v4_lr_std74_standard_0.03,logistic
CH0093,drake,1,1,0.6027886777909042,decision_margin,4,v4_lr_std74_standard_0.03,logistic
CH0094,xxxtentacion,1,0,-1.1900653956726455,decision_margin,4,v4_lr_std74_standard_0.03,logistic
CH0095,xxxtentacion,1,0,-0.5659700219842119,decision_margin,4,v4_lr_std74_standard_0.03,logistic
CH0097,imagine dragons,1,1,0.7223043553568669,decision_margin,4,v4_lr_std74_standard_0.03,logistic
CH0100,future,1,1,0.6830900153843132,decision_margin,4,v4_lr_std74_standard_0.03,logistic
CH0103,rihanna,1,0,-0.8741672985589617,decision_margin,4,v4_lr_std74_standard_0.03,logistic
CH0104,drake,1,1,1.4109125397536584,decision_margin,4,v4_lr_std74_standard_0.03,logistic
CH0111,drake,1,1,0.6726464303612082,decision_margin,4,v4_lr_std74_standard_0.03,logistic
CH0123,rihanna,1,0,-0.2596029522348945,decision_margin,4,v4_lr_std74_standard_0.03,logistic
CH0126,drake,1,1,0.11242928601917634,decision_margin,4,v4_lr_std74_standard_0.03,logistic
CH0129,the weeknd,1,0,-0.48940381871861016,decision_margin,4,v4_lr_std74_standard_0.03,logistic
CH0132,drake,1,1,1.0514679844506971,decision_margin,4,v4_lr_std74_standard_0.03,logistic
CH0135,the weeknd,1,0,-0.3023354991963084,decision_margin,4,v4_lr_std74_standard_0.03,logistic
CH0138,the weeknd,1,1,0.011370833564894444,decision_margin,4,v4_lr_std74_standard_0.03,logistic
CH0145,future,1,1,0.9053383038214022,decision_margin,4,v4_lr_std74_standard_0.03,logistic
CH0150,the weeknd,1,1,0.5596979679111169,decision_margin,4,v4_lr_std74_standard_0.03,logistic
CH0158,rihanna,1,1,0.3692938410236235,decision_margin,4,v4_lr_std74_standard_0.03,logistic
CH0166,drake,1,1,0.20131353276364988,decision_margin,4,v4_lr_std74_standard_0.03,logistic
CH0167,pharrell williams,1,1,0.10467897699046802,decision_margin,4,v4_lr_std74_standard_0.03,logistic
CH0168,imagine dragons,1,1,0.5483492888715948,decision_margin,4,v4_lr_std74_standard_0.03,logistic
CH0173,justin timberlake,1,1,0.030425113757515606,decision_margin,4,v4_lr_std74_standard_0.03,logistic
CH0176,imagine dragons,1,0,-0.06627475705235356,decision_margin,4,v4_lr_std74_standard_0.03,logistic
CH0179,drake,1,1,0.14338803599185185,decision_margin,4,v4_lr_std74_standard_0.03,logistic
CH0180,justin timberlake,1,0,-0.87945799387776,decision_margin,4,v4_lr_std74_standard_0.03,logistic
CH0185,rihanna,1,0,-0.4171023439475101,decision_margin,4,v4_lr_std74_standard_0.03,logistic
CH0186,drake,1,0,-0.7448978121325088,decision_margin,4,v4_lr_std74_standard_0.03,logistic
CH0190,imagine dragons,1,0,-0.3653155638687864,decision_margin,4,v4_lr_std74_standard_0.03,logistic
CH0195,rihanna,1,1,0.8193737530575156,decision_margin,4,v4_lr_std74_standard_0.03,logistic
CH0206,rihanna,1,1,1.2233983833449122,decision_margin,4,v4_lr_std74_standard_0.03,logistic
CH0222,rihanna,1,0,-0.02409750954782142,decision_margin,4,v4_lr_std74_standard_0.03,logistic
CH0226,rihanna,1,1,0.47322033161480503,decision_margin,4,v4_lr_std74_standard_0.03,logistic
CH0238,rihanna,1,1,0.5694217246379515,decision_margin,4,v4_lr_std74_standard_0.03,logistic
CH0248,rihanna,1,0,-0.45158605381980454,decision_margin,4,v4_lr_std74_standard_0.03,logistic
CH0249,drake,1,1,0.88648146575582,decision_margin,4,v4_lr_std74_standard_0.03,logistic
CH0254,rihanna,1,1,0.239936784900051,decision_margin,4,v4_lr_std74_standard_0.03,logistic
CH0257,drake,1,1,0.7661103116033572,decision_margin,4,v4_lr_std74_standard_0.03,logistic
CH0262,drake,1,0,-0.7875766947266857,decision_margin,4,v4_lr_std74_standard_0.03,logistic
CH0280,drake,1,0,-0.04821173209486662,decision_margin,4,v4_lr_std74_standard_0.03,logistic
CH0295,akon,1,0,-0.23105512312336357,decision_margin,4,v4_lr_std74_standard_0.03,logistic
CH0301,rihanna,1,1,0.5826557922950306,decision_margin,4,v4_lr_std74_standard_0.03,logistic
CH0309,rihanna,1,0,-1.3892085865932593,decision_margin,4,v4_lr_std74_standard_0.03,logistic
CH0311,rihanna,1,1,0.6559740194757668,decision_margin,4,v4_lr_std74_standard_0.03,logistic
CH0327,akon,1,1,0.4514482864951166,decision_margin,4,v4_lr_std74_standard_0.03,logistic
CH0332,justin timberlake,1,1,0.6004530867353143,decision_margin,4,v4_lr_std74_standard_0.03,logistic
CH0338,justin timberlake,1,0,-0.19047179785663437,decision_margin,4,v4_lr_std74_standard_0.03,logistic
CH0341,justin timberlake,1,1,1.5707267251923271,decision_margin,4,v4_lr_std74_standard_0.03,logistic
CH0345,rihanna,1,1,0.1312830284585611,decision_margin,4,v4_lr_std74_standard_0.03,logistic
CH0347,justin timberlake,1,1,0.6313794551073293,decision_margin,4,v4_lr_std74_standard_0.03,logistic
CH0352,rihanna,1,1,1.082972828513772,decision_margin,4,v4_lr_std74_standard_0.03,logistic
CH0355,rihanna,1,1,0.32109412373957885,decision_margin,4,v4_lr_std74_standard_0.03,logistic
CH0441,the weeknd,0,0,-0.15348101745549736,decision_margin,4,v4_lr_std74_standard_0.03,logistic
CH0442,the weeknd,0,0,-1.6336196992967187,decision_margin,4,v4_lr_std74_standard_0.03,logistic
CH0443,the weeknd,0,1,0.45152500420170905,decision_margin,4,v4_lr_std74_standard_0.03,logistic
CH0444,the weeknd,0,0,-1.3961687215425411,decision_margin,4,v4_lr_std74_standard_0.03,logistic
CH0445,the weeknd,0,0,-0.13807937872649567,decision_margin,4,v4_lr_std74_standard_0.03,logistic
CH0447,the weeknd,0,0,-1.2977262841320383,decision_margin,4,v4_lr_std74_standard_0.03,logistic
CH0448,the weeknd,0,0,-1.1558836168704154,decision_margin,4,v4_lr_std74_standard_0.03,logistic
CH0449,the weeknd,0,0,-0.5509411642572795,decision_margin,4,v4_lr_std74_standard_0.03,logistic
CH0450,the weeknd,0,1,0.31242595014649127,decision_margin,4,v4_lr_std74_standard_0.03,logistic
CH0451,the weeknd,0,0,-0.46944581032462745,decision_margin,4,v4_lr_std74_standard_0.03,logistic
CH0469,imagine dragons,0,0,-0.37911839738677805,decision_margin,4,v4_lr_std74_standard_0.03,logistic
CH0479,xxxtentacion,0,1,1.2791196251544497,decision_margin,4,v4_lr_std74_standard_0.03,logistic
CH0484,drake,0,1,0.43277868294430655,decision_margin,4,v4_lr_std74_standard_0.03,logistic
CH0490,drake,0,0,-0.3822236965909136,decision_margin,4,v4_lr_std74_standard_0.03,logistic
CH0491,drake,0,0,-0.3417906450203909,decision_margin,4,v4_lr_std74_standard_0.03,logistic
CH0495,xxxtentacion,0,1,0.17072541311195216,decision_margin,4,v4_lr_std74_standard_0.03,logistic
CH0502,xxxtentacion,0,0,-0.09570539048455673,decision_margin,4,v4_lr_std74_standard_0.03,logistic
CH0512,drake,0,0,-0.24698953398109097,decision_margin,4,v4_lr_std74_standard_0.03,logistic
CH0513,the weeknd,0,1,0.49587999325382226,decision_margin,4,v4_lr_std74_standard_0.03,logistic
CH0518,future,0,1,0.406136490488451,decision_margin,4,v4_lr_std74_standard_0.03,logistic
CH0519,the weeknd,0,1,0.6250403987551131,decision_margin,4,v4_lr_std74_standard_0.03,logistic
CH0522,the weeknd,0,1,0.9548153133586249,decision_margin,4,v4_lr_std74_standard_0.03,logistic
CH0524,rihanna,0,1,0.18934253094313336,decision_margin,4,v4_lr_std74_standard_0.03,logistic
CH0530,drake,0,0,-0.41667824313609986,decision_margin,4,v4_lr_std74_standard_0.03,logistic
CH0531,drake,0,1,0.8938601051723026,decision_margin,4,v4_lr_std74_standard_0.03,logistic
CH0535,the weeknd,0,0,-0.35217942303814265,decision_margin,4,v4_lr_std74_standard_0.03,logistic
CH0544,drake,0,1,0.2880292151029959,decision_margin,4,v4_lr_std74_standard_0.03,logistic
CH0562,future,0,1,1.2676134220298052,decision_margin,4,v4_lr_std74_standard_0.03,logistic
CH0566,drake,0,1,0.03833012097040439,decision_margin,4,v4_lr_std74_standard_0.03,logistic
CH0567,imagine dragons,0,1,0.6756428654185347,decision_margin,4,v4_lr_std74_standard_0.03,logistic
CH0568,drake,0,1,1.2533095303087711,decision_margin,4,v4_lr_std74_standard_0.03,logistic
CH0570,drake,0,1,0.7767887320185299,decision_margin,4,v4_lr_std74_standard_0.03,logistic
CH0572,drake,0,1,0.5385431791080058,decision_margin,4,v4_lr_std74_standard_0.03,logistic
CH0577,the weeknd,0,0,-0.8812336478385903,decision_margin,4,v4_lr_std74_standard_0.03,logistic
CH0583,pharrell williams,0,0,-0.1926164964725139,decision_margin,4,v4_lr_std74_standard_0.03,logistic
CH0588,imagine dragons,0,1,0.032605896677010804,decision_margin,4,v4_lr_std74_standard_0.03,logistic
CH0591,drake,0,0,-0.5354093091234629,decision_margin,4,v4_lr_std74_standard_0.03,logistic
CH0592,justin timberlake,0,1,0.9926539843537401,decision_margin,4,v4_lr_std74_standard_0.03,logistic
CH0595,future,0,1,0.7554012339489569,decision_margin,4,v4_lr_std74_standard_0.03,logistic
CH0597,drake,0,0,-0.0922002383813092,decision_margin,4,v4_lr_std74_standard_0.03,logistic
CH0602,rihanna,0,0,-0.5433302747797288,decision_margin,4,v4_lr_std74_standard_0.03,logistic
CH0607,justin timberlake,0,0,-0.22058362914885052,decision_margin,4,v4_lr_std74_standard_0.03,logistic
CH0613,justin timberlake,0,0,-0.8603314966954142,decision_margin,4,v4_lr_std74_standard_0.03,logistic
CH0614,future,0,1,1.1659369883686281,decision_margin,4,v4_lr_std74_standard_0.03,logistic
CH0620,the weeknd,0,0,-0.6657968688578116,decision_margin,4,v4_lr_std74_standard_0.03,logistic
CH0625,future,0,1,0.15943836273536088,decision_margin,4,v4_lr_std74_standard_0.03,logistic
CH0642,drake,0,1,0.1726068407651405,decision_margin,4,v4_lr_std74_standard_0.03,logistic
CH0644,drake,0,0,-0.4388600314001068,decision_margin,4,v4_lr_std74_standard_0.03,logistic
CH0645,rihanna,0,0,-0.6782438010700609,decision_margin,4,v4_lr_std74_standard_0.03,logistic
CH0647,rihanna,0,1,0.3040042640019608,decision_margin,4,v4_lr_std74_standard_0.03,logistic
CH0649,drake,0,0,-0.9931125852653635,decision_margin,4,v4_lr_std74_standard_0.03,logistic
CH0659,akon,0,1,0.8849843801742834,decision_margin,4,v4_lr_std74_standard_0.03,logistic
CH0674,rihanna,0,0,-0.1225540260634368,decision_margin,4,v4_lr_std74_standard_0.03,logistic
CH0698,rihanna,0,0,-1.37633099769144,decision_margin,4,v4_lr_std74_standard_0.03,logistic
CH0729,akon,0,0,-0.34130547062321137,decision_margin,4,v4_lr_std74_standard_0.03,logistic
CH0749,rihanna,0,1,0.12663797195642518,decision_margin,4,v4_lr_std74_standard_0.03,logistic
