track_id,artist_project,title,label,id,artist_hf,song,album_name
CH0049,Halsey,Without Me,1,FuVju35v7B0jtKeU,Halsey,Without Me,Without Me
CH0050,Post Malone,Wow.,1,kfiD4pEhO7oZ1gFm,Post Malone,Wow.,Wow.
CH0051,Ariana Grande,7 Rings,1,32m5suoC94ytD8Ed,Ariana Grande,7 rings,"thank u, next"
CH0052,Travis Scott,Sicko Mode,1,MwnVtpCds5ncb4zO,Travis Scott,SICKO MODE,ASTROWORLD
CH0053,Jonas Brothers,Sucker,1,0tQW05lczfbYpBtL,Jonas Brothers,Sucker,Sucker
CH0054,Ariana Grande,"Thank U, Next",1,vkOg9ZAiUgUT87k6,Ariana Grande,"thank u, next","thank u, next"
CH0055,DaBaby,Suge,1,ir03pZ2iEvbAqK9r,DaBaby,Suge,Baby On Baby
CH0057,Post Malone,Better Now,1,87Ct1HWIQ8QBLuP9,Post Malone,Better Now,beerbongs & bentleys
CH0058,Ariana Grande,"Break Up With Your Girlfriend, I'm Bored",1,YwURIu6eZDCJyuEf,Ariana Grande,"break up with your girlfriend, i'm bored","thank u, next"
CH0059,Cardi B,Money,1,jHjjxXZjojcccVHz,Cardi B,Money,Money
CH0062,Juice WRLD,Lucid Dreams,1,LkpZOWQt3SGE01IR,Juice WRLD,Lucid Dreams,Goodbye & Good Riddance
CH0063,Morgan Wallen,Whiskey Glasses,1,lDYB1rH6bqF93R5W,Morgan Wallen,Whiskey Glasses,If I Know Me
CH0066,Ariana Grande,Breathin,1,4Ftif9qQReU76eG4,Ariana Grande,breathin,Sweetener
CH0071,Drake,God's Plan,1,VM3RBqr4ZElBswPN,Drake,God's Plan,Scorpion
CH0072,Ed Sheeran,Perfect,1,cKMsg1zEPu3ZG2sG,Ed Sheeran,Perfect,÷ (Deluxe)
CH0073,Drake,In My Feelings,1,HsR3z8KwJkVfx3II,Drake,In My Feelings,Scorpion
CH0074,Drake,Nice For What,1,AbsruohDUlU7EpR9,Drake,Nice for What,Scorpion
CH0075,XXXTENTACION,Sad!,1,QtuzX5aq5liCw5hm,XXXTentacion,SAD!,?
CH0076,Camila Cabello,Never Be The Same,1,EShXQGuruxMA1cRN,Camila Cabello,Never Be the Same,Camila
CH0077,Ariana Grande,No Tears Left To Cry,1,EBB7mUheKyVbv6OI,Ariana Grande,no tears left to cry,Sweetener
CH0078,Imagine Dragons,Thunder,1,MVdLRZiR3M35J4b0,Imagine Dragons,Thunder,Evolve
CH0080,Halsey,Bad At Love,1,lpdZcQBamA2fn19d,Halsey,Bad at Love,hopeless fountain kingdom (Deluxe)
CH0081,Imagine Dragons,Whatever It Takes,1,sP0L6JGZHJ075alT,Imagine Dragons,Whatever It Takes,Evolve
CH0082,Post Malone,I Fall Apart,1,WGVP381aoqJBb29l,Post Malone,I Fall Apart,Stoney (Deluxe)
CH0083,Shawn Mendes,In My Blood,1,U7vZRy9ULsBz4WKH,Shawn Mendes,In My Blood,Shawn Mendes
CH0084,Sam Smith,Too Good At Goodbyes,1,0HNfZ7NMpnEWYRjW,Sam Smith,Too Good at Goodbyes,The Thrill Of It All (Special Edition)
CH0085,Drake,Nonstop,1,LddxFra3eYoXPfiX,Drake,Nonstop,Scorpion
CH0088,Cardi B,Be Careful,1,ytBLKUtwTES8ssRW,Cardi B,Be Careful,Invasion of Privacy
CH0089,Ariana Grande,God Is A Woman,1,TcUb75QrVdYnF7Jo,Ariana Grande,God is a woman,Sweetener
CH0090,Imagine Dragons,Natural,1,lS6K0SWtwlyvEMdz,Imagine Dragons,Natural,Origins (Deluxe)
CH0091,Ed Sheeran,Shape Of You,1,7bbCXbz5k2bdp6Kx,Ed Sheeran,Shape of You,÷ (Deluxe)
CH0092,The Weeknd,Call Out My Name,1,S4aRmaABYzoRFxBg,The Weeknd,Call Out My Name,"My Dear Melancholy,"
CH0093,Drake,I'm Upset,1,plT79gE2b2qrFeAv,Drake,I'm Upset,Scorpion
CH0094,XXXTENTACION,Moonlight,1,IC3AMRdFGbAPSuJT,XXXTentacion,Moonlight,?
CH0096,Luke Combs,One Number Away,1,MXpocmcURRU9eBOz,Luke Combs,One Number Away,This One's for You
CH0097,Imagine Dragons,Believer,1,TEoUTsR0WANQyvaQ,Imagine Dragons,Believer,Evolve
CH0098,Bruno Mars,That's What I Like,1,fdnDKcXqLvq6Azrk,Bruno Mars,That's What I Like,24K Magic
CH0099,Kendrick Lamar,Humble.,1,XdMAiUWFbd7FzJcd,Kendrick Lamar,HUMBLE.,DAMN.
CH0100,Future,Mask Off,1,zxqKvtGMOMGE2ZeX,Future,Mask Off,FUTURE
CH0101,Bruno Mars,24K Magic,1,wQLIfkQd9Cf02IB3,Bruno Mars,24K Magic,24K Magic
CH0102,Shawn Mendes,There's Nothing Holdin' Me Back,1,XzYLtol2CUUp800e,Shawn Mendes,There's Nothing Holdin' Me Back,Illuminate (Deluxe)
CH0103,Rihanna,Love On The Brain,1,hTw4SMjYA2gvcRd1,Rihanna,Love on the Brain,ANTI
CH0105,Taylor Swift,Look What You Made Me Do,1,W76HHMmaR55GOdKo,Taylor Swift,Look What You Made Me Do,reputation (Big Machine Radio Release Special)
CH0106,Ed Sheeran,Castle On The Hill,1,e7ucWjKm5ASO5yjC,Ed Sheeran,Castle on the Hill,÷ (Deluxe)
CH0107,The Chainsmokers,Paris,1,DwXutrVwvlDgpXLY,The Chainsmokers,Paris,Paris
CH0108,Shawn Mendes,Mercy,1,WgyhkBBzgS4PfS48,Shawn Mendes,Mercy,Illuminate (Deluxe)
CH0109,Halsey,Now Or Never,1,W9su7UQNvcg81Mbn,Halsey,Now or Never,hopeless fountain kingdom (Deluxe)
CH0110,Kendrick Lamar,DNA.,1,fVau64tLkXfmkKLr,Kendrick Lamar,DNA.,DAMN.
CH0111,Drake,Passionfruit,1,Up6cy8jvX0EPQBty,Drake,Passionfruit,More Life
CH0113,Luke Combs,Hurricane,1,UaqxtsBcHJzo5XGD,Luke Combs,Hurricane,This One's for You
CH0115,Harry Styles,Sign Of The Times,1,h0LCV99d7Kd4dwtv,Harry Styles,Sign of the Times,Harry Styles
CH0116,Adele,Water Under The Bridge,1,Uj90mai6ZEP6Qwwh,Adele,Water Under the Bridge,25
CH0117,Miley Cyrus,Malibu,1,FYOURggBxh7F7LYQ,Miley Cyrus,Malibu,Younger Now
CH0118,Shawn Mendes,Treat You Better,1,gBHTv0zMbp1ozSd9,Shawn Mendes,Treat You Better,Illuminate
CH0119,Justin Bieber,Love Yourself,1,UPLD6S6eyvsZN4gr,Justin Bieber,Love Yourself,Purpose (Deluxe)
CH0120,Justin Bieber,Sorry,1,MHsjV1WqZlvw886d,Justin Bieber,Sorry,Purpose (Deluxe)
CH0121,twenty one pilots,Stressed Out,1,BBaha1obZecGL5TC,Twenty One Pilots,Stressed Out,Blurryface
CH0122,Adele,Hello,1,ovi7JfEwHwZVac7L,Adele,Hello,25
CH0123,Rihanna,Needed Me,1,OCKjtIMrPY1rdtMr,Rihanna,Needed Me,ANTI
CH0124,twenty one pilots,Ride,1,0yECeqcY1EWblSB0,Twenty One Pilots,Ride,Blurryface
CH0125,Shawn Mendes,Stitches,1,NySWqo3tkFUYaeQh,Shawn Mendes,Stitches,Handwritten
CH0127,Adele,Send My Love (To Your New Lover),1,sdvsFE6Y4ChQFw53,Adele,Send My Love (To Your New Lover),25
CH0129,The Weeknd,The Hills,1,A1Wrlr0DH4rVbfhA,The Weeknd,The Hills,Beauty Behind The Madness
CH0131,Ariana Grande,Dangerous Woman,1,JIQ5UXWf7b0vXhSY,Ariana Grande,Dangerous Woman,Dangerous Woman
CH0133,Meghan Trainor,No,1,gN3HJyEplNIpIQ22,Meghan Trainor,NO,NO EXCUSES
CH0134,Ariana Grande,Into You,1,um6yqy8mZ6ByxTiQ,Ariana Grande,Into You,Dangerous Woman
CH0135,The Weeknd,In The Night,1,NzGo15jodGnYtchR,The Weeknd,In the Night,Beauty Behind The Madness
CH0136,Meghan Trainor,Me Too,1,4bwo9eFS7kpKIyCk,Meghan Trainor,Me Too,Thank You (Deluxe Version)
CH0137,Post Malone,White Iverson,1,3ddGJ4TmenmyC5Fj,Post Malone,White Iverson,Stoney (Deluxe)
CH0138,The Weeknd,Can't Feel My Face,1,xXuRT5zDQRwT35Fa,The Weeknd,Can't Feel My Face,Beauty Behind The Madness
CH0139,Coldplay,Hymn For The Weekend,1,HcZW5mmVF38SUU38,Coldplay,Hymn for the Weekend,A Head Full of Dreams
CH0141,Taylor Swift,Wildest Dreams,1,RXEHRfLp7BRlMWtj,Taylor Swift,Wildest Dreams,1989
CH0142,Adele,When We Were Young,1,T50g9cJbtZkzxeES,Adele,When We Were Young,25
CH0144,Coldplay,Adventure Of A Lifetime,1,LqeJ6YtImxR8UnlT,Coldplay,Adventure of a Lifetime,A Head Full of Dreams
CH0145,Future,Wicked,1,D5gynt2NOGjvQd43,Future,Wicked,EVOL
CH0146,Ed Sheeran,Thinking Out Loud,1,8xFD1UO8nr1qwOg6,Ed Sheeran,Thinking Out Loud,x (Deluxe Edition)
CH0148,Maroon 5,Sugar,1,GPRFim1IjN2iLmHs,Maroon 5,Sugar,V
CH0149,Taylor Swift,Blank Space,1,xJMtUAy5Lfck6yxG,Taylor Swift,Blank Space,1989 (Big Machine Radio Release Special)
CH0151,Taylor Swift,Shake It Off,1,WMPyZbE6EvI5f4wF,Taylor Swift,Shake It Off,1989
CH0152,Meghan Trainor,Lips Are Movin,1,uM14EEhx6FZThjmK,Meghan Trainor,Lips Are Movin,Title (Deluxe)
CH0153,Sam Smith,I'm Not The Only One,1,xRrv5zjNMt6jzwM9,Sam Smith,I'm Not the Only One,In The Lonely Hour
CH0154,Meghan Trainor,All About That Bass,1,Qzl8XpFfFJVn74Hc,Meghan Trainor,All About That Bass,Title (Deluxe)
CH0155,Taylor Swift,Style,1,aUK9S7VD2EMvvqXt,Taylor Swift,Style,1989
CH0156,Ed Sheeran,Photograph,1,LGqB2vDEBsIZsPi1,Ed Sheeran,Photograph,x (Deluxe Edition)
CH0157,Maroon 5,Animals,1,sgncZroLY6icxhBv,Maroon 5,Animals,V
CH0159,Sam Smith,Stay With Me,1,IsusOuul70bvkylG,Sam Smith,Stay with Me,In The Lonely Hour
CH0161,One Direction,Drag Me Down,1,0l74rMivq4JRIW5W,One Direction,Drag Me Down,Made In The A.M. (Deluxe Edition)
CH0162,Ariana Grande,One Last Time,1,mm0F1sIATS64Gti7,Ariana Grande,One Last Time,My Everything (Deluxe)
CH0163,Meghan Trainor,Dear Future Husband,1,1OAeEHzoQXvoQOOz,Meghan Trainor,Dear Future Husband,Title (Deluxe)
CH0164,Ed Sheeran,Don't,1,nVLWvWpV6nx9yHYv,Ed Sheeran,Don't,I Don't Care (with Justin Bieber)
CH0165,One Direction,Night Changes,1,vxWFZbu91hL3u4cw,One Direction,Night Changes,FOUR (Deluxe)
CH0167,Pharrell Williams,Happy,1,AhYFhuki4kduBRta,Pharrell Williams,Happy,G I R L
CH0168,Imagine Dragons,Demons,1,lZDk11KaRskQqhWf,Imagine Dragons,Demons,Night Visions
CH0169,One Direction,Story Of My Life,1,DQVENBtrk6aOa7Or,One Direction,Story of My Life,Midnight Memories (Deluxe)
CH0170,Maroon 5,Maps,1,X9AB542GPGgUycCq,Maroon 5,Maps,V
CH0171,Nicki Minaj,Anaconda,1,Av9Dn4LKlLkHmmRY,Nicki Minaj,Anaconda,The Pinkprint (Deluxe)
CH0172,Miley Cyrus,Wrecking Ball,1,3vpLjr47A2ANetid,Miley Cyrus,Wrecking Ball,Bangerz (Deluxe Version)
CH0173,Justin Timberlake,Not A Bad Thing,1,PuvanYmZ7IV6JDYv,Justin Timberlake,Not a Bad Thing,The 20/20 Experience - 2 of 2 (Deluxe)
CH0174,Katy Perry,Roar,1,3uW7vRPZg1rDThEV,Katy Perry,Roar,PRISM (Deluxe)
CH0175,Coldplay,A Sky Full Of Stars,1,ODcj49nwgvXhA46v,Coldplay,A Sky Full of Stars,Ghost Stories
CH0176,Imagine Dragons,Radioactive,1,0ng9VQtWuSjd0arq,Imagine Dragons,Radioactive,Night Visions
CH0177,Katy Perry,Birthday,1,CiQyG0hK4rZuXdYY,Katy Perry,Birthday,PRISM (Deluxe)
CH0180,Justin Timberlake,Mirrors,1,9z2L8uD3GjNoXSRs,Justin Timberlake,Mirrors,The 20/20 Experience (Deluxe Version)
CH0181,Bruno Mars,When I Was Your Man,1,U5F4JMfzI49fpU4E,Bruno Mars,When I Was Your Man,Unorthodox Jukebox
CH0182,Bruno Mars,Locked Out Of Heaven,1,C6fiS8F49bg4R1lt,Bruno Mars,Locked Out of Heaven,Unorthodox Jukebox
CH0183,Taylor Swift,I Knew You Were Trouble.,1,Du6H3gaehf6JfGWR,Taylor Swift,I Knew You Were Trouble.,Red
CH0184,Miley Cyrus,We Can't Stop,1,lHLcR3rN2klacdnW,Miley Cyrus,We Can't Stop,Bangerz (Deluxe Version)
CH0185,Rihanna,Diamonds,1,9EERk7bPIn9HNBvE,Rihanna,Diamonds,Unapologetic (Edited Version)
CH0186,Drake,Started From The Bottom,1,r11CJyIEc7DHVPTm,Drake,Started from the Bottom,Nothing Was The Same
CH0187,Maroon 5,Daylight,1,D0AdTflgurMzFo8y,Maroon 5,Daylight,Overexposed (Deluxe)
CH0188,Lady Gaga,Applause,1,USxnLgstA31jmG6q,Lady Gaga,Applause,ARTPOP
CH0189,Maroon 5,One More Night,1,SmIac9nz6QDTDs0g,Maroon 5,One More Night,Overexposed (Deluxe)
CH0190,Imagine Dragons,It's Time,1,I2lCqZd4A54SxAVB,Imagine Dragons,It's Time,Night Visions
CH0191,Maroon 5,Love Somebody,1,uiKPMS3jXFnOpKZd,Maroon 5,Love Somebody,Overexposed (Deluxe)
CH0194,Eminem,Berzerk,1,cWhOUH1b4UTQkEFF,Eminem,Berzerk,The Marshall Mathers LP2 (Deluxe)
CH0195,Rihanna,Pour It Up,1,kkLmZhNtRCtbcCHQ,Rihanna,Pour It Up,Unapologetic (Deluxe)
CH0196,Taylor Swift,22,1,qq4R5A0FFDwUtNsW,Taylor Swift,22,Red (Deluxe Edition)
CH0197,One Direction,Best Song Ever,1,kFfzTUS5cZ1VSkqU,One Direction,Best Song Ever,Midnight Memories (Deluxe)
CH0198,Ed Sheeran,The A Team,1,Fmee1lN2yst7Qy0r,Ed Sheeran,The A Team,+
CH0199,Kendrick Lamar,Swimming Pools (Drank),1,boG2Is4YcDe4oYLw,Kendrick Lamar,Swimming Pools (Drank),Swimming Pools (Drank)
CH0200,Ne-Yo,Let Me Love You (Until You Learn To Love Yourself),1,aquQ8esYSmTJujuN,Ne-Yo,Let Me Love You (Until You Learn to Love Yourself),R.E.D. (Deluxe Edition)
CH0201,Nicki Minaj,Starships,1,9ZtfD8gBZXonrJKX,Nicki Minaj,Starships,Pink Friday ... Roman Reloaded
CH0202,One Direction,What Makes You Beautiful,1,UVuQ21NbCCexmYsi,One Direction,What Makes You Beautiful,Up All Night
CH0203,Adele,Set Fire To The Rain,1,FgglYlWMesX5FDdq,Adele,Set Fire to the Rain,21
CH0204,LMFAO,Sexy And I Know It,1,UodNIylMAVda4qBR,LMFAO,Sexy and I Know It,Sorry For Party Rocking (Deluxe Version)
CH0205,Katy Perry,Wide Awake,1,emfrFnthPWX2mGuU,Katy Perry,Wide Awake,Katy Perry - Teenage Dream: The Complete Confection
CH0206,Rihanna,Where Have You Been,1,lfh4KdUXOLvYYrTi,Rihanna,Where Have You Been,Talk That Talk
CH0207,Bruno Mars,It Will Rain,1,JAWJrd3LcrC89Ds9,Bruno Mars,It Will Rain,The Twilight Saga: Breaking Dawn - Part 1 (Original Motion Picture Soundtrack)
CH0208,Justin Bieber,Boyfriend,1,i363dXMqUcqyV0hj,Justin Bieber,Boyfriend,Believe
CH0209,Katy Perry,Part Of Me,1,8xrJB9uhruYJUVAL,Katy Perry,Part of Me,Katy Perry - Teenage Dream: The Complete Confection
CH0210,Taylor Swift,We Are Never Ever Getting Back Together,1,HO2ezRzEO9zoRR0M,Taylor Swift,We Are Never Ever Getting Back Together,Red
CH0212,Katy Perry,The One That Got Away,1,aCDXOqUk2VuEZBCZ,Katy Perry,The One That Got Away,Katy Perry - Teenage Dream: The Complete Confection
CH0213,Adele,Someone Like You,1,rKhKGhLTw5HRbpZ7,Adele,Someone Like You,21
CH0214,Chris Brown,Don't Wake Me Up,1,pXfTFyMzBZ9CYblQ,Chris Brown,Don't Wake Me Up,Fortune (Expanded Edition)
CH0215,Adele,Rumour Has It,1,j6itkKH2MZQ2UP9H,Adele,Rumour Has It,21
CH0216,Coldplay,Paradise,1,bU9zsndJzZ8fRZ92,Coldplay,Paradise,Mylo Xyloto
CH0217,Carrie Underwood,Blown Away,1,sD1YIwvPTeg9cbA1,Carrie Underwood,Blown Away,Blown Away
CH0218,Adele,Rolling In The Deep,1,4U4OVmmnenJ5xGrp,Adele,Rolling in the Deep,21
CH0219,Usher,Climax,1,gMPBZluEUBf0SHsi,Usher,Climax,Looking 4 Myself (Expanded Edition)
CH0220,Nicki Minaj,Pound The Alarm,1,qSLs0sc2gDwMqSa0,Nicki Minaj,Pound the Alarm,Pink Friday ... Roman Reloaded
CH0221,Chris Brown,Turn Up The Music,1,PEFaEAWlOfoqxM3u,Chris Brown,Turn Up the Music,Fortune (Expanded Edition)
CH0222,Rihanna,You Da One,1,nr99Pb1SEvKMWZb9,Rihanna,You Da One,Talk That Talk
CH0223,Katy Perry,Firework,1,X90FM1k6kIL08QcO,Katy Perry,Firework,Katy Perry - Teenage Dream: The Complete Confection
CH0224,Bruno Mars,Grenade,1,i6sQnvbs1wdujJbo,Bruno Mars,Grenade,Doo-Wops & Hooligans
CH0225,Nicki Minaj,Super Bass,1,iG3kLv8ql5d7Qkev,Nicki Minaj,Super Bass,Pink Friday (Deluxe)
CH0226,Rihanna,S&M,1,KzEexvXpWTukDZhx,Rihanna,S&M,Loud
CH0228,Bruno Mars,Just The Way You Are,1,OlMgiYbFuwQNGl7B,Bruno Mars,Just the Way You Are,Doo-Wops & Hooligans
CH0230,Lady Gaga,Born This Way,1,QdOaCdAV1jSP1ofh,Lady Gaga,Born This Way,A Star Is Born Soundtrack (Without Dialogue)
CH0232,Lil Wayne,How To Love,1,lC6vonkApPQMR5ah,Lil Wayne,How to Love,Tha Carter IV (Deluxe)
CH0233,Bruno Mars,The Lazy Song,1,vqFYS6LzsyiT21RG,Bruno Mars,The Lazy Song,Doo-Wops & Hooligans
CH0234,Britney Spears,Till The World Ends,1,LgyYrae7q9zE3WBM,Britney Spears,Till the World Ends,Femme Fatale (Deluxe Version)
CH0235,Lady Gaga,The Edge Of Glory,1,ehMqvCz70nSVvgKG,Lady Gaga,The Edge of Glory,Born This Way
CH0236,Ke$ha,We R Who We R,1,lRLghnaPyAvhhXFy,Ke$ha,We R Who We R,Ultimate Pop Hits 2010
CH0237,Ke$ha,Blow,1,dxt2nA8f7iplzpKZ,Ke$ha,Blow,Karaoke The Best Collection
CH0238,Rihanna,Only Girl (In The World),1,9Fo06iJXGdiHd66n,Rihanna,Only Girl (In the World),Loud
CH0239,Britney Spears,I Wanna Go,1,7ybFOESP4YA8HJ5Q,Britney Spears,I Wanna Go,Femme Fatale (Deluxe Version)
CH0241,Kanye West,All Of The Lights,1,bDyLpsVjvxdjWZDG,Kanye West,All of the Lights,My Beautiful Dark Twisted Fantasy
CH0244,Avril Lavigne,What The Hell,1,WFgdVZA6oKnMGP84,Avril Lavigne,What the Hell,Goodbye Lullaby (Expanded Edition)
CH0245,Lady Gaga,You And I,1,rX7qhjhfQlLsJC4M,Lady Gaga,You And I,Born This Way
CH0246,Taylor Swift,Back To December,1,Wk8yYIWx81WiAK6M,Taylor Swift,Back to December,Speak Now
CH0247,Katy Perry,Teenage Dream,1,bgaW0PAE9g3ndI3H,Katy Perry,Teenage Dream,Katy Perry - Teenage Dream: The Complete Confection
CH0249,Drake,Headlines,1,NB1WV5meJ08E9EhN,Drake,Headlines,Take Care (Deluxe)
CH0253,Lady Gaga,Bad Romance,1,84XQ4Sjt2rbfBrEt,Lady Gaga,Bad Romance,The Fame Monster
CH0254,Rihanna,Rude Boy,1,KO5bV2cN61zILYqO,Rihanna,Rude Boy,Rated R
CH0255,Eminem,Not Afraid,1,Gm7dngkKBBkl3MJY,Eminem,Not Afraid,Recovery
CH0256,Ke$ha,Your Love Is My Drug,1,lEPUm2Z9Egqr8wYl,Ke$ha,Your Love Is My Drug,Your love is my drug
CH0258,Lady Gaga,Alejandro,1,326LMSn4SJdPnm1d,Lady Gaga,Alejandro,The Fame Monster (Deluxe)
CH0259,Taylor Swift,Mine,1,qrsBXgg2VPF46UJj,Taylor Swift,Mine,Speak Now
CH0260,Taylor Swift,You Belong With Me,1,BrIybqVN8jwIa1gG,Taylor Swift,You Belong with Me,Fearless
CH0261,Ke$ha,Take It Off,1,5XKFX0jst81vYl6V,Ke$ha,Take It Off,Take it off
CH0262,Drake,Over,1,9uChJlLyGUsMWo1P,Drake,Over,Thank Me Later
CH0263,Maroon 5,Misery,1,KcpmD9WHlBFuLLim,Maroon 5,Misery,Hands All Over (Deluxe)
CH0264,Lady Gaga,Paparazzi,1,vzLMGLnXevobIWv4,Lady Gaga,Paparazzi,The Fame
CH0265,Nicki Minaj,Your Love,1,l1ShwBBWLIceEXPv,Nicki Minaj,Your Love,Pink Friday (Deluxe)
CH0266,Miley Cyrus,Party In The U.S.A.,1,iPbNmnHajSsGPq0n,Miley Cyrus,Party in the U.S.A.,The Time Of Our Lives
CH0267,Britney Spears,3,1,5RdNYioboZLvRYPC,Britney Spears,3,The Singles Collection
CH0268,Alicia Keys,Un-Thinkable (I'm Ready),1,DsbSSHs07B3IccN5,Alicia Keys,Un-Thinkable (I'm Ready),The Element Of Freedom
CH0270,Taylor Swift,Today Was A Fairytale,1,qTnKN7r0c5brSb3u,Taylor Swift,Today Was a Fairytale,Today Was A Fairytale
CH0272,Carrie Underwood,Undo It,1,jxKGCUQqvCMNQd4N,Carrie Underwood,Undo It,Play On
CH0273,Daughtry,Life After You,1,oqTZIxQWETZyiWzn,Daughtry,Life After You,Leave This Town
CH0274,Alicia Keys,Try Sleeping With A Broken Heart,1,F8JrHvreghPsdZuD,Alicia Keys,Try Sleeping with a Broken Heart,The Element Of Freedom
CH0275,Lady Gaga,Poker Face,1,GoiGCv8sWd30BXoZ,Lady Gaga,Poker Face,The Fame
CH0276,Taylor Swift,Love Story,1,0ZawKMwMandsCEtE,Taylor Swift,Love Story,Fearless
CH0278,The Fray,You Found Me,1,eV2PINyzAQqIPsK3,The Fray,You Found Me,The Fray
CH0279,Miley Cyrus,The Climb,1,BHyAUANArhspdzuj,Miley Cyrus,The Climb,Hannah Montana The Movie
CH0280,Drake,Best I Ever Had,1,qCw5UDycGtIVP3rZ,Drake,Best I Ever Had,Thank Me Later (Int'l Version)
CH0282,Katy Perry,Hot N Cold,1,IgXQdMxxkraQWevO,Katy Perry,Hot n Cold,One Of The Boys
CH0283,Britney Spears,Circus,1,cWXpvnMaoOLOcPZx,Britney Spears,Circus,Circus (Deluxe Version)
CH0284,Lady Gaga,LoveGame,1,3Tja8CMdg1kZkZfa,Lady Gaga,LoveGame,The Fame
CH0285,Katy Perry,Waking Up In Vegas,1,2gEq8ocry6T8fyFv,Katy Perry,Waking Up in Vegas,One Of The Boys
CH0287,Britney Spears,Womanizer,1,Y8DBMCKgxRL5sF71,Britney Spears,Womanizer,Circus (Deluxe Version)
CH0288,Ne-Yo,Mad,1,TwtFpQa2IRpriRlK,Ne-Yo,Mad,Year Of The Gentleman (Bonus Track Edition)
CH0289,Kanye West,Love Lockdown,1,nn1stDQz1dfTFEoN,Kanye West,Love Lockdown,808s & Heartbreak
CH0292,Nickelback,Gotta Be Somebody,1,0Lgc4YsFJTKIOTZQ,Nickelback,Gotta Be Somebody,Dark Horse
CH0294,Coldplay,Viva La Vida,1,gX7Wjq4qPvzzqp96,Coldplay,Viva la Vida,Viva La Vida or Death and All His Friends
CH0295,Akon,Right Now (Na Na Na),1,TuKbKlvprrYRsHl6,Akon,Right Now (Na Na Na),Freedom
CH0296,Ne-Yo,Miss Independent,1,04iitW3ffa0mhpx3,Ne-Yo,Miss Independent,Year Of The Gentleman (Bonus Track Edition)
CH0297,Daughtry,No Surprise,1,X7bQrZDxfVGK3aVV,Daughtry,No Surprise,It's Not Over....The Hits So Far
CH0298,Nickelback,If Today Was Your Last Day,1,WGkNJ03DtUyOmUCZ,Nickelback,If Today Was Your Last Day,Dark Horse
CH0299,Britney Spears,If U Seek Amy,1,liugCPDXGe12SMjq,Britney Spears,If U Seek Amy,Circus (Deluxe Version)
CH0301,Rihanna,Disturbia,1,sEGBgaw9QdOHu2ht,Rihanna,Disturbia,Good Girl Gone Bad: Reloaded
CH0303,Justin Bieber,One Time,1,ml67gbxgASBRLhdG,Justin Bieber,One Time,My World
CH0304,The Fray,Never Say Never,1,Kx81zYEOaNVcYZl6,The Fray,Never Say Never,The Fray
CH0305,Leona Lewis,Bleeding Love,1,7kVURZXnP9Qtb7Ib,Leona Lewis,Bleeding Love,Spirit
CH0306,Alicia Keys,No One,1,k44IHrLH4XmaWOif,Alicia Keys,No One,As I Am (Expanded Edition)
CH0307,Chris Brown,With You,1,yLvUie5PmwKD0erG,Chris Brown,With You,Exclusive (Expanded Edition)
CH0308,Chris Brown,Forever,1,TL8X5uSVhhOgSbP6,Chris Brown,Forever,Forever
CH0309,Rihanna,Take A Bow,1,ofy6eLfSBggG4NNK,Rihanna,Take a Bow,Good Girl Gone Bad: Reloaded
CH0310,Katy Perry,I Kissed A Girl,1,DgRKwcViR1h461OP,Katy Perry,I Kissed a Girl,One Of The Boys
CH0311,Rihanna,Don't Stop The Music,1,Lh1PgK2c9VRI3eYR,Rihanna,Don't Stop the Music,Good Girl Gone Bad: Reloaded
CH0312,Ne-Yo,Closer,1,gwqCQK5DuEi239Mx,Ne-Yo,Closer,Year Of The Gentleman (Bonus Track Edition)
CH0313,Fergie,Clumsy,1,foewEpGywgeJql6J,Fergie,Clumsy,The Dutchess
CH0314,Miley Cyrus,See You Again,1,useFZcmrEOlX7tpE,Miley Cyrus,See You Again,Hannah Montana 2 / Meet Miley Cyrus
CH0315,Taylor Swift,Our Song,1,CovyQ9KZ9gOB04WT,Taylor Swift,Our Song,Taylor Swift
CH0317,Alicia Keys,Like You'll Never See Me Again,1,UTfXkiqjYJK9lUn8,Alicia Keys,Like You'll Never See Me Again,As I Am (Expanded Edition)
CH0318,Taylor Swift,Teardrops On My Guitar,1,dyJChe0hyCgAjMoK,Taylor Swift,Teardrops on My Guitar,Taylor Swift (Big Machine Radio Release Special)
CH0319,Leona Lewis,Better In Time,1,0LKmbA8Jhf0HyVJ9,Leona Lewis,Better in Time,Spirit
CH0320,Jonas Brothers,Burnin' Up,1,r5jALadk5xMgqXOK,Jonas Brothers,Burnin' Up,A Little Bit Longer
CH0321,Fergie,Big Girls Don't Cry,1,HqwHNAy1DQlJ8fGe,Fergie,Big Girls Don't Cry,The Dutchess
CH0322,Britney Spears,Piece Of Me,1,6Wa3pHMOGYEw6OQx,Britney Spears,Piece of Me,Blackout
CH0323,Miley Cyrus,7 Things,1,iZjlthHFfvqZ3Ghh,Miley Cyrus,7 Things,Breakout
CH0324,Daughtry,Feels Like Tonight,1,xdKiahNTvCwfhzdN,Daughtry,Feels Like Tonight,Daughtry
CH0326,Carrie Underwood,Before He Cheats,1,0OP4TAK0sktd372K,Carrie Underwood,Before He Cheats,Some Hearts
CH0327,Akon,Don't Matter,1,DPGhN6RAvGYvEVYY,Akon,Don't Matter,Konvicted
CH0328,Avril Lavigne,Girlfriend,1,VAfPQbtXvfEQaFr0,Avril Lavigne,Girlfriend,The Best Damn Thing (Expanded Edition)
CH0329,Maroon 5,Makes Me Wonder,1,4z8DhptSBrDOmbbP,Maroon 5,Makes Me Wonder,It Won't Be Soon Before Long.
CH0330,Daughtry,It's Not Over,1,TWZuGhL5aVxqNhdV,Daughtry,It's Not Over,Daughtry (Deluxe Edition)
CH0331,Fergie,Fergalicious,1,EQ1QVyEwtzNWfDWV,Fergie,Fergalicious,The Dutchess
CH0332,Justin Timberlake,What Goes Around...Comes Around,1,8bTBkUBYlO7DInop,Justin Timberlake,What Goes Around...Comes Around,FutureSex/LoveSounds Deluxe Edition
CH0334,Daughtry,Home,1,1d0rrZRbKBwrZZgz,Daughtry,Home,Daughtry (Deluxe Edition)
CH0335,Kanye West,Stronger,1,BbjwoLBQtBZL1YfK,Kanye West,Stronger,Graduation
CH0337,Nickelback,Rockstar,1,XwN0rgXz1jrR6RMD,Nickelback,Rockstar,All the Right Reasons (Special Edition)
CH0338,Justin Timberlake,Summer Love,1,0sOOmeyHQK7leJQT,Justin Timberlake,Summer Love,FutureSex/LoveSounds Deluxe Edition
CH0339,Nickelback,If Everyone Cared,1,cobqPU5dWFN2g6ky,Nickelback,If Everyone Cared,All the Right Reasons (Special Edition)
CH0340,Ne-Yo,Because Of You,1,o47Doa0bvshJMKF1,Ne-Yo,Because of You,Because Of You
CH0341,Justin Timberlake,SexyBack,1,x9kgSfSN5b2LtZCX,Justin Timberlake,SexyBack,50 Pop Sensations
CH0342,Avril Lavigne,Keep Holding On,1,nwCwIkN83De1v9tK,Avril Lavigne,Keep Holding On,The Best Damn Thing (Expanded Edition)
CH0344,Gwen Stefani,Wind It Up,1,HVfEjOVx2RkooC3u,Gwen Stefani,Wind It Up,The Sweet Escape
CH0345,Rihanna,Shut Up And Drive,1,dQ7foH0M8vkZuY7u,Rihanna,Shut Up and Drive,Good Girl Gone Bad: Reloaded
CH0346,Nickelback,Far Away,1,fOk0vT4HTI4QtWwF,Nickelback,Far Away,All the Right Reasons
CH0347,Justin Timberlake,LoveStoned,1,dWRyYHx9pzv6ySxb,Justin Timberlake,LoveStoned,FutureSex/LoveSounds Deluxe Edition
CH0348,Sean Paul,Temperature,1,DG4F2woJYh1Ig81S,Sean Paul,Temperature,The Trinity
CH0349,The Fray,Over My Head (Cable Car),1,UNo8XHQHm0H8asCT,The Fray,Over My Head (Cable Car),How To Save A Life
CH0350,Chris Brown,Run It!,1,i5U72S57vzbzvebC,Chris Brown,Run It!,Chris Brown (Expanded Edition)
CH0351,Ne-Yo,So Sick,1,GiYQuPMcMHpOLuaP,Ne-Yo,So Sick,In My Own Words
CH0352,Rihanna,SOS,1,GD2tddH1GpFJrynx,Rihanna,SOS,A Girl Like Me
CH0353,Fergie,London Bridge,1,leHzgHWsFghOXEYN,Fergie,London Bridge,The Dutchess
CH0355,Rihanna,Unfaithful,1,v0t30sSQq271FX84,Rihanna,Unfaithful,A Girl Like Me
CH0356,Chris Brown,Yo (Excuse Me Miss),1,Xd4m18FmyiGLfJaJ,Chris Brown,Yo (Excuse Me Miss),Chris Brown (Expanded Edition)
CH0357,T.I.,What You Know,1,mjvZLcQCLTeo1J55,T.I.,What You Know,King
CH0358,Nickelback,Savin' Me,1,o3akKJSNEEv4zgWo,Nickelback,Savin' Me,All the Right Reasons
CH0359,Ne-Yo,Sexy Love,1,i7O1MXqGItc1peRD,Ne-Yo,Sexy Love,In My Own Words
CH0360,Rascal Flatts,Life Is A Highway,1,nbI5EmAsR3uIqp9G,Rascal Flatts,Life Is a Highway,Me And My Gang
CH0361,Carrie Underwood,"Jesus, Take The Wheel",1,zD9Jcbpz0LMcvVri,Carrie Underwood,"Jesus, Take the Wheel",Some Hearts
CH0363,Chris Brown,Say Goodbye,1,w1DNGoZLFFnLQO7L,Chris Brown,Say Goodbye,Chris Brown (Expanded Edition)
CH0364,Eminem,When I'm Gone,1,1Eat2dXRmH9lDF25,Eminem,When I'm Gone,Curtain Call
CH0406,Ariana Grande,Santa Tell Me,0,dB2gDmZ8Dp35ToNd,Ariana Grande,Santa Tell Me,Santa Tell Me
CH0469,Imagine Dragons,Bad Liar,0,mGgpJi5DgKSn3qKl,Imagine Dragons,Bad Liar,Origins (Deluxe)
CH0472,Juice WRLD,Hear Me Calling,0,AkLsPFsWyNXZLk0u,Juice WRLD,Hear Me Calling,Death Race For Love
CH0475,Carrie Underwood,Love Wins,0,E5SXhvXwYZqyNNfo,Carrie Underwood,Love Wins,Cry Pretty
CH0478,Lil Wayne,Uproar,0,mx4JZ59v8FYgxblg,Lil Wayne,Uproar,Tha Carter V
CH0479,XXXTENTACION,BAD!,0,YlyMFadB7mkG4K8t,XXXTentacion,BAD!,BAD!
CH0482,Juice WRLD,Armed And Dangerous,0,Y9MLLewiXNuZWQyF,Juice WRLD,Armed and Dangerous,Goodbye & Good Riddance
CH0484,Drake,Mob Ties,0,rewGUIQQu7XqvY1j,Drake,Mob Ties,Scorpion
CH0485,Juice WRLD,All Girls Are The Same,0,rDNYBGHtNbCQzHu8,Juice WRLD,all girls are the same,Goodbye & Good Riddance
CH0486,Carrie Underwood,Cry Pretty,0,My9sVFqfYLgktZrq,Carrie Underwood,Cry Pretty,Cry Pretty
CH0487,twenty one pilots,Jumpsuit,0,COMGz452z4yxC8Sx,Twenty One Pilots,Jumpsuit,Trench
CH0488,Kanye West,All Mine,0,vvHwOaRRpocbF3hs,Kanye West,All Mine,ye
CH0490,Drake,Emotionless,0,SuoCWL5SysFFarIZ,Drake,Emotionless,Scorpion
CH0492,Meghan Trainor,No Excuses,0,T0oHOguSciW7gOsa,Meghan Trainor,No Excuses,NO EXCUSES
CH0495,XXXTENTACION,The Remedy For A Broken Heart (Why Am I So In Love),0,ZPGlYKsTblbyJPiD,XXXTentacion,tHe rEmEdY fOr A bRoKeN hEaRt (wHy aM i sO iN lOvE),?
CH0496,Post Malone,Candy Paint,0,dVLg34HafHN2B9lW,Post Malone,Candy Paint,beerbongs & bentleys
CH0497,Taylor Swift,...Ready For It?,0,Bcu5LoBHKJGgE3wO,Taylor Swift,...Ready for It?,reputation
CH0499,Eminem,Believe,0,BvavHfrEqUNNphJD,Eminem,Believe,Revival
CH0500,Luke Combs,When It Rains It Pours,0,vM19ZgX2PKiP6P4w,Luke Combs,When It Rains It Pours,This One's for You
CH0502,XXXTENTACION,Jocelyn Flores,0,QWFOaJ0JJClAntBg,XXXTentacion,Jocelyn Flores,17
CH0503,Taylor Swift,Gorgeous,0,RLr5e7MmIsMyGzLR,Taylor Swift,Gorgeous,reputation
CH0505,Post Malone,Go Flex,0,9w9gcgpKBBcZMXHL,Post Malone,Go Flex,Stoney (Deluxe)
CH0506,Bruno Mars,Versace On The Floor,0,kWGPFJxd2ZNw2vxO,Bruno Mars,Versace on the Floor,24K Magic
CH0509,Camila Cabello,Crying In The Club,0,oH3X6iO8y0mtFLjL,Camila Cabello,Crying in the Club,Crying in the Club
CH0511,Lady Gaga,The Cure,0,KKhEDeR10tJVjT5x,Lady Gaga,The Cure,The Cure
CH0513,The Weeknd,Reminder,0,P7uU05NIUWOrnRi2,The Weeknd,Reminder,Starboy
CH0514,Kendrick Lamar,Element.,0,aKrK1ilNBUJmFyFc,Kendrick Lamar,ELEMENT.,DAMN.
CH0515,Lady Gaga,Million Reasons,0,jIUWmcXQ80Xn31CI,Lady Gaga,Million Reasons,Joanne (Deluxe)
CH0516,Nicki Minaj,Regret In Your Tears,0,9Iojy4zbIfaYYqDX,Nicki Minaj,Regret in Your Tears,Regret In Your Tears
CH0517,Ed Sheeran,Galway Girl,0,7I0SNqYAVs4StrdH,Ed Sheeran,Galway Girl,÷ (Deluxe)
CH0520,Ed Sheeran,Dive,0,6vKQhLVmnH9prxNT,Ed Sheeran,Dive,÷ (Deluxe)
CH0521,Carrie Underwood,Dirty Laundry,0,fwUr3M6iMR0269RG,Carrie Underwood,Dirty Laundry,Storyteller
CH0525,Katy Perry,Rise,0,R04V6BMT4lFq1Mcj,Katy Perry,Rise,Rise
CH0527,Fetty Wap,Wake Up,0,QlzYoBKNeRKr6baB,Fetty Wap,Wake Up,Wake Up
CH0528,Kanye West,Famous,0,G6hj4OEpvXz6POAz,Kanye West,Famous,The Life Of Pablo
CH0529,Fergie,M.I.L.F. $,0,CDYHskmt3s9anoMP,Fergie,M.I.L.F. $,Double Dutchess
CH0532,Carrie Underwood,Heartbeat,0,dd210whEmjvRTtpk,Carrie Underwood,Heartbeat,Storyteller
CH0534,Taylor Swift,New Romantics,0,YYttFoloC0q8XXEx,Taylor Swift,New Romantics,1989 (Deluxe Edition)
CH0536,Justin Bieber,Company,0,HXsF0S8VlJD4aEoa,Justin Bieber,Company,Purpose (Deluxe)
CH0538,Gwen Stefani,Make Me Like You,0,x6FmWdQmnikxX4Md,Gwen Stefani,Make Me Like You,This Is What The Truth Feels Like
CH0539,Ariana Grande,Focus,0,D4f8YcGJXEhZJcig,Ariana Grande,Focus,Focus
CH0541,Justin Bieber,I'll Show You,0,wi08y7b74j31Ywn2,Justin Bieber,I'll Show You,Purpose (Deluxe)
CH0542,Gwen Stefani,Used To Love You,0,J4IE1dKL7swenCvG,Gwen Stefani,Used to Love You,This Is What The Truth Feels Like
CH0543,Halsey,New Americana,0,B4fJRWgsQ3f0D7yZ,Halsey,New Americana,BADLANDS
CH0545,Carrie Underwood,Smoke Break,0,hV7LuNfDJFhQt8K8,Carrie Underwood,Smoke Break,Storyteller
CH0547,Justin Bieber,Mark My Words,0,NTNVEBvtGPK2pCVh,Justin Bieber,Mark My Words,Purpose (Deluxe)
CH0549,Justin Bieber,Children,0,ZSiAHiay6ZLlgjeP,Justin Bieber,Children,Purpose (Deluxe)
CH0551,Justin Bieber,Been You,0,vN785Sseuza5Pyiy,Justin Bieber,Been You,Purpose (Deluxe)
CH0552,One Direction,If I Could Fly,0,kaTWQ3nrtosEWVFl,One Direction,If I Could Fly,Made In The A.M. (Deluxe Edition)
CH0553,One Direction,Olivia,0,IOVRWAEM4YKRZbR4,One Direction,Olivia,Made In The A.M. (Deluxe Edition)
CH0554,Justin Bieber,Get Used To It,0,iD9paQje51Kae4mX,Justin Bieber,Get Used To It,Purpose (Deluxe)
CH0555,One Direction,A.M.,0,ZqkKQJ0LkofetMs4,One Direction,A.M.,Made In The A.M. (Deluxe Edition)
CH0557,One Direction,Temporary Fix,0,qEK60KgB2K85OqKT,One Direction,Temporary Fix,Made In The A.M. (Deluxe Edition)
CH0561,Nicki Minaj,The Night Is Still Young,0,lULVeecap4xtvarT,Nicki Minaj,The Night Is Still Young,The Pinkprint (Deluxe)
CH0563,Carrie Underwood,Little Toy Guns,0,3v8XtKKNq40IOHCP,Carrie Underwood,Little Toy Guns,Greatest Hits: Decade #1
CH0564,Kendrick Lamar,Alright,0,ms5Y6HGhKJRgAEfe,Kendrick Lamar,Alright,To Pimp A Butterfly
CH0565,twenty one pilots,Tear In My Heart,0,VCFEdiDe9DmaHTQl,Twenty One Pilots,Tear in My Heart,Blurryface
CH0567,Imagine Dragons,I Bet My Life,0,oj8ts8pbJ638PBwU,Imagine Dragons,I Bet My Life,Smoke + Mirrors
CH0569,Kendrick Lamar,King Kunta,0,DKfqiNeEU6glhLtz,Kendrick Lamar,King Kunta,To Pimp A Butterfly
CH0573,twenty one pilots,Fairly Local,0,RQ4ZF9bRVhym115p,Twenty One Pilots,Fairly Local,Blurryface
CH0574,Carrie Underwood,Something In The Water,0,4ynKDzjeGGkq8JOt,Carrie Underwood,Something in the Water,Greatest Hits: Decade #1
CH0575,Fergie,L.A.LOVE (la la),0,dYjPnZ76Pj0fe2Av,Fergie,L.A.LOVE (la la),Double Dutchess
CH0576,One Direction,Steal My Girl,0,OWpUk8iwm6l2Tmdg,One Direction,Steal My Girl,FOUR (Deluxe)
CH0578,Kendrick Lamar,i,0,ZzEbCHIWNhs3KO2i,Kendrick Lamar,i,i
CH0579,Gwen Stefani,Baby Don't Lie,0,1xmP49cWq6k1JhaJ,Gwen Stefani,Baby Don't Lie,Baby Don't Lie
CH0582,Nicki Minaj,Pills N Potions,0,j1KyMX4qo1xhFIqE,Nicki Minaj,Pills N Potions,The Pinkprint (Deluxe)
CH0583,Pharrell Williams,Come Get It Bae,0,KOT0B31EpP6yZIv1,Pharrell Williams,Come Get It Bae,G I R L
CH0584,Usher,Good Kisser,0,c80eWCAaTlLlJPXX,Usher,Good Kisser,Good Kisser
CH0585,Bruno Mars,Young Girls,0,y6hGYhYO75plpoZG,Bruno Mars,Young Girls,Unorthodox Jukebox
CH0587,Coldplay,Magic,0,zs8HfoDBJLYAtDrU,Coldplay,Magic,Ghost Stories
CH0588,Imagine Dragons,On Top Of The World,0,nlgMHNZ0qCS2vdmV,Imagine Dragons,On Top of the World,Night Visions (Deluxe)
CH0589,Katy Perry,Unconditionally,0,oed874gCtftyvvV9,Katy Perry,Unconditionally,PRISM (Deluxe)
CH0591,Drake,The Language,0,HJak8rJJr5v8RRqW,Drake,The Language,Nothing Was The Same
CH0592,Justin Timberlake,TKO,0,jQBtgQK0UoRTMZqc,Justin Timberlake,TKO,The 20/20 Experience - 2 of 2 (Deluxe)
CH0593,Justin Bieber,All That Matters,0,gyXgfQKk3xIuMn6n,Justin Bieber,All That Matters,Journals
CH0594,Kanye West,Bound 2,0,0kAx1WluUmlF8EYA,Kanye West,Bound 2,Yeezus
CH0596,Britney Spears,Perfume,0,EW0SFqwiE6dxE0J2,Britney Spears,Perfume,Britney Jean (Deluxe Version)
CH0597,Drake,Worst Behavior,0,CKT0RcoGLqZWz5Bk,Drake,Worst Behavior,Nothing Was The Same
CH0598,Daughtry,Waiting For Superman,0,twZa5028OAb1bOmd,Daughtry,Waiting for Superman,Baptized (Deluxe Version)
CH0599,Eminem,Survival,0,SbuT5tnvAgwITUOl,Eminem,Survival,The Marshall Mathers LP2 (Deluxe)
CH0601,One Direction,Midnight Memories,0,x3wfcyxEQjeCrl8b,One Direction,Midnight Memories,Midnight Memories (Deluxe)
CH0602,Rihanna,What Now,0,42xjjaDcSkA3Qwe0,Rihanna,What Now,Unapologetic (Deluxe)
CH0603,Bruno Mars,Gorilla,0,CxnfN2DoTEkvoOfE,Bruno Mars,Gorilla,Unorthodox Jukebox
CH0606,Ariana Grande,Last Christmas,0,cabFmNQGqRzD5ziI,Ariana Grande,Last Christmas,Christmas Kisses
CH0607,Justin Timberlake,Take Back The Night,0,GVOsPltnnQI3R4bN,Justin Timberlake,Take Back the Night,The 20/20 Experience - 2 of 2 (Deluxe)
CH0608,Britney Spears,Ooh La La,0,FhqidprAFQuWLsdr,Britney Spears,Ooh La La,"Ooh La La (from ""The Smurfs 2"")"
CH0609,Avril Lavigne,Here's To Never Growing Up,0,RgyVvABSfX0n0IRY,Avril Lavigne,Here's to Never Growing Up,Avril Lavigne (Expanded Edition)
CH0610,Chris Brown,Fine China,0,kyPo9opsPE542zTX,Chris Brown,Fine China,X (Expanded Edition)
CH0611,Carrie Underwood,Two Black Cadillacs,0,lGj9ljE95eCPgURG,Carrie Underwood,Two Black Cadillacs,Blown Away
CH0612,One Direction,Kiss You,0,JssRsjqbYK0pxhNt,One Direction,Kiss You,Take Me Home: Yearbook Edition
CH0613,Justin Timberlake,Pusher Love Girl,0,3WKpA7U7eqvNLMte,Justin Timberlake,Pusher Love Girl,The 20/20 Experience (Deluxe Version)
CH0614,Future,Neva End,0,SXOftMeTB6uzalYw,Future,Neva End,Pluto
CH0616,Kendrick Lamar,"Bitch, Don't Kill My Vibe",0,TYzE3GZ09bemtB4Y,Kendrick Lamar,"Bitch, Don't Kill My Vibe","good kid, m.A.A.d city (Deluxe)"
CH0618,Nicki Minaj,Va Va Voom,0,lGyL0iMHYyOrk5nR,Nicki Minaj,Va Va Voom,Pink Friday ... Roman Reloaded (Deluxe)
CH0619,One Direction,Little Things,0,3sYGKEcdzPJb3MUD,One Direction,Little Things,Take Me Home: Yearbook Edition
CH0620,The Weeknd,Wicked Games,0,3XjZWZ3sqHQotnyS,The Weeknd,Wicked Games,Trilogy
CH0622,Adele,Skyfall,0,fyTPYIaKV4tfEYvk,Adele,Skyfall,Skyfall (Full Length)
CH0623,One Direction,Live While We're Young,0,SsgJQdIi3BfhW3m3,One Direction,Live While We're Young,Take Me Home: Yearbook Edition
CH0624,Taylor Swift,Begin Again,0,GS9sA7w27UQ992Pm,Taylor Swift,Begin Again,Red
CH0625,Future,Turn On The Lights,0,vBZlNObQdxem1CeC,Future,Turn On The Lights,Pluto 3D
CH0628,One Direction,One Thing,0,CU6NaaE7sTBOesXT,One Direction,One Thing,Up All Night
CH0629,Taylor Swift,Eyes Open,0,VSx4dyV7xeMsTltE,Taylor Swift,Eyes Open,The Hunger Games: Songs From District 12 And Beyond
CH0630,Taylor Swift,Ours,0,d9eV13r4muvEHBGZ,Taylor Swift,Ours,Speak Now (Deluxe Edition)
CH0632,LMFAO,Sorry For Party Rocking,0,MPbTPV2pUgDvLWWp,LMFAO,Sorry for Party Rocking,Sorry For Party Rocking
CH0633,Justin Bieber,Mistletoe,0,q4lQaiyJV4n3IrvT,Justin Bieber,Mistletoe,Under The Mistletoe (Deluxe Edition)
CH0634,Lady Gaga,Marry The Night,0,d5VGL7Ot4cnPJ2ui,Lady Gaga,Marry the Night,Born This Way
CH0635,Nickelback,When We Stand Together,0,Kg9bo7DtSfUG4B1Q,Nickelback,When We Stand Together,Here and Now (Audio Only Version)
CH0636,Avril Lavigne,Wish You Were Here,0,5fz08CJx42Ia7DrS,Avril Lavigne,Wish You Were Here,Goodbye Lullaby (Expanded Edition)
CH0639,Nicki Minaj,Stupid Hoe,0,sJ1U8EUHksZcyFW8,Nicki Minaj,Stupid Hoe,Pink Friday ... Roman Reloaded
CH0640,Taylor Swift,If This Was A Movie,0,2NSju7FYSA1ggOJ7,Taylor Swift,If This Was a Movie,Speak Now (Deluxe Edition)
CH0641,Taylor Swift,Sparks Fly,0,Sby9Znztm2WXgqfK,Taylor Swift,Sparks Fly,Speak Now (Deluxe Edition)
CH0643,Britney Spears,Criminal,0,Ms2pWank5m6KEsp9,Britney Spears,Criminal,Femme Fatale (Deluxe Version)
CH0644,Drake,Shot For Me,0,j58UUT5phAeHaWwd,Drake,Shot for Me,Take Care (Deluxe)
CH0645,Rihanna,California King Bed,0,s1EqdNLL9dsDrt8K,Rihanna,California King Bed,Loud
CH0646,Taylor Swift,Mean,0,iubJ7paGnrLWcuop,Taylor Swift,Mean,Speak Now
CH0647,Rihanna,Man Down,0,4rZKXzz2T8WDhrZS,Rihanna,Man Down,Loud
CH0649,Drake,Marvins Room,0,0cuo4JAsQZ337r1q,Drake,Marvins Room,Take Care (Deluxe)
CH0650,Avril Lavigne,Smile,0,d7vF3ohcsKQRg5ii,Avril Lavigne,Smile,Goodbye Lullaby (Expanded Edition)
CH0651,Taylor Swift,The Story Of Us,0,GmHwPwdzci39Corm,Taylor Swift,The Story of Us,Speak Now
CH0655,Nicki Minaj,Right Thru Me,0,YK8s7Bz2QIY7Da0H,Nicki Minaj,Right Thru Me,Pink Friday (Deluxe)
CH0656,Carrie Underwood,Mama's Song,0,SuT91XJEtJRsPohS,Carrie Underwood,Mama's Song,Greatest Hits: Decade #1
CH0658,Daughtry,September,0,Pg3QzxAKzcqReEGB,Daughtry,September,Leave This Town
CH0659,Akon,Angel,0,YPuPzSCKYc6wHkms,Akon,Angel,Angel
CH0661,Ne-Yo,Beautiful Monster,0,m8XEbrVUsdAMvB3i,Ne-Yo,Beautiful Monster,Libra Scale
CH0662,Nickelback,This Afternoon,0,PChWhhZzDyNERVxT,Nickelback,This Afternoon,Dark Horse
CH0665,Miley Cyrus,Can't Be Tamed,0,Qec1UFnP5rlFyo96,Miley Cyrus,Can't Be Tamed,Can't Be Tamed
CH0666,Justin Bieber,U Smile,0,VGT0ejbkVQVAOuqU,Justin Bieber,U Smile,My World 2.0
CH0667,Carrie Underwood,Temporary Home,0,zzbrm6nHm8grTZeF,Carrie Underwood,Temporary Home,Play On
CH0670,Taylor Swift,Fearless,0,e8NYNKrOvLenLEz8,Taylor Swift,Fearless,Fearless
CH0671,Avril Lavigne,Alice,0,WlbMwCSHTEc1frGa,Avril Lavigne,Alice,Goodbye Lullaby (Expanded Edition)
CH0672,Taylor Swift,Fifteen,0,7YUu0uDtV3y8I3em,Taylor Swift,Fifteen,Fearless
CH0673,Carrie Underwood,Cowboy Casanova,0,6MKJCNCxfeK3upX1,Carrie Underwood,Cowboy Casanova,Play On
CH0674,Rihanna,Russian Roulette,0,5GiHEAuvIpIpahEi,Rihanna,Russian Roulette,Rated R
CH0675,Alicia Keys,Empire State Of Mind (Part II) Broken Down,0,1cMEBIIqjQ1P2VmJ,Alicia Keys,Empire State of Mind (Part II) Broken Down,The Element Of Freedom
CH0676,Justin Bieber,One Less Lonely Girl,0,Lh9OREengDyz8Grp,Justin Bieber,One Less Lonely Girl,My World
CH0678,Nickelback,Never Gonna Be Alone,0,fZtRkgwruZl0WRgw,Nickelback,Never Gonna Be Alone,Dark Horse
CH0680,Chris Brown,Crawl,0,vHyf1G6okQOJSrUJ,Chris Brown,Crawl,Graffiti (Expanded Edition)
CH0684,Alicia Keys,Doesn't Mean Anything,0,XW3ZgDjYvsoX7ooQ,Alicia Keys,Doesn't Mean Anything,The Element Of Freedom
CH0685,Justin Bieber,Bigger,0,u069Vg5qEJPEvkmv,Justin Bieber,Bigger,My World
CH0690,Daughtry,You Don't Belong,0,RIQzXwyUjJWYzu7s,Daughtry,You Don't Belong,Leave This Town
CH0691,Eminem,Beautiful,0,rFrw64mDIHnfO5Rf,Eminem,Beautiful,Relapse: Refill
CH0694,Katy Perry,Thinking Of You,0,MihR2t8dMX9eOEOv,Katy Perry,Thinking of You,One Of The Boys
CH0696,Miley Cyrus,Hoedown Throwdown,0,41C1oKJEK9kmOJTa,Miley Cyrus,Hoedown Throwdown,Hannah Montana The Movie
CH0697,Taylor Swift,You're Not Sorry,0,Bqw7QggGdglxwqu4,Taylor Swift,You're Not Sorry,Fearless
CH0698,Rihanna,Rehab,0,BBsYY7cGJGl0lsMF,Rihanna,Rehab,Good Girl Gone Bad
CH0701,Carrie Underwood,Just A Dream,0,DKHGX9ffOiFTGUVj,Carrie Underwood,Just a Dream,Carnival Ride
CH0702,Leona Lewis,Run,0,Fy1UkIfu8wWdQBlU,Leona Lewis,Run,Sing Me to Sleep
CH0703,Daughtry,What About Now,0,okBibb3Q0k6xhWUl,Daughtry,What About Now,Daughtry
CH0704,Nickelback,I'd Come For You,0,w27Z0tEdYFJJVg86,Nickelback,I'd Come for You,Dark Horse
CH0705,Jonas Brothers,Lovebug,0,ubWdv3Z9CRVQWbTq,Jonas Brothers,Lovebug,A Little Bit Longer
CH0706,Jonas Brothers,Pushin' Me Away,0,Jf1SxBDpOZaNuFLp,Jonas Brothers,Pushin' Me Away,A Little Bit Longer
CH0707,Taylor Swift,Should've Said No,0,d9lbCfoluX4nL1nF,Taylor Swift,Should've Said No,Taylor Swift
CH0709,Alicia Keys,Teenage Love Affair,0,305Grk7cARdFuECa,Alicia Keys,Teenage Love Affair,As I Am (Expanded Edition)
CH0712,Jonas Brothers,Play My Music,0,HBgCbCYmDkKH3QGq,Jonas Brothers,Play My Music,Camp Rock
CH0713,Jonas Brothers,When You Look Me In The Eyes,0,BDiA9MPcnVIeHMGQ,Jonas Brothers,When You Look Me in the Eyes,Jonas Brothers
CH0714,Carrie Underwood,All-American Girl,0,STkkYKrZH02IHKmP,Carrie Underwood,All-American Girl,Carnival Ride
CH0715,Taylor Swift,Picture To Burn,0,NLDnWLcmYl9vluUM,Taylor Swift,Picture to Burn,Taylor Swift
CH0716,Britney Spears,Break The Ice,0,qr7l3zZju9kS4Azs,Britney Spears,Break the Ice,Blackout
CH0717,Maroon 5,Won't Go Home Without You,0,Hseuo3G6TyErbkmt,Maroon 5,Won't Go Home Without You,It Won't Be Soon Before Long.
CH0719,Daughtry,Over You,0,JPt3d6I02o8NZlOl,Daughtry,Over You,Daughtry
CH0720,Maroon 5,Wake Up Call,0,Nlh671ChEHYhVhH2,Maroon 5,Wake Up Call,It Won't Be Soon Before Long.
CH0722,Britney Spears,Gimme More,0,l37cVEDES82eQsD9,Britney Spears,Gimme More,Blackout
CH0723,Carrie Underwood,So Small,0,lPush1WVRmJkcC1H,Carrie Underwood,So Small,Carnival Ride
CH0725,Mary J. Blige,Work That,0,9m5NtEigocs6wPvu,Mary J. Blige,Work That,Growing Pains
CH0726,Jonas Brothers,S.O.S.,0,zESQLjDpIo5GGYOM,Jonas Brothers,S.O.S.,Jonas Brothers
CH0729,Akon,"Sorry, Blame It On Me",0,YU8nKJzUhEYopLrZ,Akon,"Sorry, Blame It On Me",Konvicted
CH0731,Avril Lavigne,When You're Gone,0,ZkL7v5NORrgvR7eo,Avril Lavigne,When You're Gone,The Best Damn Thing (Expanded Edition)
CH0732,Gwen Stefani,4 In The Morning,0,V1kh2D4q08uK6wGh,Gwen Stefani,4 in the Morning,The Sweet Escape
CH0734,Kanye West,Can't Tell Me Nothing,0,kfZxBoyOwuapCBNd,Kanye West,Can't Tell Me Nothing,Graduation
CH0735,Carrie Underwood,Wasted,0,SYUxiSsmfNYJyuLQ,Carrie Underwood,Wasted,Some Hearts
CH0736,The Fray,Look After You,0,qH51SjfnrflMF2LM,The Fray,Look After You,How To Save A Life
CH0738,Jonas Brothers,Year 3000,0,tn1zaGGsAY7gDc6G,Jonas Brothers,Year 3000,Music From Chasing Happiness
CH0739,Rascal Flatts,My Wish,0,02cqDSNdfTyOD1AI,Rascal Flatts,My Wish,Me And My Gang
CH0740,Taylor Swift,Tim McGraw,0,mb3gfWnBLSFu2ynL,Taylor Swift,Tim McGraw,Taylor Swift
CH0742,Mary J. Blige,Take Me As I Am,0,e42BDZS0sZlTx5mu,Mary J. Blige,Take Me As I Am,The Breakthrough
CH0746,Carrie Underwood,Don't Forget To Remember Me,0,XBJO4siWuABhJR8Z,Carrie Underwood,Don't Forget to Remember Me,Some Hearts
CH0748,Gwen Stefani,Luxurious,0,o3qYQhwTtW8TnTok,Gwen Stefani,Luxurious,Love Angel Music Baby
CH0749,Rihanna,If It's Lovin' That You Want,0,WQ8Hw0kLgQSYhuLy,Rihanna,If It's Lovin' That You Want,Music Of The Sun
