track_id,artist_group,label,candidate,fold,prediction,score
CH0008,ed sheeran,1,lr_mi_50,0,0,-0.874596877551644
CH0015,doja cat,1,lr_mi_50,0,1,1.0205708146583234
CH0018,doja cat,1,lr_mi_50,0,0,-0.9093314952265925
CH0026,maroon 5,1,lr_mi_50,0,0,-0.8553757383591011
CH0027,doja cat,1,lr_mi_50,0,0,-0.1344241549902781
CH0072,ed sheeran,1,lr_mi_50,0,1,0.34215269951631216
CH0076,camila cabello,1,lr_mi_50,0,1,0.001211227443181237
CH0087,maroon 5,1,lr_mi_50,0,1,0.3416178443895923
CH0091,ed sheeran,1,lr_mi_50,0,1,0.20712295096824918
CH0106,ed sheeran,1,lr_mi_50,0,0,-0.7280494477389753
CH0121,twenty one pilots,1,lr_mi_50,0,0,-0.2960351334203691
CH0124,twenty one pilots,1,lr_mi_50,0,1,0.2213736558651357
CH0139,coldplay,1,lr_mi_50,0,0,-0.6451140284833513
CH0144,coldplay,1,lr_mi_50,0,1,0.021207286096293687
CH0146,ed sheeran,1,lr_mi_50,0,0,-1.546241502681321
CH0148,maroon 5,1,lr_mi_50,0,0,-0.38300977725683233
CH0156,ed sheeran,1,lr_mi_50,0,1,0.1821409559705775
CH0157,maroon 5,1,lr_mi_50,0,0,-0.01194869608549852
CH0164,ed sheeran,1,lr_mi_50,0,0,-0.6915988434446135
CH0170,maroon 5,1,lr_mi_50,0,0,-0.16014144579693368
CH0175,coldplay,1,lr_mi_50,0,0,-0.02482567770085852
CH0187,maroon 5,1,lr_mi_50,0,0,-1.148658094457606
CH0189,maroon 5,1,lr_mi_50,0,1,0.5143241463937261
CH0191,maroon 5,1,lr_mi_50,0,1,0.8192521621775097
CH0193,ke$ha,1,lr_mi_50,0,0,-1.1085454922835714
CH0198,ed sheeran,1,lr_mi_50,0,1,0.30967116918272086
CH0200,ne-yo,1,lr_mi_50,0,1,1.6339604582294978
CH0216,coldplay,1,lr_mi_50,0,0,-0.5236480467918573
CH0234,britney spears,1,lr_mi_50,0,1,0.6058773405829002
CH0236,ke$ha,1,lr_mi_50,0,1,1.5344340402797954
CH0237,ke$ha,1,lr_mi_50,0,1,1.3513903703638035
CH0239,britney spears,1,lr_mi_50,0,1,1.622591214395151
CH0242,britney spears,1,lr_mi_50,0,1,0.38175785929829414
CH0244,avril lavigne,1,lr_mi_50,0,1,1.3282419891695836
CH0252,ke$ha,1,lr_mi_50,0,1,0.9286423219643974
CH0256,ke$ha,1,lr_mi_50,0,1,0.8277997674496211
CH0261,ke$ha,1,lr_mi_50,0,0,-0.278145798002692
CH0263,maroon 5,1,lr_mi_50,0,0,-0.7068396087016369
CH0267,britney spears,1,lr_mi_50,0,1,0.8026018979260532
CH0283,britney spears,1,lr_mi_50,0,0,-0.6302456337971786
CH0287,britney spears,1,lr_mi_50,0,0,-0.9710053267183704
CH0288,ne-yo,1,lr_mi_50,0,1,0.19896819636392754
CH0294,coldplay,1,lr_mi_50,0,1,0.5484380298136226
CH0296,ne-yo,1,lr_mi_50,0,1,0.21723245195287916
CH0299,britney spears,1,lr_mi_50,0,1,1.311051603996385
CH0312,ne-yo,1,lr_mi_50,0,1,0.057887696282716325
CH0322,britney spears,1,lr_mi_50,0,0,-0.6887457680425947
CH0328,avril lavigne,1,lr_mi_50,0,1,0.2925450201914782
CH0329,maroon 5,1,lr_mi_50,0,1,0.24907905779730094
CH0340,ne-yo,1,lr_mi_50,0,0,-0.4198248684354296
CH0342,avril lavigne,1,lr_mi_50,0,0,-0.27923189531769804
CH0344,gwen stefani,1,lr_mi_50,0,1,1.6321603080183194
CH0351,ne-yo,1,lr_mi_50,0,1,0.03608665317640118
CH0354,rascal flatts,1,lr_mi_50,0,1,1.1123559610800806
CH0359,ne-yo,1,lr_mi_50,0,1,0.13327704868919032
CH0360,rascal flatts,1,lr_mi_50,0,1,0.13052661409409694
CH0365,ne-yo,1,lr_mi_50,0,1,1.0549409886699184
CH0370,ed sheeran,0,lr_mi_50,0,0,-1.26964799824393
CH0386,doja cat,0,lr_mi_50,0,0,-0.2487119382193939
CH0393,doja cat,0,lr_mi_50,0,1,0.060969513885797785
CH0394,camila cabello,0,lr_mi_50,0,1,0.0006231243721166874
CH0408,ed sheeran,0,lr_mi_50,0,0,-1.023663778446361
CH0459,doja cat,0,lr_mi_50,0,1,0.6068234099799718
CH0481,camila cabello,0,lr_mi_50,0,0,-0.06533194887365908
CH0487,twenty one pilots,0,lr_mi_50,0,0,-1.286344345576581
CH0508,rascal flatts,0,lr_mi_50,0,1,0.14915922509331003
CH0509,camila cabello,0,lr_mi_50,0,0,-1.1243720860104254
CH0517,ed sheeran,0,lr_mi_50,0,0,-0.2545642117636387
CH0520,ed sheeran,0,lr_mi_50,0,0,-1.6347498893336796
CH0533,rascal flatts,0,lr_mi_50,0,0,-1.0171339693187529
CH0538,gwen stefani,0,lr_mi_50,0,0,-1.0968545065319308
CH0542,gwen stefani,0,lr_mi_50,0,1,0.14906082574659818
CH0560,maroon 5,0,lr_mi_50,0,0,-0.1733877689858554
CH0565,twenty one pilots,0,lr_mi_50,0,0,-1.299553707314048
CH0573,twenty one pilots,0,lr_mi_50,0,0,-0.6169180997796794
CH0579,gwen stefani,0,lr_mi_50,0,0,-3.1316241725270495
CH0586,rascal flatts,0,lr_mi_50,0,1,0.3587372901771209
CH0587,coldplay,0,lr_mi_50,0,0,-0.4800295508392264
CH0596,britney spears,0,lr_mi_50,0,0,-0.6490136571078464
CH0605,britney spears,0,lr_mi_50,0,0,-0.3889694247079383
CH0608,britney spears,0,lr_mi_50,0,0,-0.17307957217523423
CH0609,avril lavigne,0,lr_mi_50,0,1,0.4628286484072068
CH0615,ke$ha,0,lr_mi_50,0,0,-0.00512694177693819
CH0617,rascal flatts,0,lr_mi_50,0,0,-0.5861286968859467
CH0626,rascal flatts,0,lr_mi_50,0,0,-0.6999285848317167
CH0631,rascal flatts,0,lr_mi_50,0,1,0.30575950650738104
CH0636,avril lavigne,0,lr_mi_50,0,1,0.26570845006020893
CH0643,britney spears,0,lr_mi_50,0,0,-0.17233856672710596
CH0648,maroon 5,0,lr_mi_50,0,0,-0.088409339131771
CH0650,avril lavigne,0,lr_mi_50,0,1,1.2727486192504338
CH0652,rascal flatts,0,lr_mi_50,0,0,-0.6062232601455465
CH0657,rascal flatts,0,lr_mi_50,0,0,-0.16961742433458665
CH0660,ne-yo,0,lr_mi_50,0,0,-0.31307027928134173
CH0661,ne-yo,0,lr_mi_50,0,1,0.7837867413948786
CH0664,ne-yo,0,lr_mi_50,0,0,-0.3672600448676821
CH0669,rascal flatts,0,lr_mi_50,0,1,0.0803568433794034
CH0671,avril lavigne,0,lr_mi_50,0,1,0.6034184956119946
CH0686,rascal flatts,0,lr_mi_50,0,1,0.5088498740736389
CH0692,rascal flatts,0,lr_mi_50,0,0,-0.9724577428362745
CH0700,rascal flatts,0,lr_mi_50,0,0,-0.15449045707466713
CH0716,britney spears,0,lr_mi_50,0,1,1.3208037361953942
CH0717,maroon 5,0,lr_mi_50,0,0,-1.0172353338727886
CH0718,ne-yo,0,lr_mi_50,0,1,0.6274534987159247
CH0720,maroon 5,0,lr_mi_50,0,0,-0.5259613525253756
CH0722,britney spears,0,lr_mi_50,0,0,-0.4794125743662019
CH0724,rascal flatts,0,lr_mi_50,0,1,0.3369785175673926
CH0728,rascal flatts,0,lr_mi_50,0,1,0.2747090827594884
CH0730,ne-yo,0,lr_mi_50,0,1,0.4111548677887562
CH0731,avril lavigne,0,lr_mi_50,0,1,0.24631985019500574
CH0732,gwen stefani,0,lr_mi_50,0,1,0.23899373036733434
CH0737,rascal flatts,0,lr_mi_50,0,0,-0.2939960024640837
CH0739,rascal flatts,0,lr_mi_50,0,0,-0.8152834325277568
CH0745,rascal flatts,0,lr_mi_50,0,1,0.1973608560387481
CH0747,gwen stefani,0,lr_mi_50,0,1,0.5860142792299837
CH0748,gwen stefani,0,lr_mi_50,0,0,-0.538397168897281
CH0751,rascal flatts,0,lr_mi_50,0,0,-0.7618629346973679
CH0008,ed sheeran,1,v4_lr_std74_quantile_0.1,0,1,0.022534000582619493
CH0015,doja cat,1,v4_lr_std74_quantile_0.1,0,1,0.030422789084753682
CH0018,doja cat,1,v4_lr_std74_quantile_0.1,0,0,-1.4650096872477802
CH0026,maroon 5,1,v4_lr_std74_quantile_0.1,0,1,1.2592143400868907
CH0027,doja cat,1,v4_lr_std74_quantile_0.1,0,0,-0.3073802651649858
CH0072,ed sheeran,1,v4_lr_std74_quantile_0.1,0,0,-0.04537259650575144
CH0076,camila cabello,1,v4_lr_std74_quantile_0.1,0,0,-0.30852029160884514
CH0087,maroon 5,1,v4_lr_std74_quantile_0.1,0,0,-0.8365074768869623
CH0091,ed sheeran,1,v4_lr_std74_quantile_0.1,0,1,0.6767209001546269
CH0106,ed sheeran,1,v4_lr_std74_quantile_0.1,0,1,0.18473086262749913
CH0121,twenty one pilots,1,v4_lr_std74_quantile_0.1,0,0,-0.2925517997896923
CH0124,twenty one pilots,1,v4_lr_std74_quantile_0.1,0,1,0.2985435576124433
CH0139,coldplay,1,v4_lr_std74_quantile_0.1,0,0,-0.006802136925751668
CH0144,coldplay,1,v4_lr_std74_quantile_0.1,0,1,0.7867168121823508
CH0146,ed sheeran,1,v4_lr_std74_quantile_0.1,0,0,-0.2061810360792139
CH0148,maroon 5,1,v4_lr_std74_quantile_0.1,0,1,1.0543496503830596
CH0156,ed sheeran,1,v4_lr_std74_quantile_0.1,0,1,0.3076871701759479
CH0157,maroon 5,1,v4_lr_std74_quantile_0.1,0,1,0.499664181155087
CH0164,ed sheeran,1,v4_lr_std74_quantile_0.1,0,0,-1.2273036020708217
CH0170,maroon 5,1,v4_lr_std74_quantile_0.1,0,0,-0.45409263024375607
CH0175,coldplay,1,v4_lr_std74_quantile_0.1,0,0,-0.18838543704177918
CH0187,maroon 5,1,v4_lr_std74_quantile_0.1,0,0,-1.3748956811651754
CH0189,maroon 5,1,v4_lr_std74_quantile_0.1,0,1,0.5494955184475326
CH0191,maroon 5,1,v4_lr_std74_quantile_0.1,0,1,0.6210318881251969
CH0193,ke$ha,1,v4_lr_std74_quantile_0.1,0,0,-1.1191608247790978
CH0198,ed sheeran,1,v4_lr_std74_quantile_0.1,0,0,-0.9122805195837087
CH0200,ne-yo,1,v4_lr_std74_quantile_0.1,0,1,1.2537621175363944
CH0216,coldplay,1,v4_lr_std74_quantile_0.1,0,0,-0.01071532724212691
CH0234,britney spears,1,v4_lr_std74_quantile_0.1,0,0,-0.4508329413178955
CH0236,ke$ha,1,v4_lr_std74_quantile_0.1,0,1,1.1091664503329408
CH0237,ke$ha,1,v4_lr_std74_quantile_0.1,0,1,2.619796204077046
CH0239,britney spears,1,v4_lr_std74_quantile_0.1,0,1,1.704335000351526
CH0242,britney spears,1,v4_lr_std74_quantile_0.1,0,1,0.2672080086164759
CH0244,avril lavigne,1,v4_lr_std74_quantile_0.1,0,1,1.6789707699760894
CH0252,ke$ha,1,v4_lr_std74_quantile_0.1,0,1,0.45199740011821504
CH0256,ke$ha,1,v4_lr_std74_quantile_0.1,0,1,0.9844774086925832
CH0261,ke$ha,1,v4_lr_std74_quantile_0.1,0,1,0.3414773111846373
CH0263,maroon 5,1,v4_lr_std74_quantile_0.1,0,0,-0.02926303267725712
CH0267,britney spears,1,v4_lr_std74_quantile_0.1,0,1,1.141705157316926
CH0283,britney spears,1,v4_lr_std74_quantile_0.1,0,0,-0.016753664913627772
CH0287,britney spears,1,v4_lr_std74_quantile_0.1,0,1,0.7919237497659056
CH0288,ne-yo,1,v4_lr_std74_quantile_0.1,0,0,-0.7780004772747253
CH0294,coldplay,1,v4_lr_std74_quantile_0.1,0,1,1.8987816879546051
CH0296,ne-yo,1,v4_lr_std74_quantile_0.1,0,1,0.08998745493353254
CH0299,britney spears,1,v4_lr_std74_quantile_0.1,0,1,0.3549841057833189
CH0312,ne-yo,1,v4_lr_std74_quantile_0.1,0,1,1.3206067415937683
CH0322,britney spears,1,v4_lr_std74_quantile_0.1,0,1,0.9191414638232687
CH0328,avril lavigne,1,v4_lr_std74_quantile_0.1,0,1,0.677580376884968
CH0329,maroon 5,1,v4_lr_std74_quantile_0.1,0,1,0.14759919579064157
CH0340,ne-yo,1,v4_lr_std74_quantile_0.1,0,1,1.6885090496329438
CH0342,avril lavigne,1,v4_lr_std74_quantile_0.1,0,0,-1.3038760330262351
CH0344,gwen stefani,1,v4_lr_std74_quantile_0.1,0,1,1.0145383865106272
CH0351,ne-yo,1,v4_lr_std74_quantile_0.1,0,0,-0.188459295508767
CH0354,rascal flatts,1,v4_lr_std74_quantile_0.1,0,1,0.30298957044083236
CH0359,ne-yo,1,v4_lr_std74_quantile_0.1,0,1,0.8688257610045237
CH0360,rascal flatts,1,v4_lr_std74_quantile_0.1,0,1,0.18961832960880615
CH0365,ne-yo,1,v4_lr_std74_quantile_0.1,0,1,0.573860577726456
CH0370,ed sheeran,0,v4_lr_std74_quantile_0.1,0,0,-0.632599938233685
CH0386,doja cat,0,v4_lr_std74_quantile_0.1,0,1,0.4510122306017896
CH0393,doja cat,0,v4_lr_std74_quantile_0.1,0,0,-0.23568444236606312
CH0394,camila cabello,0,v4_lr_std74_quantile_0.1,0,0,-0.1675840407515571
CH0408,ed sheeran,0,v4_lr_std74_quantile_0.1,0,1,0.6479231790767666
CH0459,doja cat,0,v4_lr_std74_quantile_0.1,0,1,0.5338314195100065
CH0481,camila cabello,0,v4_lr_std74_quantile_0.1,0,0,-0.33296844826476363
CH0487,twenty one pilots,0,v4_lr_std74_quantile_0.1,0,1,1.3655168407919276
CH0508,rascal flatts,0,v4_lr_std74_quantile_0.1,0,1,0.25159356351941603
CH0509,camila cabello,0,v4_lr_std74_quantile_0.1,0,1,0.18896890673015324
CH0517,ed sheeran,0,v4_lr_std74_quantile_0.1,0,1,0.3214892869508588
CH0520,ed sheeran,0,v4_lr_std74_quantile_0.1,0,0,-0.7776468930713618
CH0533,rascal flatts,0,v4_lr_std74_quantile_0.1,0,0,-0.5893622420040563
CH0538,gwen stefani,0,v4_lr_std74_quantile_0.1,0,1,1.289014120113198
CH0542,gwen stefani,0,v4_lr_std74_quantile_0.1,0,0,-0.11956597446974211
CH0560,maroon 5,0,v4_lr_std74_quantile_0.1,0,0,-0.9738312850975661
CH0565,twenty one pilots,0,v4_lr_std74_quantile_0.1,0,0,-1.5304972322206283
CH0573,twenty one pilots,0,v4_lr_std74_quantile_0.1,0,1,0.3449089339039001
CH0579,gwen stefani,0,v4_lr_std74_quantile_0.1,0,1,2.8467111797274716
CH0586,rascal flatts,0,v4_lr_std74_quantile_0.1,0,1,0.9735148578354029
CH0587,coldplay,0,v4_lr_std74_quantile_0.1,0,0,-0.08433965536172612
CH0596,britney spears,0,v4_lr_std74_quantile_0.1,0,0,-0.09844653478168465
CH0605,britney spears,0,v4_lr_std74_quantile_0.1,0,1,0.3475383036211044
CH0608,britney spears,0,v4_lr_std74_quantile_0.1,0,1,1.2043168993542153
CH0609,avril lavigne,0,v4_lr_std74_quantile_0.1,0,0,-0.6333799834607223
CH0615,ke$ha,0,v4_lr_std74_quantile_0.1,0,1,0.3177539276636555
CH0617,rascal flatts,0,v4_lr_std74_quantile_0.1,0,1,0.09072700553777262
CH0626,rascal flatts,0,v4_lr_std74_quantile_0.1,0,1,0.1112339737769839
CH0631,rascal flatts,0,v4_lr_std74_quantile_0.1,0,1,0.23471461542159722
CH0636,avril lavigne,0,v4_lr_std74_quantile_0.1,0,0,-0.6983105573323227
CH0643,britney spears,0,v4_lr_std74_quantile_0.1,0,1,0.33611611021156945
CH0648,maroon 5,0,v4_lr_std74_quantile_0.1,0,1,1.5791550697651402
CH0650,avril lavigne,0,v4_lr_std74_quantile_0.1,0,1,1.2469125786999378
CH0652,rascal flatts,0,v4_lr_std74_quantile_0.1,0,0,-0.06993103842851851
CH0657,rascal flatts,0,v4_lr_std74_quantile_0.1,0,1,0.007077055578553803
CH0660,ne-yo,0,v4_lr_std74_quantile_0.1,0,0,-0.04786040308140001
CH0661,ne-yo,0,v4_lr_std74_quantile_0.1,0,0,-0.6599273042904792
CH0664,ne-yo,0,v4_lr_std74_quantile_0.1,0,1,0.3065952884543224
CH0669,rascal flatts,0,v4_lr_std74_quantile_0.1,0,1,0.5198871518491843
CH0671,avril lavigne,0,v4_lr_std74_quantile_0.1,0,0,-0.13087815487147064
CH0686,rascal flatts,0,v4_lr_std74_quantile_0.1,0,0,-0.66985099648235
CH0692,rascal flatts,0,v4_lr_std74_quantile_0.1,0,0,-0.24386588658038905
CH0700,rascal flatts,0,v4_lr_std74_quantile_0.1,0,1,1.0211764769528238
CH0716,britney spears,0,v4_lr_std74_quantile_0.1,0,1,0.25291266203141466
CH0717,maroon 5,0,v4_lr_std74_quantile_0.1,0,1,0.23543639294843172
CH0718,ne-yo,0,v4_lr_std74_quantile_0.1,0,0,-0.45122357644646266
CH0720,maroon 5,0,v4_lr_std74_quantile_0.1,0,0,-1.0887397420714704
CH0722,britney spears,0,v4_lr_std74_quantile_0.1,0,0,-0.12106822644245437
CH0724,rascal flatts,0,v4_lr_std74_quantile_0.1,0,1,0.4266707393800753
CH0728,rascal flatts,0,v4_lr_std74_quantile_0.1,0,1,0.0011750157875071877
CH0730,ne-yo,0,v4_lr_std74_quantile_0.1,0,1,0.6001538992135932
CH0731,avril lavigne,0,v4_lr_std74_quantile_0.1,0,0,-1.067492484322625
CH0732,gwen stefani,0,v4_lr_std74_quantile_0.1,0,0,-0.3008736568645709
CH0737,rascal flatts,0,v4_lr_std74_quantile_0.1,0,0,-0.1383167844074971
CH0739,rascal flatts,0,v4_lr_std74_quantile_0.1,0,1,0.13855350643568243
CH0745,rascal flatts,0,v4_lr_std74_quantile_0.1,0,0,-0.05485786223649951
CH0747,gwen stefani,0,v4_lr_std74_quantile_0.1,0,0,-0.7229429282179634
CH0748,gwen stefani,0,v4_lr_std74_quantile_0.1,0,0,-0.42596338067968875
CH0751,rascal flatts,0,v4_lr_std74_quantile_0.1,0,0,-0.3052190432949053
CH0009,luke combs,1,lr_mi_50,1,0,-1.6678049635292636
CH0017,luke combs,1,lr_mi_50,1,0,-1.696378938259196
CH0031,dababy,1,lr_mi_50,1,1,0.14827608016980653
CH0035,travis scott,1,lr_mi_50,1,1,0.8687192429114715
CH0041,jonas brothers,1,lr_mi_50,1,1,0.24698390032696615
CH0045,luke combs,1,lr_mi_50,1,1,0.035097129256026996
CH0046,juice wrld,1,lr_mi_50,1,0,-1.19142571777433
CH0048,luke combs,1,lr_mi_50,1,0,-0.9834527331036438
CH0052,travis scott,1,lr_mi_50,1,1,0.6466300634349953
CH0053,jonas brothers,1,lr_mi_50,1,0,-1.2730774556771365
CH0055,dababy,1,lr_mi_50,1,0,-0.39041481614398393
CH0061,luke combs,1,lr_mi_50,1,0,-0.5733334166532664
CH0062,juice wrld,1,lr_mi_50,1,0,-0.14351875084251153
CH0064,luke combs,1,lr_mi_50,1,0,-0.0778906098952069
CH0070,juice wrld,1,lr_mi_50,1,0,-1.1185408955282
CH0096,luke combs,1,lr_mi_50,1,0,-0.2792165526635781
CH0099,kendrick lamar,1,lr_mi_50,1,1,0.13618003022192582
CH0110,kendrick lamar,1,lr_mi_50,1,1,0.428698386165117
CH0112,travis scott,1,lr_mi_50,1,1,0.5391505604505097
CH0113,luke combs,1,lr_mi_50,1,0,-0.3374239476822819
CH0133,meghan trainor,1,lr_mi_50,1,0,-0.79298754088663
CH0136,meghan trainor,1,lr_mi_50,1,0,-0.5592932843237288
CH0140,travis scott,1,lr_mi_50,1,0,-0.08588607815424838
CH0143,chris brown,1,lr_mi_50,1,0,-0.679074586742835
CH0152,meghan trainor,1,lr_mi_50,1,0,-0.5369596452999102
CH0154,meghan trainor,1,lr_mi_50,1,0,-0.40784249189654054
CH0163,meghan trainor,1,lr_mi_50,1,1,0.8127802687933707
CH0174,katy perry,1,lr_mi_50,1,1,0.5392003835768215
CH0177,katy perry,1,lr_mi_50,1,1,0.17235127657161203
CH0199,kendrick lamar,1,lr_mi_50,1,0,-0.5308273026614433
CH0205,katy perry,1,lr_mi_50,1,0,-0.6764190122305804
CH0209,katy perry,1,lr_mi_50,1,1,3.024329263398098
CH0212,katy perry,1,lr_mi_50,1,1,0.5072210735259606
CH0214,chris brown,1,lr_mi_50,1,1,0.17061271157779967
CH0221,chris brown,1,lr_mi_50,1,1,1.042669911446455
CH0223,katy perry,1,lr_mi_50,1,1,0.6339394065408016
CH0227,katy perry,1,lr_mi_50,1,1,0.3021251388713298
CH0240,chris brown,1,lr_mi_50,1,0,-0.3728029426194931
CH0247,katy perry,1,lr_mi_50,1,1,0.17928616429005095
CH0251,chris brown,1,lr_mi_50,1,1,0.6281984782698995
CH0282,katy perry,1,lr_mi_50,1,1,0.7178894771430577
CH0285,katy perry,1,lr_mi_50,1,1,0.11683927437523979
CH0305,leona lewis,1,lr_mi_50,1,1,0.6261005304048836
CH0307,chris brown,1,lr_mi_50,1,0,-0.17037618390978088
CH0308,chris brown,1,lr_mi_50,1,1,0.2802107041198456
CH0310,katy perry,1,lr_mi_50,1,1,0.9082844754440211
CH0313,fergie,1,lr_mi_50,1,0,-1.6246173494462746
CH0319,leona lewis,1,lr_mi_50,1,1,1.0309587610120265
CH0320,jonas brothers,1,lr_mi_50,1,1,1.0234006901686323
CH0321,fergie,1,lr_mi_50,1,0,-0.7970927839620516
CH0331,fergie,1,lr_mi_50,1,1,0.31637222599644926
CH0350,chris brown,1,lr_mi_50,1,1,0.49044930253426977
CH0353,fergie,1,lr_mi_50,1,1,0.5954429845484871
CH0356,chris brown,1,lr_mi_50,1,1,0.38076452332513727
CH0363,chris brown,1,lr_mi_50,1,1,0.1819063311548883
CH0379,luke combs,0,lr_mi_50,1,0,-0.015300816103779966
CH0383,juice wrld,0,lr_mi_50,1,1,0.6989718599618546
CH0387,luke combs,0,lr_mi_50,1,1,0.35778974777348943
CH0389,travis scott,0,lr_mi_50,1,0,-1.3182965973918432
CH0390,jonas brothers,0,lr_mi_50,1,0,-0.5483427743610689
CH0395,dababy,0,lr_mi_50,1,0,-0.07225586813285133
CH0398,dababy,0,lr_mi_50,1,0,-0.619693173098371
CH0402,dababy,0,lr_mi_50,1,1,0.3283939419169237
CH0428,juice wrld,0,lr_mi_50,1,0,-0.7844641169890898
CH0429,juice wrld,0,lr_mi_50,1,0,-0.2826617482691549
CH0430,juice wrld,0,lr_mi_50,1,0,-0.7199962984717498
CH0432,juice wrld,0,lr_mi_50,1,1,0.07526196969939926
CH0433,juice wrld,0,lr_mi_50,1,0,-0.2691162770198984
CH0434,juice wrld,0,lr_mi_50,1,0,-0.5840161701821893
CH0436,juice wrld,0,lr_mi_50,1,0,-1.4974795193290666
CH0437,juice wrld,0,lr_mi_50,1,0,-0.34485621257814
CH0438,juice wrld,0,lr_mi_50,1,0,-0.5321594611892201
CH0439,juice wrld,0,lr_mi_50,1,0,-0.11328926107054514
CH0440,juice wrld,0,lr_mi_50,1,1,0.38220607745539276
CH0452,jonas brothers,0,lr_mi_50,1,1,0.38257294342901105
CH0454,jonas brothers,0,lr_mi_50,1,1,0.2506371317705318
CH0457,dababy,0,lr_mi_50,1,0,-0.09102277643500421
CH0458,juice wrld,0,lr_mi_50,1,1,0.26469134696698077
CH0462,katy perry,0,lr_mi_50,1,0,-0.20463318614383091
CH0465,jonas brothers,0,lr_mi_50,1,0,-0.5680061635210023
CH0472,juice wrld,0,lr_mi_50,1,0,-0.6117875780212226
CH0473,chris brown,0,lr_mi_50,1,1,0.7926926681213631
CH0474,juice wrld,0,lr_mi_50,1,0,-0.24363898757173075
CH0476,katy perry,0,lr_mi_50,1,0,-0.6309365605604456
CH0477,luke combs,0,lr_mi_50,1,0,-1.2044852940137378
CH0482,juice wrld,0,lr_mi_50,1,0,-0.7438087163922059
CH0485,juice wrld,0,lr_mi_50,1,0,-0.7187118227522282
CH0492,meghan trainor,0,lr_mi_50,1,1,2.8627760527755393
CH0494,chris brown,0,lr_mi_50,1,1,0.3438908501619711
CH0500,luke combs,0,lr_mi_50,1,1,0.11611325178621874
CH0504,chris brown,0,lr_mi_50,1,1,0.6898728690297178
CH0507,travis scott,0,lr_mi_50,1,1,0.047805919442676884
CH0510,chris brown,0,lr_mi_50,1,0,-1.1894131119147382
CH0514,kendrick lamar,0,lr_mi_50,1,0,-0.5604615417501364
CH0525,katy perry,0,lr_mi_50,1,1,0.27263358230699164
CH0529,fergie,0,lr_mi_50,1,1,0.2622950214738019
CH0550,chris brown,0,lr_mi_50,1,0,-0.7581465887684549
CH0564,kendrick lamar,0,lr_mi_50,1,0,-0.5518993417632858
CH0569,kendrick lamar,0,lr_mi_50,1,1,0.5782619593808931
CH0571,kendrick lamar,0,lr_mi_50,1,0,-0.05349745391834977
CH0575,fergie,0,lr_mi_50,1,0,-0.15855414825536546
CH0578,kendrick lamar,0,lr_mi_50,1,0,-1.212278823499387
CH0580,katy perry,0,lr_mi_50,1,1,0.5925356109326445
CH0589,katy perry,0,lr_mi_50,1,1,0.356993646597074
CH0610,chris brown,0,lr_mi_50,1,1,0.38269496451944296
CH0616,kendrick lamar,0,lr_mi_50,1,1,0.42675523368133145
CH0621,chris brown,0,lr_mi_50,1,0,-0.4582555253096824
CH0654,chris brown,0,lr_mi_50,1,0,-0.04681108995263526
CH0680,chris brown,0,lr_mi_50,1,1,0.7618990757566497
CH0694,katy perry,0,lr_mi_50,1,0,-0.08754110159654226
CH0702,leona lewis,0,lr_mi_50,1,1,1.0349430478774708
CH0705,jonas brothers,0,lr_mi_50,1,1,0.14656457833812858
CH0706,jonas brothers,0,lr_mi_50,1,0,-0.14390257277775104
CH0708,chris brown,0,lr_mi_50,1,0,-0.6091455309840816
CH0712,jonas brothers,0,lr_mi_50,1,1,0.5207739627201597
CH0713,jonas brothers,0,lr_mi_50,1,1,0.10986816653504695
CH0721,chris brown,0,lr_mi_50,1,1,0.3931115919105047
CH0726,jonas brothers,0,lr_mi_50,1,1,0.4943375902485565
CH0738,jonas brothers,0,lr_mi_50,1,1,0.09294236483895148
CH0009,luke combs,1,v4_lr_std74_quantile_0.1,1,0,-1.2441307488698097
CH0017,luke combs,1,v4_lr_std74_quantile_0.1,1,0,-0.8190299005970743
CH0031,dababy,1,v4_lr_std74_quantile_0.1,1,1,0.3117695047499344
CH0035,travis scott,1,v4_lr_std74_quantile_0.1,1,1,0.31741002440257715
CH0041,jonas brothers,1,v4_lr_std74_quantile_0.1,1,1,1.108184460222289
CH0045,luke combs,1,v4_lr_std74_quantile_0.1,1,1,0.17550542997820184
CH0046,juice wrld,1,v4_lr_std74_quantile_0.1,1,0,-1.4742874757236257
CH0048,luke combs,1,v4_lr_std74_quantile_0.1,1,0,-0.9641095402178589
CH0052,travis scott,1,v4_lr_std74_quantile_0.1,1,0,-0.49856903539280883
CH0053,jonas brothers,1,v4_lr_std74_quantile_0.1,1,1,0.21880062846340875
CH0055,dababy,1,v4_lr_std74_quantile_0.1,1,0,-0.010816591100741834
CH0061,luke combs,1,v4_lr_std74_quantile_0.1,1,1,0.2867873680174829
CH0062,juice wrld,1,v4_lr_std74_quantile_0.1,1,1,0.08928273677609701
CH0064,luke combs,1,v4_lr_std74_quantile_0.1,1,1,0.6582104483893332
CH0070,juice wrld,1,v4_lr_std74_quantile_0.1,1,0,-1.4149820257116754
CH0096,luke combs,1,v4_lr_std74_quantile_0.1,1,0,-0.035825316297401696
CH0099,kendrick lamar,1,v4_lr_std74_quantile_0.1,1,0,-0.7650702644022214
CH0110,kendrick lamar,1,v4_lr_std74_quantile_0.1,1,0,-0.7314082257315824
CH0112,travis scott,1,v4_lr_std74_quantile_0.1,1,1,0.16698738225776752
CH0113,luke combs,1,v4_lr_std74_quantile_0.1,1,0,-0.17229960105496822
CH0133,meghan trainor,1,v4_lr_std74_quantile_0.1,1,0,-0.26618546346157734
CH0136,meghan trainor,1,v4_lr_std74_quantile_0.1,1,0,-1.0212204936770215
CH0140,travis scott,1,v4_lr_std74_quantile_0.1,1,1,0.1328005275203139
CH0143,chris brown,1,v4_lr_std74_quantile_0.1,1,0,-1.375191976598592
CH0152,meghan trainor,1,v4_lr_std74_quantile_0.1,1,0,-0.4220162483194316
CH0154,meghan trainor,1,v4_lr_std74_quantile_0.1,1,0,-0.3709468735712692
CH0163,meghan trainor,1,v4_lr_std74_quantile_0.1,1,1,0.9406654793808897
CH0174,katy perry,1,v4_lr_std74_quantile_0.1,1,1,0.8990171493184195
CH0177,katy perry,1,v4_lr_std74_quantile_0.1,1,0,-0.1293808485460777
CH0199,kendrick lamar,1,v4_lr_std74_quantile_0.1,1,1,0.3666168425802108
CH0205,katy perry,1,v4_lr_std74_quantile_0.1,1,1,0.8074343141628123
CH0209,katy perry,1,v4_lr_std74_quantile_0.1,1,1,3.53513945472226
CH0212,katy perry,1,v4_lr_std74_quantile_0.1,1,0,-1.0240057232011635
CH0214,chris brown,1,v4_lr_std74_quantile_0.1,1,1,0.40431419498979637
CH0221,chris brown,1,v4_lr_std74_quantile_0.1,1,1,0.9440160086018113
CH0223,katy perry,1,v4_lr_std74_quantile_0.1,1,0,-0.17083734933820607
CH0227,katy perry,1,v4_lr_std74_quantile_0.1,1,1,0.6596730370318795
CH0240,chris brown,1,v4_lr_std74_quantile_0.1,1,1,0.8172833795236591
CH0247,katy perry,1,v4_lr_std74_quantile_0.1,1,1,0.16919384105307544
CH0251,chris brown,1,v4_lr_std74_quantile_0.1,1,1,0.23891943972981483
CH0282,katy perry,1,v4_lr_std74_quantile_0.1,1,1,0.09965603918206124
CH0285,katy perry,1,v4_lr_std74_quantile_0.1,1,1,0.3430870920002529
CH0305,leona lewis,1,v4_lr_std74_quantile_0.1,1,1,1.1162549182882526
CH0307,chris brown,1,v4_lr_std74_quantile_0.1,1,0,-0.6940163392858942
CH0308,chris brown,1,v4_lr_std74_quantile_0.1,1,1,0.6170469463803726
CH0310,katy perry,1,v4_lr_std74_quantile_0.1,1,1,1.2574229442540943
CH0313,fergie,1,v4_lr_std74_quantile_0.1,1,0,-0.8879204408711834
CH0319,leona lewis,1,v4_lr_std74_quantile_0.1,1,1,1.0611435162497875
CH0320,jonas brothers,1,v4_lr_std74_quantile_0.1,1,1,0.47245326166300766
CH0321,fergie,1,v4_lr_std74_quantile_0.1,1,0,-0.8750304307402567
CH0331,fergie,1,v4_lr_std74_quantile_0.1,1,1,0.9708486697131092
CH0350,chris brown,1,v4_lr_std74_quantile_0.1,1,1,0.6940647605126946
CH0353,fergie,1,v4_lr_std74_quantile_0.1,1,1,1.4235346899916326
CH0356,chris brown,1,v4_lr_std74_quantile_0.1,1,0,-1.2035072987890083
CH0363,chris brown,1,v4_lr_std74_quantile_0.1,1,0,-0.4065221905850788
CH0379,luke combs,0,v4_lr_std74_quantile_0.1,1,0,-0.17494148951754762
CH0383,juice wrld,0,v4_lr_std74_quantile_0.1,1,0,-0.5516243822772021
CH0387,luke combs,0,v4_lr_std74_quantile_0.1,1,1,1.3400923100293276
CH0389,travis scott,0,v4_lr_std74_quantile_0.1,1,1,1.2798985827023532
CH0390,jonas brothers,0,v4_lr_std74_quantile_0.1,1,0,-0.9090893405852811
CH0395,dababy,0,v4_lr_std74_quantile_0.1,1,1,0.7265046447105112
CH0398,dababy,0,v4_lr_std74_quantile_0.1,1,0,-0.8478280644573714
CH0402,dababy,0,v4_lr_std74_quantile_0.1,1,0,-0.15300999409455138
CH0428,juice wrld,0,v4_lr_std74_quantile_0.1,1,0,-0.3051288492358476
CH0429,juice wrld,0,v4_lr_std74_quantile_0.1,1,0,-0.36168900604112375
CH0430,juice wrld,0,v4_lr_std74_quantile_0.1,1,0,-0.27137052921394766
CH0432,juice wrld,0,v4_lr_std74_quantile_0.1,1,0,-1.447187937371385
CH0433,juice wrld,0,v4_lr_std74_quantile_0.1,1,0,-0.8244828579054178
CH0434,juice wrld,0,v4_lr_std74_quantile_0.1,1,0,-1.7272151605287092
CH0436,juice wrld,0,v4_lr_std74_quantile_0.1,1,0,-2.050111090542316
CH0437,juice wrld,0,v4_lr_std74_quantile_0.1,1,0,-0.5448174430594741
CH0438,juice wrld,0,v4_lr_std74_quantile_0.1,1,0,-0.8033323905036818
CH0439,juice wrld,0,v4_lr_std74_quantile_0.1,1,0,-0.8050771423935899
CH0440,juice wrld,0,v4_lr_std74_quantile_0.1,1,0,-0.17651983781098088
CH0452,jonas brothers,0,v4_lr_std74_quantile_0.1,1,1,0.017117626873949507
CH0454,jonas brothers,0,v4_lr_std74_quantile_0.1,1,1,0.2807793022102376
CH0457,dababy,0,v4_lr_std74_quantile_0.1,1,1,0.4698104191918596
CH0458,juice wrld,0,v4_lr_std74_quantile_0.1,1,0,-0.6426379600827975
CH0462,katy perry,0,v4_lr_std74_quantile_0.1,1,1,0.5272768538750128
CH0465,jonas brothers,0,v4_lr_std74_quantile_0.1,1,1,0.4912221517266145
CH0472,juice wrld,0,v4_lr_std74_quantile_0.1,1,0,-0.5060427424719086
CH0473,chris brown,0,v4_lr_std74_quantile_0.1,1,1,0.6580841382544744
CH0474,juice wrld,0,v4_lr_std74_quantile_0.1,1,0,-0.22219510211080185
CH0476,katy perry,0,v4_lr_std74_quantile_0.1,1,0,-0.8221700975077304
CH0477,luke combs,0,v4_lr_std74_quantile_0.1,1,1,0.20093772293237316
CH0482,juice wrld,0,v4_lr_std74_quantile_0.1,1,0,-0.27941982809706
CH0485,juice wrld,0,v4_lr_std74_quantile_0.1,1,1,0.5549433791137931
CH0492,meghan trainor,0,v4_lr_std74_quantile_0.1,1,1,0.9877862617478499
CH0494,chris brown,0,v4_lr_std74_quantile_0.1,1,1,0.8797572821492043
CH0500,luke combs,0,v4_lr_std74_quantile_0.1,1,1,0.7498597886334724
CH0504,chris brown,0,v4_lr_std74_quantile_0.1,1,0,-0.03237630451767702
CH0507,travis scott,0,v4_lr_std74_quantile_0.1,1,0,-0.3374281778866173
CH0510,chris brown,0,v4_lr_std74_quantile_0.1,1,0,-0.4223641355124065
CH0514,kendrick lamar,0,v4_lr_std74_quantile_0.1,1,0,-0.09277100680270765
CH0525,katy perry,0,v4_lr_std74_quantile_0.1,1,0,-0.300496968736096
CH0529,fergie,0,v4_lr_std74_quantile_0.1,1,1,0.4995623993590319
CH0550,chris brown,0,v4_lr_std74_quantile_0.1,1,0,-1.2095633761455473
CH0564,kendrick lamar,0,v4_lr_std74_quantile_0.1,1,0,-0.34769330873375337
CH0569,kendrick lamar,0,v4_lr_std74_quantile_0.1,1,1,0.19879985706086467
CH0571,kendrick lamar,0,v4_lr_std74_quantile_0.1,1,1,0.1859977258348985
CH0575,fergie,0,v4_lr_std74_quantile_0.1,1,0,-0.7784183072255995
CH0578,kendrick lamar,0,v4_lr_std74_quantile_0.1,1,1,0.29617382008225124
CH0580,katy perry,0,v4_lr_std74_quantile_0.1,1,0,-0.8955988201168554
CH0589,katy perry,0,v4_lr_std74_quantile_0.1,1,0,-0.5835851171887289
CH0610,chris brown,0,v4_lr_std74_quantile_0.1,1,1,1.5206748627104314
CH0616,kendrick lamar,0,v4_lr_std74_quantile_0.1,1,0,-0.25004833748061095
CH0621,chris brown,0,v4_lr_std74_quantile_0.1,1,1,0.4549133291378672
CH0654,chris brown,0,v4_lr_std74_quantile_0.1,1,0,-0.7478071192241182
CH0680,chris brown,0,v4_lr_std74_quantile_0.1,1,1,0.1151109463135085
CH0694,katy perry,0,v4_lr_std74_quantile_0.1,1,1,0.3899278121296639
CH0702,leona lewis,0,v4_lr_std74_quantile_0.1,1,1,0.6701689778374915
CH0705,jonas brothers,0,v4_lr_std74_quantile_0.1,1,1,0.7201513120942312
CH0706,jonas brothers,0,v4_lr_std74_quantile_0.1,1,0,-0.31636890775388726
CH0708,chris brown,0,v4_lr_std74_quantile_0.1,1,0,-1.322394086956161
CH0712,jonas brothers,0,v4_lr_std74_quantile_0.1,1,0,-0.6869764352926004
CH0713,jonas brothers,0,v4_lr_std74_quantile_0.1,1,0,-0.4726136804822644
CH0721,chris brown,0,v4_lr_std74_quantile_0.1,1,1,0.29853583198433936
CH0726,jonas brothers,0,v4_lr_std74_quantile_0.1,1,1,0.08690680642653704
CH0738,jonas brothers,0,v4_lr_std74_quantile_0.1,1,1,0.13353217644598636
CH0002,olivia rodrigo,1,lr_mi_50,2,0,-0.01621148770256855
CH0003,olivia rodrigo,1,lr_mi_50,2,0,-0.9799036517607426
CH0006,olivia rodrigo,1,lr_mi_50,2,1,2.3260399072606934
CH0013,olivia rodrigo,1,lr_mi_50,2,0,-1.093941639748325
CH0016,taylor swift,1,lr_mi_50,2,1,0.572548759701989
CH0020,justin bieber,1,lr_mi_50,2,0,-0.019848968829961254
CH0037,justin bieber,1,lr_mi_50,2,0,-0.5497420685235647
CH0060,taylor swift,1,lr_mi_50,2,0,-0.14474148803228118
CH0079,taylor swift,1,lr_mi_50,2,0,-0.748272922197824
CH0098,bruno mars,1,lr_mi_50,2,1,0.7509317643391878
CH0101,bruno mars,1,lr_mi_50,2,1,1.295772215563952
CH0105,taylor swift,1,lr_mi_50,2,1,0.09651527792600176
CH0107,the chainsmokers,1,lr_mi_50,2,0,-0.7005639686765167
CH0119,justin bieber,1,lr_mi_50,2,1,0.7276228363240388
CH0120,justin bieber,1,lr_mi_50,2,0,-0.05667982270379148
CH0128,justin bieber,1,lr_mi_50,2,1,1.1829318932788015
CH0141,taylor swift,1,lr_mi_50,2,1,0.2673891237116548
CH0149,taylor swift,1,lr_mi_50,2,1,0.1015418081038989
CH0151,taylor swift,1,lr_mi_50,2,1,0.5205125141409921
CH0155,taylor swift,1,lr_mi_50,2,0,-0.4218828932178766
CH0181,bruno mars,1,lr_mi_50,2,0,-1.4737697391345306
CH0182,bruno mars,1,lr_mi_50,2,0,-1.3203624592421144
CH0183,taylor swift,1,lr_mi_50,2,1,0.09425248339403411
CH0196,taylor swift,1,lr_mi_50,2,1,0.7686222193132203
CH0207,bruno mars,1,lr_mi_50,2,0,-0.2426293775965678
CH0208,justin bieber,1,lr_mi_50,2,0,-0.340217173996635
CH0210,taylor swift,1,lr_mi_50,2,1,0.14874562452243142
CH0219,usher,1,lr_mi_50,2,0,-0.2147656110930309
CH0224,bruno mars,1,lr_mi_50,2,1,0.12684095012242833
CH0228,bruno mars,1,lr_mi_50,2,1,0.42997528157221043
CH0233,bruno mars,1,lr_mi_50,2,1,0.03526141454523308
CH0243,usher,1,lr_mi_50,2,0,-0.08518253693428365
CH0246,taylor swift,1,lr_mi_50,2,0,-0.5012024645386673
CH0259,taylor swift,1,lr_mi_50,2,0,-0.5127455111576981
CH0260,taylor swift,1,lr_mi_50,2,1,0.7883130422443746
CH0269,usher,1,lr_mi_50,2,0,-0.29859290931057014
CH0270,taylor swift,1,lr_mi_50,2,1,0.9316917744944494
CH0273,daughtry,1,lr_mi_50,2,0,-0.595058353697603
CH0276,taylor swift,1,lr_mi_50,2,0,-0.3367138484769104
CH0292,nickelback,1,lr_mi_50,2,0,-0.630057130039405
CH0297,daughtry,1,lr_mi_50,2,0,-1.4035315747034187
CH0298,nickelback,1,lr_mi_50,2,0,-0.7054333978171424
CH0300,taylor swift,1,lr_mi_50,2,0,-1.6457144385620017
CH0303,justin bieber,1,lr_mi_50,2,1,0.6645810303902989
CH0315,taylor swift,1,lr_mi_50,2,0,-0.3062950934136662
CH0318,taylor swift,1,lr_mi_50,2,0,-1.035346374128624
CH0324,daughtry,1,lr_mi_50,2,0,-0.3101081608524163
CH0330,daughtry,1,lr_mi_50,2,1,0.7201878198037247
CH0334,daughtry,1,lr_mi_50,2,0,-0.09878821384696249
CH0337,nickelback,1,lr_mi_50,2,0,-0.7445512221912504
CH0339,nickelback,1,lr_mi_50,2,0,-1.2289077161018802
CH0346,nickelback,1,lr_mi_50,2,0,-0.937951423129916
CH0348,sean paul,1,lr_mi_50,2,1,0.121054200104426
CH0358,nickelback,1,lr_mi_50,2,0,-0.9560175613264107
CH0362,sean paul,1,lr_mi_50,2,0,-0.20793803446935596
CH0368,taylor swift,0,lr_mi_50,2,0,-0.7004944307733382
CH0375,justin bieber,0,lr_mi_50,2,0,-0.6808697439400515
CH0385,taylor swift,0,lr_mi_50,2,0,-0.3279504942688293
CH0388,taylor swift,0,lr_mi_50,2,1,0.18128235398919487
CH0396,olivia rodrigo,0,lr_mi_50,2,0,-1.2041361323871482
CH0397,olivia rodrigo,0,lr_mi_50,2,1,0.6204068312247707
CH0400,olivia rodrigo,0,lr_mi_50,2,0,-0.43111522654059026
CH0401,justin bieber,0,lr_mi_50,2,0,-0.42936229197434683
CH0403,justin bieber,0,lr_mi_50,2,1,0.7760390751625639
CH0405,justin bieber,0,lr_mi_50,2,0,-0.05403408006345325
CH0410,justin bieber,0,lr_mi_50,2,0,-0.6773811055046512
CH0412,taylor swift,0,lr_mi_50,2,0,-1.3020833710915571
CH0414,taylor swift,0,lr_mi_50,2,0,-0.3795971323983599
CH0455,taylor swift,0,lr_mi_50,2,0,-0.2133578687369431
CH0463,taylor swift,0,lr_mi_50,2,0,-1.0504572131854397
CH0497,taylor swift,0,lr_mi_50,2,0,-1.0348885195414972
CH0501,taylor swift,0,lr_mi_50,2,1,0.06189960477663168
CH0503,taylor swift,0,lr_mi_50,2,1,0.1498828941104202
CH0506,bruno mars,0,lr_mi_50,2,1,0.4839691028706047
CH0534,taylor swift,0,lr_mi_50,2,0,-0.7306677297142279
CH0536,justin bieber,0,lr_mi_50,2,0,-0.8972044820845252
CH0541,justin bieber,0,lr_mi_50,2,0,-0.5055397805814419
CH0546,justin bieber,0,lr_mi_50,2,0,-1.57794751697798
CH0547,justin bieber,0,lr_mi_50,2,0,-0.5677672676921396
CH0548,justin bieber,0,lr_mi_50,2,0,-1.4504373672227366
CH0549,justin bieber,0,lr_mi_50,2,1,0.6116707535340081
CH0551,justin bieber,0,lr_mi_50,2,1,0.161577837778113
CH0554,justin bieber,0,lr_mi_50,2,1,0.9068165920294408
CH0558,justin bieber,0,lr_mi_50,2,0,-0.7080985227686506
CH0584,usher,0,lr_mi_50,2,1,1.019232139508989
CH0585,bruno mars,0,lr_mi_50,2,0,-0.38883583972065305
CH0593,justin bieber,0,lr_mi_50,2,1,0.249607333360595
CH0598,daughtry,0,lr_mi_50,2,1,0.27572542172076764
CH0603,bruno mars,0,lr_mi_50,2,0,-0.3892403951409346
CH0624,taylor swift,0,lr_mi_50,2,1,0.6423033472204703
CH0629,taylor swift,0,lr_mi_50,2,0,-0.23081402168583773
CH0630,taylor swift,0,lr_mi_50,2,0,-0.0091277317135662
CH0633,justin bieber,0,lr_mi_50,2,0,-0.09202082666605191
CH0635,nickelback,0,lr_mi_50,2,1,0.44513070460120785
CH0640,taylor swift,0,lr_mi_50,2,0,-0.5724857350981755
CH0641,taylor swift,0,lr_mi_50,2,0,-0.12492670103265999
CH0646,taylor swift,0,lr_mi_50,2,1,0.20893713592079208
CH0651,taylor swift,0,lr_mi_50,2,1,0.9174027182400121
CH0658,daughtry,0,lr_mi_50,2,0,-0.5701448615343454
CH0662,nickelback,0,lr_mi_50,2,1,0.43482977603249895
CH0666,justin bieber,0,lr_mi_50,2,1,0.6774183831841972
CH0670,taylor swift,0,lr_mi_50,2,1,0.8204739686161491
CH0672,taylor swift,0,lr_mi_50,2,0,-0.3837261797526354
CH0676,justin bieber,0,lr_mi_50,2,1,0.10418859342864217
CH0677,usher,0,lr_mi_50,2,0,-0.3021033335142684
CH0678,nickelback,0,lr_mi_50,2,0,-1.7084758900998585
CH0683,justin bieber,0,lr_mi_50,2,1,0.6563838496039378
CH0685,justin bieber,0,lr_mi_50,2,1,0.39546365626156177
CH0688,sean paul,0,lr_mi_50,2,0,-0.08274779840616711
CH0690,daughtry,0,lr_mi_50,2,0,-0.6146597107714198
CH0697,taylor swift,0,lr_mi_50,2,1,0.35819093747868563
CH0699,usher,0,lr_mi_50,2,1,0.4230213894710977
CH0703,daughtry,0,lr_mi_50,2,0,-1.032959392505595
CH0704,nickelback,0,lr_mi_50,2,0,-1.0354389074202983
CH0707,taylor swift,0,lr_mi_50,2,0,-0.4008242931499163
CH0711,usher,0,lr_mi_50,2,1,0.5052380246134186
CH0715,taylor swift,0,lr_mi_50,2,1,0.33867492073207917
CH0719,daughtry,0,lr_mi_50,2,0,-0.03867761662543703
CH0740,taylor swift,0,lr_mi_50,2,0,-0.7075326588905884
CH0002,olivia rodrigo,1,v4_lr_std74_quantile_0.1,2,1,0.37154595194838086
CH0003,olivia rodrigo,1,v4_lr_std74_quantile_0.1,2,0,-0.3670133861232987
CH0006,olivia rodrigo,1,v4_lr_std74_quantile_0.1,2,0,-0.28148312984473495
CH0013,olivia rodrigo,1,v4_lr_std74_quantile_0.1,2,1,0.4654192873087219
CH0016,taylor swift,1,v4_lr_std74_quantile_0.1,2,1,0.42809485783287665
CH0020,justin bieber,1,v4_lr_std74_quantile_0.1,2,0,-0.7924452351150547
CH0037,justin bieber,1,v4_lr_std74_quantile_0.1,2,0,-0.6805660339059529
CH0060,taylor swift,1,v4_lr_std74_quantile_0.1,2,1,0.8434143170120109
CH0079,taylor swift,1,v4_lr_std74_quantile_0.1,2,1,0.9738835184064363
CH0098,bruno mars,1,v4_lr_std74_quantile_0.1,2,1,0.21172392429121045
CH0101,bruno mars,1,v4_lr_std74_quantile_0.1,2,0,-0.3773228803624794
CH0105,taylor swift,1,v4_lr_std74_quantile_0.1,2,1,0.7684495131555872
CH0107,the chainsmokers,1,v4_lr_std74_quantile_0.1,2,0,-0.7124076792903143
CH0119,justin bieber,1,v4_lr_std74_quantile_0.1,2,0,-0.4967159810797675
CH0120,justin bieber,1,v4_lr_std74_quantile_0.1,2,1,1.9786277013760247
CH0128,justin bieber,1,v4_lr_std74_quantile_0.1,2,1,0.5846985729481274
CH0141,taylor swift,1,v4_lr_std74_quantile_0.1,2,1,0.9303638085005277
CH0149,taylor swift,1,v4_lr_std74_quantile_0.1,2,1,0.45868378467199833
CH0151,taylor swift,1,v4_lr_std74_quantile_0.1,2,1,0.656657566477565
CH0155,taylor swift,1,v4_lr_std74_quantile_0.1,2,1,0.6359305603315033
CH0181,bruno mars,1,v4_lr_std74_quantile_0.1,2,0,-1.597983254323502
CH0182,bruno mars,1,v4_lr_std74_quantile_0.1,2,1,1.5537748846459678
CH0183,taylor swift,1,v4_lr_std74_quantile_0.1,2,1,0.6558030952483654
CH0196,taylor swift,1,v4_lr_std74_quantile_0.1,2,1,1.8131761551971874
CH0207,bruno mars,1,v4_lr_std74_quantile_0.1,2,0,-1.7828994316935667
CH0208,justin bieber,1,v4_lr_std74_quantile_0.1,2,1,1.7095750352666164
CH0210,taylor swift,1,v4_lr_std74_quantile_0.1,2,1,1.1067581437004348
CH0219,usher,1,v4_lr_std74_quantile_0.1,2,0,-1.4480009051941465
CH0224,bruno mars,1,v4_lr_std74_quantile_0.1,2,1,1.7991578195802416
CH0228,bruno mars,1,v4_lr_std74_quantile_0.1,2,1,1.5794324373910515
CH0233,bruno mars,1,v4_lr_std74_quantile_0.1,2,1,0.0921460478207906
CH0243,usher,1,v4_lr_std74_quantile_0.1,2,0,-0.45832393064637666
CH0246,taylor swift,1,v4_lr_std74_quantile_0.1,2,1,1.3728331171653614
CH0259,taylor swift,1,v4_lr_std74_quantile_0.1,2,0,-1.4364832530784355
CH0260,taylor swift,1,v4_lr_std74_quantile_0.1,2,1,1.128386151376772
CH0269,usher,1,v4_lr_std74_quantile_0.1,2,0,-1.5307701403350427
CH0270,taylor swift,1,v4_lr_std74_quantile_0.1,2,1,0.25932788212315094
CH0273,daughtry,1,v4_lr_std74_quantile_0.1,2,1,0.41128905152708195
CH0276,taylor swift,1,v4_lr_std74_quantile_0.1,2,0,-0.6741765468682342
CH0292,nickelback,1,v4_lr_std74_quantile_0.1,2,1,0.01981169311207452
CH0297,daughtry,1,v4_lr_std74_quantile_0.1,2,0,-0.42537062565382017
CH0298,nickelback,1,v4_lr_std74_quantile_0.1,2,1,0.48513562159859747
CH0300,taylor swift,1,v4_lr_std74_quantile_0.1,2,1,0.7069906137844727
CH0303,justin bieber,1,v4_lr_std74_quantile_0.1,2,1,0.01925874485764044
CH0315,taylor swift,1,v4_lr_std74_quantile_0.1,2,0,-0.9470686389603786
CH0318,taylor swift,1,v4_lr_std74_quantile_0.1,2,1,0.003640177714348757
CH0324,daughtry,1,v4_lr_std74_quantile_0.1,2,1,0.8112210136061352
CH0330,daughtry,1,v4_lr_std74_quantile_0.1,2,0,-0.18752141935271838
CH0334,daughtry,1,v4_lr_std74_quantile_0.1,2,1,0.17898065193691204
CH0337,nickelback,1,v4_lr_std74_quantile_0.1,2,0,-0.19196419117276736
CH0339,nickelback,1,v4_lr_std74_quantile_0.1,2,1,0.10076311840599562
CH0346,nickelback,1,v4_lr_std74_quantile_0.1,2,0,-0.15496850281846142
CH0348,sean paul,1,v4_lr_std74_quantile_0.1,2,1,0.6405553392324989
CH0358,nickelback,1,v4_lr_std74_quantile_0.1,2,0,-0.07395038696058455
CH0362,sean paul,1,v4_lr_std74_quantile_0.1,2,0,-0.019531328914894605
CH0368,taylor swift,0,v4_lr_std74_quantile_0.1,2,0,-0.940010606521745
CH0375,justin bieber,0,v4_lr_std74_quantile_0.1,2,0,-0.8141180625718151
CH0385,taylor swift,0,v4_lr_std74_quantile_0.1,2,1,0.844964040200388
CH0388,taylor swift,0,v4_lr_std74_quantile_0.1,2,1,0.008372831714067207
CH0396,olivia rodrigo,0,v4_lr_std74_quantile_0.1,2,0,-0.3025919915868497
CH0397,olivia rodrigo,0,v4_lr_std74_quantile_0.1,2,0,-0.564868376425127
CH0400,olivia rodrigo,0,v4_lr_std74_quantile_0.1,2,0,-0.012368276026452197
CH0401,justin bieber,0,v4_lr_std74_quantile_0.1,2,0,-1.7465099157455422
CH0403,justin bieber,0,v4_lr_std74_quantile_0.1,2,0,-1.0013499585348293
CH0405,justin bieber,0,v4_lr_std74_quantile_0.1,2,1,0.22764809816503312
CH0410,justin bieber,0,v4_lr_std74_quantile_0.1,2,0,-0.8674039933398604
CH0412,taylor swift,0,v4_lr_std74_quantile_0.1,2,0,-0.4583760630316229
CH0414,taylor swift,0,v4_lr_std74_quantile_0.1,2,1,1.5653323803999681
CH0455,taylor swift,0,v4_lr_std74_quantile_0.1,2,1,0.4841794343246767
CH0463,taylor swift,0,v4_lr_std74_quantile_0.1,2,1,1.0773334180139833
CH0497,taylor swift,0,v4_lr_std74_quantile_0.1,2,0,-1.203074664461691
CH0501,taylor swift,0,v4_lr_std74_quantile_0.1,2,1,1.7549331193150985
CH0503,taylor swift,0,v4_lr_std74_quantile_0.1,2,0,-0.28286905605201257
CH0506,bruno mars,0,v4_lr_std74_quantile_0.1,2,0,-1.0538614003245723
CH0534,taylor swift,0,v4_lr_std74_quantile_0.1,2,1,0.16047516355723498
CH0536,justin bieber,0,v4_lr_std74_quantile_0.1,2,0,-0.7171483863924041
CH0541,justin bieber,0,v4_lr_std74_quantile_0.1,2,0,-1.009390556041243
CH0546,justin bieber,0,v4_lr_std74_quantile_0.1,2,0,-1.0368477344505842
CH0547,justin bieber,0,v4_lr_std74_quantile_0.1,2,1,0.13202406511378573
CH0548,justin bieber,0,v4_lr_std74_quantile_0.1,2,0,-1.6829360830095879
CH0549,justin bieber,0,v4_lr_std74_quantile_0.1,2,0,-0.6193192703354103
CH0551,justin bieber,0,v4_lr_std74_quantile_0.1,2,0,-0.7693445344112381
CH0554,justin bieber,0,v4_lr_std74_quantile_0.1,2,0,-0.32885213662536206
CH0558,justin bieber,0,v4_lr_std74_quantile_0.1,2,0,-0.5348952304371274
CH0584,usher,0,v4_lr_std74_quantile_0.1,2,1,0.40720220622743186
CH0585,bruno mars,0,v4_lr_std74_quantile_0.1,2,0,-0.7782713599709612
CH0593,justin bieber,0,v4_lr_std74_quantile_0.1,2,0,-0.7129816499461207
CH0598,daughtry,0,v4_lr_std74_quantile_0.1,2,0,-1.4126437328276535
CH0603,bruno mars,0,v4_lr_std74_quantile_0.1,2,0,-0.1768912548182633
CH0624,taylor swift,0,v4_lr_std74_quantile_0.1,2,1,1.0434161003949252
CH0629,taylor swift,0,v4_lr_std74_quantile_0.1,2,1,0.16443772902670817
CH0630,taylor swift,0,v4_lr_std74_quantile_0.1,2,1,0.15490277563652888
CH0633,justin bieber,0,v4_lr_std74_quantile_0.1,2,1,0.1461530088466446
CH0635,nickelback,0,v4_lr_std74_quantile_0.1,2,1,0.5867268522367616
CH0640,taylor swift,0,v4_lr_std74_quantile_0.1,2,1,0.7004801456352647
CH0641,taylor swift,0,v4_lr_std74_quantile_0.1,2,1,0.74911990018908
CH0646,taylor swift,0,v4_lr_std74_quantile_0.1,2,1,0.5311949260219261
CH0651,taylor swift,0,v4_lr_std74_quantile_0.1,2,1,1.4231246244702276
CH0658,daughtry,0,v4_lr_std74_quantile_0.1,2,1,0.5896892495637441
CH0662,nickelback,0,v4_lr_std74_quantile_0.1,2,1,0.27029246011012786
CH0666,justin bieber,0,v4_lr_std74_quantile_0.1,2,1,1.0814259579136252
CH0670,taylor swift,0,v4_lr_std74_quantile_0.1,2,1,0.5307683341826266
CH0672,taylor swift,0,v4_lr_std74_quantile_0.1,2,1,0.5482606670631824
CH0676,justin bieber,0,v4_lr_std74_quantile_0.1,2,1,0.16253753132759569
CH0677,usher,0,v4_lr_std74_quantile_0.1,2,1,0.43094091755362796
CH0678,nickelback,0,v4_lr_std74_quantile_0.1,2,0,-1.5765075852252282
CH0683,justin bieber,0,v4_lr_std74_quantile_0.1,2,0,-0.7548771563075551
CH0685,justin bieber,0,v4_lr_std74_quantile_0.1,2,0,-0.4398569424450472
CH0688,sean paul,0,v4_lr_std74_quantile_0.1,2,1,1.9159871964162232
CH0690,daughtry,0,v4_lr_std74_quantile_0.1,2,0,-0.8214695657143142
CH0697,taylor swift,0,v4_lr_std74_quantile_0.1,2,1,1.1585736873754064
CH0699,usher,0,v4_lr_std74_quantile_0.1,2,0,-1.2310676229824793
CH0703,daughtry,0,v4_lr_std74_quantile_0.1,2,0,-1.172387418164107
CH0704,nickelback,0,v4_lr_std74_quantile_0.1,2,0,-0.595902622361309
CH0707,taylor swift,0,v4_lr_std74_quantile_0.1,2,1,0.06798737202320969
CH0711,usher,0,v4_lr_std74_quantile_0.1,2,1,0.8285326107080757
CH0715,taylor swift,0,v4_lr_std74_quantile_0.1,2,1,0.5073829856303462
CH0719,daughtry,0,v4_lr_std74_quantile_0.1,2,0,-0.08680595586635094
CH0740,taylor swift,0,v4_lr_std74_quantile_0.1,2,1,0.08100773235592461
CH0005,bts,1,lr_mi_50,3,1,0.5352889967191172
CH0014,bts,1,lr_mi_50,3,1,0.6337082940407995
CH0024,post malone,1,lr_mi_50,3,0,-0.7197116213264683
CH0034,lil baby,1,lr_mi_50,3,1,0.32084398505537953
CH0039,lil baby,1,lr_mi_50,3,0,-0.6901348382415886
CH0040,lil baby,1,lr_mi_50,3,0,-0.15707125406507913
CH0042,lil baby,1,lr_mi_50,3,0,-1.2559136585163577
CH0043,halsey,1,lr_mi_50,3,0,-1.0941543241143374
CH0049,halsey,1,lr_mi_50,3,1,0.1836291735471441
CH0050,post malone,1,lr_mi_50,3,0,-0.7448527821686822
CH0057,post malone,1,lr_mi_50,3,0,-1.832353085889708
CH0068,lil baby,1,lr_mi_50,3,0,-0.8925118991435843
CH0069,p!nk,1,lr_mi_50,3,1,0.40036197561031034
CH0080,halsey,1,lr_mi_50,3,0,-0.49160013307566786
CH0082,post malone,1,lr_mi_50,3,1,0.13651452214627713
CH0109,halsey,1,lr_mi_50,3,0,-0.4099742011306638
CH0114,p!nk,1,lr_mi_50,3,1,0.15163266569464018
CH0116,adele,1,lr_mi_50,3,1,0.05238236865861095
CH0122,adele,1,lr_mi_50,3,0,-0.35778707450382374
CH0127,adele,1,lr_mi_50,3,1,0.4755189330248103
CH0130,p!nk,1,lr_mi_50,3,0,-0.06642902195522632
CH0137,post malone,1,lr_mi_50,3,1,0.5669716529019152
CH0142,adele,1,lr_mi_50,3,0,-0.13854702079579978
CH0160,beyonce,1,lr_mi_50,3,0,-0.319683730783083
CH0161,one direction,1,lr_mi_50,3,0,-0.007120613327638477
CH0165,one direction,1,lr_mi_50,3,0,-0.38839536432914024
CH0169,one direction,1,lr_mi_50,3,0,-0.10792442626353205
CH0171,nicki minaj,1,lr_mi_50,3,0,-0.8994908807429557
CH0178,beyonce,1,lr_mi_50,3,0,-1.199399489369194
CH0192,p!nk,1,lr_mi_50,3,1,0.17120809991937924
CH0197,one direction,1,lr_mi_50,3,1,0.6004037371625227
CH0201,nicki minaj,1,lr_mi_50,3,1,0.5485787546546803
CH0202,one direction,1,lr_mi_50,3,0,-0.3859454386445752
CH0203,adele,1,lr_mi_50,3,0,-0.11727295552788097
CH0211,p!nk,1,lr_mi_50,3,1,1.1310238549465894
CH0213,adele,1,lr_mi_50,3,1,0.4625874954550726
CH0215,adele,1,lr_mi_50,3,0,-0.5768462037705173
CH0218,adele,1,lr_mi_50,3,1,1.39628010098542
CH0220,nicki minaj,1,lr_mi_50,3,1,0.5091235106466685
CH0225,nicki minaj,1,lr_mi_50,3,1,0.0184230686784223
CH0229,p!nk,1,lr_mi_50,3,1,1.396193589752042
CH0231,p!nk,1,lr_mi_50,3,0,-0.3104388789290137
CH0232,lil wayne,1,lr_mi_50,3,0,-1.0728497387594418
CH0250,beyonce,1,lr_mi_50,3,0,-0.13419262519527164
CH0265,nicki minaj,1,lr_mi_50,3,1,0.5622822284621063
CH0271,beyonce,1,lr_mi_50,3,0,-0.9171173950662845
CH0277,beyonce,1,lr_mi_50,3,1,0.29771510406995194
CH0281,beyonce,1,lr_mi_50,3,1,0.7035325904226528
CH0286,p!nk,1,lr_mi_50,3,0,-0.40592708291234236
CH0290,p!nk,1,lr_mi_50,3,1,0.28816272874949994
CH0291,beyonce,1,lr_mi_50,3,1,0.06129390478912471
CH0293,p!nk,1,lr_mi_50,3,0,-0.13666404124670256
CH0302,beyonce,1,lr_mi_50,3,0,-0.7246260710617793
CH0316,lil wayne,1,lr_mi_50,3,1,1.0433225652668179
CH0325,beyonce,1,lr_mi_50,3,0,-0.9141549288856451
CH0336,p!nk,1,lr_mi_50,3,0,-0.0030112854365560507
CH0343,p!nk,1,lr_mi_50,3,0,-0.23732357787487118
CH0357,t.i.,1,lr_mi_50,3,0,-0.10136990929956205
CH0366,p!nk,1,lr_mi_50,3,0,-0.24564698628159665
CH0367,adele,0,lr_mi_50,3,1,0.22833032948974585
CH0369,adele,0,lr_mi_50,3,0,-0.21955576544234812
CH0371,adele,0,lr_mi_50,3,0,-0.297641170882707
CH0372,adele,0,lr_mi_50,3,0,-0.5221110837051535
CH0373,adele,0,lr_mi_50,3,0,-0.552409589802075
CH0374,adele,0,lr_mi_50,3,1,0.06663022423827336
CH0376,adele,0,lr_mi_50,3,0,-0.6954891815171954
CH0378,adele,0,lr_mi_50,3,1,0.7989931457856607
CH0380,adele,0,lr_mi_50,3,0,-1.131064861699773
CH0381,adele,0,lr_mi_50,3,0,-0.987182724561031
CH0382,adele,0,lr_mi_50,3,0,-0.3461854058421349
CH0391,bts,0,lr_mi_50,3,1,0.2408777387115651
CH0392,post malone,0,lr_mi_50,3,0,-0.3283770801221586
CH0416,bts,0,lr_mi_50,3,1,0.05781030311610801
CH0417,bts,0,lr_mi_50,3,0,-0.40747412538621963
CH0418,bts,0,lr_mi_50,3,0,-0.27916155600666126
CH0422,bts,0,lr_mi_50,3,0,-0.27184388161998846
CH0423,bts,0,lr_mi_50,3,0,-0.2796561937469514
CH0424,bts,0,lr_mi_50,3,0,-1.0035392022674687
CH0456,halsey,0,lr_mi_50,3,0,-0.9174238511510642
CH0464,halsey,0,lr_mi_50,3,0,-0.027174351778473833
CH0466,beyonce,0,lr_mi_50,3,1,0.36331549799412416
CH0468,nicki minaj,0,lr_mi_50,3,1,0.3669734801411835
CH0470,lil baby,0,lr_mi_50,3,0,-0.9726791982974242
CH0478,lil wayne,0,lr_mi_50,3,0,-0.7396209781207223
CH0493,p!nk,0,lr_mi_50,3,1,0.1209376400210711
CH0496,post malone,0,lr_mi_50,3,0,-1.1402395325016095
CH0498,lil baby,0,lr_mi_50,3,1,0.5332976591110228
CH0505,post malone,0,lr_mi_50,3,0,-0.3059195215300392
CH0516,nicki minaj,0,lr_mi_50,3,1,0.033676658085518056
CH0543,halsey,0,lr_mi_50,3,1,0.41724086080091394
CH0552,one direction,0,lr_mi_50,3,0,-0.7989842320145781
CH0553,one direction,0,lr_mi_50,3,1,0.15152141216160242
CH0555,one direction,0,lr_mi_50,3,0,-0.42245015811775927
CH0557,one direction,0,lr_mi_50,3,0,-0.6208701170538444
CH0559,one direction,0,lr_mi_50,3,0,-0.3406262841044827
CH0561,nicki minaj,0,lr_mi_50,3,0,-0.36518674947859386
CH0576,one direction,0,lr_mi_50,3,1,0.29876737537709475
CH0581,one direction,0,lr_mi_50,3,1,0.1545188560214345
CH0582,nicki minaj,0,lr_mi_50,3,1,0.010719924658407202
CH0590,beyonce,0,lr_mi_50,3,1,0.29147794376520025
CH0600,one direction,0,lr_mi_50,3,1,0.14292389075433087
CH0601,one direction,0,lr_mi_50,3,0,-0.4255764721689336
CH0604,one direction,0,lr_mi_50,3,0,-0.2644678075782365
CH0612,one direction,0,lr_mi_50,3,0,-0.343127765516847
CH0618,nicki minaj,0,lr_mi_50,3,1,0.23718754436155787
CH0619,one direction,0,lr_mi_50,3,0,-0.2723721825039264
CH0622,adele,0,lr_mi_50,3,0,-0.3838953028514708
CH0623,one direction,0,lr_mi_50,3,1,0.960877222839309
CH0627,beyonce,0,lr_mi_50,3,0,-0.2620126151491294
CH0628,one direction,0,lr_mi_50,3,0,-0.2237319689778876
CH0637,lil wayne,0,lr_mi_50,3,0,-0.45636935710104165
CH0638,beyonce,0,lr_mi_50,3,1,0.572489192075618
CH0639,nicki minaj,0,lr_mi_50,3,1,0.05909415182634902
CH0653,nicki minaj,0,lr_mi_50,3,1,0.1691077459223892
CH0655,nicki minaj,0,lr_mi_50,3,1,0.060045808017488315
CH0663,p!nk,0,lr_mi_50,3,0,-1.280080763087205
CH0681,lil wayne,0,lr_mi_50,3,1,0.27925993375132663
CH0682,p!nk,0,lr_mi_50,3,1,0.5394234158581807
CH0687,beyonce,0,lr_mi_50,3,0,-1.0907064031111369
CH0693,lil wayne,0,lr_mi_50,3,1,0.3459623397507422
CH0733,beyonce,0,lr_mi_50,3,0,-0.711405363391741
CH0743,beyonce,0,lr_mi_50,3,1,0.2987684854416703
CH0744,beyonce,0,lr_mi_50,3,1,0.9860368153642238
CH0005,bts,1,v4_lr_std74_quantile_0.1,3,0,-0.22790285028476026
CH0014,bts,1,v4_lr_std74_quantile_0.1,3,0,-0.05640785463509955
CH0024,post malone,1,v4_lr_std74_quantile_0.1,3,0,-1.6009718094431944
CH0034,lil baby,1,v4_lr_std74_quantile_0.1,3,0,-0.826323719317798
CH0039,lil baby,1,v4_lr_std74_quantile_0.1,3,1,0.1686351058915474
CH0040,lil baby,1,v4_lr_std74_quantile_0.1,3,0,-0.07058014108872022
CH0042,lil baby,1,v4_lr_std74_quantile_0.1,3,0,-2.545637325353736
CH0043,halsey,1,v4_lr_std74_quantile_0.1,3,1,1.1049309352009227
CH0049,halsey,1,v4_lr_std74_quantile_0.1,3,1,0.6446316381402096
CH0050,post malone,1,v4_lr_std74_quantile_0.1,3,1,0.3087179199222292
CH0057,post malone,1,v4_lr_std74_quantile_0.1,3,0,-0.8647930325147852
CH0068,lil baby,1,v4_lr_std74_quantile_0.1,3,1,0.30011349120500186
CH0069,p!nk,1,v4_lr_std74_quantile_0.1,3,1,0.43028895804277706
CH0080,halsey,1,v4_lr_std74_quantile_0.1,3,0,-1.9189599917503737
CH0082,post malone,1,v4_lr_std74_quantile_0.1,3,0,-1.0501421222943632
CH0109,halsey,1,v4_lr_std74_quantile_0.1,3,0,-2.127899499040357
CH0114,p!nk,1,v4_lr_std74_quantile_0.1,3,1,1.0564344682341817
CH0116,adele,1,v4_lr_std74_quantile_0.1,3,0,-0.138978083267995
CH0122,adele,1,v4_lr_std74_quantile_0.1,3,0,-0.6462379118646584
CH0127,adele,1,v4_lr_std74_quantile_0.1,3,0,-1.0340761947117836
CH0130,p!nk,1,v4_lr_std74_quantile_0.1,3,0,-0.6477976305767441
CH0137,post malone,1,v4_lr_std74_quantile_0.1,3,1,0.9530989037925145
CH0142,adele,1,v4_lr_std74_quantile_0.1,3,1,0.3439384130346512
CH0160,beyonce,1,v4_lr_std74_quantile_0.1,3,0,-0.9864204572791677
CH0161,one direction,1,v4_lr_std74_quantile_0.1,3,0,-0.951479830206137
CH0165,one direction,1,v4_lr_std74_quantile_0.1,3,1,0.3823162957444927
CH0169,one direction,1,v4_lr_std74_quantile_0.1,3,1,1.770490649640694
CH0171,nicki minaj,1,v4_lr_std74_quantile_0.1,3,1,0.7697498605753188
CH0178,beyonce,1,v4_lr_std74_quantile_0.1,3,0,-0.3854435437611798
CH0192,p!nk,1,v4_lr_std74_quantile_0.1,3,1,0.11020911064642545
CH0197,one direction,1,v4_lr_std74_quantile_0.1,3,1,0.7020414786010724
CH0201,nicki minaj,1,v4_lr_std74_quantile_0.1,3,1,0.26362935849049973
CH0202,one direction,1,v4_lr_std74_quantile_0.1,3,1,0.3871313797749095
CH0203,adele,1,v4_lr_std74_quantile_0.1,3,1,0.29072612685710025
CH0211,p!nk,1,v4_lr_std74_quantile_0.1,3,0,-0.9297865722768772
CH0213,adele,1,v4_lr_std74_quantile_0.1,3,0,-1.6942654847902658
CH0215,adele,1,v4_lr_std74_quantile_0.1,3,0,-0.014506164143167091
CH0218,adele,1,v4_lr_std74_quantile_0.1,3,0,-1.0536741913312209
CH0220,nicki minaj,1,v4_lr_std74_quantile_0.1,3,1,0.03665993840910452
CH0225,nicki minaj,1,v4_lr_std74_quantile_0.1,3,0,-0.05601455697099762
CH0229,p!nk,1,v4_lr_std74_quantile_0.1,3,1,0.12545331324358666
CH0231,p!nk,1,v4_lr_std74_quantile_0.1,3,0,-0.5152785413950227
CH0232,lil wayne,1,v4_lr_std74_quantile_0.1,3,1,0.4299060669220528
CH0250,beyonce,1,v4_lr_std74_quantile_0.1,3,1,0.932657094028316
CH0265,nicki minaj,1,v4_lr_std74_quantile_0.1,3,0,-0.025857951864109066
CH0271,beyonce,1,v4_lr_std74_quantile_0.1,3,1,1.2299199839765362
CH0277,beyonce,1,v4_lr_std74_quantile_0.1,3,1,0.7190870004253757
CH0281,beyonce,1,v4_lr_std74_quantile_0.1,3,0,-0.09833399917105236
CH0286,p!nk,1,v4_lr_std74_quantile_0.1,3,1,1.229341234019846
CH0290,p!nk,1,v4_lr_std74_quantile_0.1,3,0,-0.7930024168003079
CH0291,beyonce,1,v4_lr_std74_quantile_0.1,3,1,0.1395786703822836
CH0293,p!nk,1,v4_lr_std74_quantile_0.1,3,1,0.2163578187961968
CH0302,beyonce,1,v4_lr_std74_quantile_0.1,3,1,0.722208643480972
CH0316,lil wayne,1,v4_lr_std74_quantile_0.1,3,0,-0.3840215399494915
CH0325,beyonce,1,v4_lr_std74_quantile_0.1,3,1,1.6053149065044332
CH0336,p!nk,1,v4_lr_std74_quantile_0.1,3,0,-0.993465211984383
CH0343,p!nk,1,v4_lr_std74_quantile_0.1,3,0,-0.20651646791858835
CH0357,t.i.,1,v4_lr_std74_quantile_0.1,3,0,-1.130706232286258
CH0366,p!nk,1,v4_lr_std74_quantile_0.1,3,0,-0.48384240137871715
CH0367,adele,0,v4_lr_std74_quantile_0.1,3,1,0.2170501838723769
CH0369,adele,0,v4_lr_std74_quantile_0.1,3,1,1.3040238213863529
CH0371,adele,0,v4_lr_std74_quantile_0.1,3,0,-0.6017465653549471
CH0372,adele,0,v4_lr_std74_quantile_0.1,3,0,-1.6945885083285124
CH0373,adele,0,v4_lr_std74_quantile_0.1,3,0,-1.068051641354059
CH0374,adele,0,v4_lr_std74_quantile_0.1,3,1,0.4282234327969564
CH0376,adele,0,v4_lr_std74_quantile_0.1,3,0,-0.15376943103202123
CH0378,adele,0,v4_lr_std74_quantile_0.1,3,1,0.5370503906192109
CH0380,adele,0,v4_lr_std74_quantile_0.1,3,0,-2.3127399097493475
CH0381,adele,0,v4_lr_std74_quantile_0.1,3,0,-1.4972022386191688
CH0382,adele,0,v4_lr_std74_quantile_0.1,3,1,0.18892354753357443
CH0391,bts,0,v4_lr_std74_quantile_0.1,3,0,-1.9844944414588412
CH0392,post malone,0,v4_lr_std74_quantile_0.1,3,0,-1.1922318617955232
CH0416,bts,0,v4_lr_std74_quantile_0.1,3,0,-0.2810719661525501
CH0417,bts,0,v4_lr_std74_quantile_0.1,3,0,-0.516493833719816
CH0418,bts,0,v4_lr_std74_quantile_0.1,3,1,0.12581991806756465
CH0422,bts,0,v4_lr_std74_quantile_0.1,3,0,-0.34336308686842454
CH0423,bts,0,v4_lr_std74_quantile_0.1,3,1,1.018795531683612
CH0424,bts,0,v4_lr_std74_quantile_0.1,3,0,-0.757628284203626
CH0456,halsey,0,v4_lr_std74_quantile_0.1,3,1,0.5113759835356727
CH0464,halsey,0,v4_lr_std74_quantile_0.1,3,0,-1.6772180822138607
CH0466,beyonce,0,v4_lr_std74_quantile_0.1,3,0,-0.0680826091949814
CH0468,nicki minaj,0,v4_lr_std74_quantile_0.1,3,0,-1.0542121502797934
CH0470,lil baby,0,v4_lr_std74_quantile_0.1,3,0,-0.30664440477536853
CH0478,lil wayne,0,v4_lr_std74_quantile_0.1,3,1,0.03277586033142309
CH0493,p!nk,0,v4_lr_std74_quantile_0.1,3,0,-1.4726659640945812
CH0496,post malone,0,v4_lr_std74_quantile_0.1,3,0,-0.6660404546248677
CH0498,lil baby,0,v4_lr_std74_quantile_0.1,3,0,-0.12600792868526578
CH0505,post malone,0,v4_lr_std74_quantile_0.1,3,1,0.5213022699911645
CH0516,nicki minaj,0,v4_lr_std74_quantile_0.1,3,1,0.2646200083945864
CH0543,halsey,0,v4_lr_std74_quantile_0.1,3,1,1.2985997533873974
CH0552,one direction,0,v4_lr_std74_quantile_0.1,3,0,-2.603644019141666
CH0553,one direction,0,v4_lr_std74_quantile_0.1,3,0,-0.031966368700369466
CH0555,one direction,0,v4_lr_std74_quantile_0.1,3,1,0.23635997564166034
CH0557,one direction,0,v4_lr_std74_quantile_0.1,3,0,-0.18336929351766862
CH0559,one direction,0,v4_lr_std74_quantile_0.1,3,0,-0.35378288628408827
CH0561,nicki minaj,0,v4_lr_std74_quantile_0.1,3,0,-0.29359935101429624
CH0576,one direction,0,v4_lr_std74_quantile_0.1,3,0,-0.8106593145033275
CH0581,one direction,0,v4_lr_std74_quantile_0.1,3,0,-0.7403150894136894
CH0582,nicki minaj,0,v4_lr_std74_quantile_0.1,3,0,-0.016407985539359862
CH0590,beyonce,0,v4_lr_std74_quantile_0.1,3,0,-0.5730503095183664
CH0600,one direction,0,v4_lr_std74_quantile_0.1,3,0,-0.4439047714599333
CH0601,one direction,0,v4_lr_std74_quantile_0.1,3,0,-0.48287393207162554
CH0604,one direction,0,v4_lr_std74_quantile_0.1,3,0,-1.577585708349345
CH0612,one direction,0,v4_lr_std74_quantile_0.1,3,1,0.37286647537508655
CH0618,nicki minaj,0,v4_lr_std74_quantile_0.1,3,1,0.7456019467892309
CH0619,one direction,0,v4_lr_std74_quantile_0.1,3,0,-0.6016240851524299
CH0622,adele,0,v4_lr_std74_quantile_0.1,3,0,-0.7451905473880508
CH0623,one direction,0,v4_lr_std74_quantile_0.1,3,1,0.3115757852886403
CH0627,beyonce,0,v4_lr_std74_quantile_0.1,3,1,0.7652123529589964
CH0628,one direction,0,v4_lr_std74_quantile_0.1,3,0,-0.6499674462412349
CH0637,lil wayne,0,v4_lr_std74_quantile_0.1,3,0,-0.37550844760108754
CH0638,beyonce,0,v4_lr_std74_quantile_0.1,3,1,0.03366174591302072
CH0639,nicki minaj,0,v4_lr_std74_quantile_0.1,3,1,0.7317379232739938
CH0653,nicki minaj,0,v4_lr_std74_quantile_0.1,3,1,1.7560212439792473
CH0655,nicki minaj,0,v4_lr_std74_quantile_0.1,3,1,0.017609690472284653
CH0663,p!nk,0,v4_lr_std74_quantile_0.1,3,1,0.8305885663151967
CH0681,lil wayne,0,v4_lr_std74_quantile_0.1,3,1,1.0446363688805775
CH0682,p!nk,0,v4_lr_std74_quantile_0.1,3,0,-0.15283120800299188
CH0687,beyonce,0,v4_lr_std74_quantile_0.1,3,1,0.5823434444712781
CH0693,lil wayne,0,v4_lr_std74_quantile_0.1,3,0,-0.7714953912236532
CH0733,beyonce,0,v4_lr_std74_quantile_0.1,3,1,1.0854122752500555
CH0743,beyonce,0,v4_lr_std74_quantile_0.1,3,1,0.6086425496513874
CH0744,beyonce,0,v4_lr_std74_quantile_0.1,3,1,0.2739106379677698
CH0001,the weeknd,1,lr_mi_50,4,1,0.7731185846093702
CH0019,drake,1,lr_mi_50,4,1,0.007719109651897371
CH0022,the weeknd,1,lr_mi_50,4,1,2.0187023191808704
CH0030,the weeknd,1,lr_mi_50,4,1,0.7338153191851311
CH0032,drake,1,lr_mi_50,4,1,0.6983393320008198
CH0071,drake,1,lr_mi_50,4,0,-0.29405094678137217
CH0073,drake,1,lr_mi_50,4,0,-0.17450887401589416
CH0074,drake,1,lr_mi_50,4,1,1.0370539017993752
CH0075,xxxtentacion,1,lr_mi_50,4,1,0.6048666670474165
CH0078,imagine dragons,1,lr_mi_50,4,0,-1.9904660137120231
CH0081,imagine dragons,1,lr_mi_50,4,0,-0.6598132672805759
CH0085,drake,1,lr_mi_50,4,1,0.06641866384859141
CH0090,imagine dragons,1,lr_mi_50,4,1,1.2919307370450699
CH0092,the weeknd,1,lr_mi_50,4,0,-0.45136131202543595
CH0093,drake,1,lr_mi_50,4,1,0.7592253471034067
CH0094,xxxtentacion,1,lr_mi_50,4,0,-1.474560513457539
CH0095,xxxtentacion,1,lr_mi_50,4,1,0.40250168243841306
CH0097,imagine dragons,1,lr_mi_50,4,1,0.49399557381513765
CH0100,future,1,lr_mi_50,4,1,0.621650971616384
CH0103,rihanna,1,lr_mi_50,4,0,-0.44459005396635115
CH0104,drake,1,lr_mi_50,4,1,0.6439992174780522
CH0111,drake,1,lr_mi_50,4,0,-0.9819489881654959
CH0123,rihanna,1,lr_mi_50,4,1,0.643632739931423
CH0126,drake,1,lr_mi_50,4,1,0.38545116873766344
CH0129,the weeknd,1,lr_mi_50,4,0,-0.6784669983546991
CH0132,drake,1,lr_mi_50,4,1,1.197348710676233
CH0135,the weeknd,1,lr_mi_50,4,1,0.5615327303473128
CH0138,the weeknd,1,lr_mi_50,4,1,0.680062613956369
CH0145,future,1,lr_mi_50,4,0,-0.6481756368046467
CH0150,the weeknd,1,lr_mi_50,4,1,0.6372397276315116
CH0158,rihanna,1,lr_mi_50,4,1,1.1800842761454955
CH0166,drake,1,lr_mi_50,4,1,0.6316201819520326
CH0167,pharrell williams,1,lr_mi_50,4,1,0.26408240597964505
CH0168,imagine dragons,1,lr_mi_50,4,0,-0.4978539136075456
CH0173,justin timberlake,1,lr_mi_50,4,0,-0.9451549157499435
CH0176,imagine dragons,1,lr_mi_50,4,0,-0.432602950736786
CH0179,drake,1,lr_mi_50,4,0,-0.7898609920268649
CH0180,justin timberlake,1,lr_mi_50,4,0,-1.186043196194644
CH0185,rihanna,1,lr_mi_50,4,0,-0.219450276587222
CH0186,drake,1,lr_mi_50,4,0,-0.49236195333355903
CH0190,imagine dragons,1,lr_mi_50,4,0,-0.8557376165550816
CH0195,rihanna,1,lr_mi_50,4,1,0.9302837699284991
CH0206,rihanna,1,lr_mi_50,4,1,1.4152245985323908
CH0222,rihanna,1,lr_mi_50,4,1,0.14996422751257948
CH0226,rihanna,1,lr_mi_50,4,1,0.47458176251001033
CH0238,rihanna,1,lr_mi_50,4,1,1.8755881624614663
CH0248,rihanna,1,lr_mi_50,4,0,-1.301669445495796
CH0249,drake,1,lr_mi_50,4,0,-0.6103573991311022
CH0254,rihanna,1,lr_mi_50,4,0,-0.21266961346563257
CH0257,drake,1,lr_mi_50,4,0,-0.7349984293322327
CH0262,drake,1,lr_mi_50,4,1,0.7497170518262892
CH0280,drake,1,lr_mi_50,4,1,0.07441607298211703
CH0295,akon,1,lr_mi_50,4,0,-0.5569312295002053
CH0301,rihanna,1,lr_mi_50,4,1,1.8533917659819228
CH0309,rihanna,1,lr_mi_50,4,0,-0.8514307717689957
CH0311,rihanna,1,lr_mi_50,4,1,0.19908729674414438
CH0327,akon,1,lr_mi_50,4,1,2.23771731791908
CH0332,justin timberlake,1,lr_mi_50,4,0,-1.5806973883700899
CH0338,justin timberlake,1,lr_mi_50,4,1,0.15376691466594355
CH0341,justin timberlake,1,lr_mi_50,4,1,1.1879583731232406
CH0345,rihanna,1,lr_mi_50,4,0,-1.3620512007098209
CH0347,justin timberlake,1,lr_mi_50,4,0,-0.5515973013421189
CH0352,rihanna,1,lr_mi_50,4,1,2.6231416297658865
CH0355,rihanna,1,lr_mi_50,4,0,-0.15655455342225183
CH0441,the weeknd,0,lr_mi_50,4,0,-0.19743569107275544
CH0442,the weeknd,0,lr_mi_50,4,0,-2.956344992890227
CH0443,the weeknd,0,lr_mi_50,4,0,-0.6260674656576495
CH0444,the weeknd,0,lr_mi_50,4,1,0.17867311773581862
CH0445,the weeknd,0,lr_mi_50,4,1,0.49055168908175456
CH0447,the weeknd,0,lr_mi_50,4,0,-1.1402577751688912
CH0448,the weeknd,0,lr_mi_50,4,1,0.8470926428756484
CH0449,the weeknd,0,lr_mi_50,4,1,0.11232395064340689
CH0450,the weeknd,0,lr_mi_50,4,0,-1.3579677954872433
CH0451,the weeknd,0,lr_mi_50,4,1,0.7383585885764963
CH0469,imagine dragons,0,lr_mi_50,4,0,-1.5134171886465422
CH0479,xxxtentacion,0,lr_mi_50,4,0,-0.7557439410011417
CH0484,drake,0,lr_mi_50,4,1,0.10993138878458247
CH0490,drake,0,lr_mi_50,4,1,0.31374379259969526
CH0491,drake,0,lr_mi_50,4,1,0.68036615370624
CH0495,xxxtentacion,0,lr_mi_50,4,1,0.4020461829426522
CH0502,xxxtentacion,0,lr_mi_50,4,1,0.006406950893025065
CH0512,drake,0,lr_mi_50,4,1,0.21478053270082237
CH0513,the weeknd,0,lr_mi_50,4,0,-0.7414047151944243
CH0518,future,0,lr_mi_50,4,0,-0.3236286130406965
CH0519,the weeknd,0,lr_mi_50,4,1,0.06065319428151872
CH0522,the weeknd,0,lr_mi_50,4,1,0.17091409569979255
CH0524,rihanna,0,lr_mi_50,4,0,-0.2164724559500921
CH0530,drake,0,lr_mi_50,4,1,0.4931927170463774
CH0531,drake,0,lr_mi_50,4,1,0.18739093308891547
CH0535,the weeknd,0,lr_mi_50,4,1,0.27007797663881755
CH0544,drake,0,lr_mi_50,4,0,-0.8083046520451465
CH0562,future,0,lr_mi_50,4,0,-0.9995190757308754
CH0566,drake,0,lr_mi_50,4,1,0.29937329357916687
CH0567,imagine dragons,0,lr_mi_50,4,1,0.1511559611097137
CH0568,drake,0,lr_mi_50,4,1,0.8478008927284602
CH0570,drake,0,lr_mi_50,4,0,-0.6860525224835472
CH0572,drake,0,lr_mi_50,4,1,1.278779861127325
CH0577,the weeknd,0,lr_mi_50,4,0,-0.47207915149758756
CH0583,pharrell williams,0,lr_mi_50,4,0,-0.9103354119505658
CH0588,imagine dragons,0,lr_mi_50,4,0,-0.09642401734094597
CH0591,drake,0,lr_mi_50,4,1,0.14465761255824722
CH0592,justin timberlake,0,lr_mi_50,4,1,0.6267534844715583
CH0595,future,0,lr_mi_50,4,0,-0.15299584256156046
CH0597,drake,0,lr_mi_50,4,0,-0.7864784571535142
CH0602,rihanna,0,lr_mi_50,4,1,0.4235661350117285
CH0607,justin timberlake,0,lr_mi_50,4,0,-0.12372494658386704
CH0613,justin timberlake,0,lr_mi_50,4,0,-0.1302442967044472
CH0614,future,0,lr_mi_50,4,1,0.6990317141810745
CH0620,the weeknd,0,lr_mi_50,4,0,-0.2525310723987611
CH0625,future,0,lr_mi_50,4,1,0.08686034294623277
CH0642,drake,0,lr_mi_50,4,0,-0.008480783574557116
CH0644,drake,0,lr_mi_50,4,0,-1.7692867361616205
CH0645,rihanna,0,lr_mi_50,4,1,0.11657664757404179
CH0647,rihanna,0,lr_mi_50,4,1,2.001054388213641
CH0649,drake,0,lr_mi_50,4,0,-0.5547538653162204
CH0659,akon,0,lr_mi_50,4,1,0.11457920424515339
CH0674,rihanna,0,lr_mi_50,4,1,0.48992793235591175
CH0698,rihanna,0,lr_mi_50,4,0,-0.04485885627245423
CH0729,akon,0,lr_mi_50,4,0,-0.14917530877971313
CH0749,rihanna,0,lr_mi_50,4,1,1.196943858888125
CH0001,the weeknd,1,v4_lr_std74_quantile_0.1,4,0,-0.5192096836374632
CH0019,drake,1,v4_lr_std74_quantile_0.1,4,1,1.124068685353944
CH0022,the weeknd,1,v4_lr_std74_quantile_0.1,4,1,0.27949787518254676
CH0030,the weeknd,1,v4_lr_std74_quantile_0.1,4,1,0.17152698673041594
CH0032,drake,1,v4_lr_std74_quantile_0.1,4,1,2.7715431806968334
CH0071,drake,1,v4_lr_std74_quantile_0.1,4,0,-0.47987544688058315
CH0073,drake,1,v4_lr_std74_quantile_0.1,4,1,0.6977056368686945
CH0074,drake,1,v4_lr_std74_quantile_0.1,4,1,1.1449390771333448
CH0075,xxxtentacion,1,v4_lr_std74_quantile_0.1,4,0,-0.5217861453423036
CH0078,imagine dragons,1,v4_lr_std74_quantile_0.1,4,0,-1.4752677809895103
CH0081,imagine dragons,1,v4_lr_std74_quantile_0.1,4,1,2.6868648175296803
CH0085,drake,1,v4_lr_std74_quantile_0.1,4,1,0.15532252822021442
CH0090,imagine dragons,1,v4_lr_std74_quantile_0.1,4,1,0.1372704499268354
CH0092,the weeknd,1,v4_lr_std74_quantile_0.1,4,0,-1.5642038653390165
CH0093,drake,1,v4_lr_std74_quantile_0.1,4,1,1.1107542078078407
CH0094,xxxtentacion,1,v4_lr_std74_quantile_0.1,4,0,-1.3263378311218414
CH0095,xxxtentacion,1,v4_lr_std74_quantile_0.1,4,0,-0.48830171048550597
CH0097,imagine dragons,1,v4_lr_std74_quantile_0.1,4,1,0.16099497501918553
CH0100,future,1,v4_lr_std74_quantile_0.1,4,1,1.2105721373931566
CH0103,rihanna,1,v4_lr_std74_quantile_0.1,4,0,-1.0426233704282428
CH0104,drake,1,v4_lr_std74_quantile_0.1,4,1,2.14881696134547
CH0111,drake,1,v4_lr_std74_quantile_0.1,4,1,1.390401938317648
CH0123,rihanna,1,v4_lr_std74_quantile_0.1,4,0,-0.3382820956640149
CH0126,drake,1,v4_lr_std74_quantile_0.1,4,0,-0.018978156506108568
CH0129,the weeknd,1,v4_lr_std74_quantile_0.1,4,0,-1.0386012359329972
CH0132,drake,1,v4_lr_std74_quantile_0.1,4,1,2.0212903921401
CH0135,the weeknd,1,v4_lr_std74_quantile_0.1,4,0,-0.6523408331582473
CH0138,the weeknd,1,v4_lr_std74_quantile_0.1,4,1,0.05843700060531118
CH0145,future,1,v4_lr_std74_quantile_0.1,4,1,1.3073386084344742
CH0150,the weeknd,1,v4_lr_std74_quantile_0.1,4,1,0.8997676373388519
CH0158,rihanna,1,v4_lr_std74_quantile_0.1,4,1,0.18812535584898663
CH0166,drake,1,v4_lr_std74_quantile_0.1,4,1,0.2279682457978096
CH0167,pharrell williams,1,v4_lr_std74_quantile_0.1,4,1,0.32262720203338335
CH0168,imagine dragons,1,v4_lr_std74_quantile_0.1,4,0,-0.33682618920782725
CH0173,justin timberlake,1,v4_lr_std74_quantile_0.1,4,1,0.1486739552808663
CH0176,imagine dragons,1,v4_lr_std74_quantile_0.1,4,0,-0.276518128882102
CH0179,drake,1,v4_lr_std74_quantile_0.1,4,1,0.3936415357559836
CH0180,justin timberlake,1,v4_lr_std74_quantile_0.1,4,0,-1.4093663094499045
CH0185,rihanna,1,v4_lr_std74_quantile_0.1,4,0,-0.8554683619088144
CH0186,drake,1,v4_lr_std74_quantile_0.1,4,0,-2.0483112872166327
CH0190,imagine dragons,1,v4_lr_std74_quantile_0.1,4,0,-0.19171291652595338
CH0195,rihanna,1,v4_lr_std74_quantile_0.1,4,1,1.4040190767682932
CH0206,rihanna,1,v4_lr_std74_quantile_0.1,4,1,1.3937406795737406
CH0222,rihanna,1,v4_lr_std74_quantile_0.1,4,1,0.18353473452491115
CH0226,rihanna,1,v4_lr_std74_quantile_0.1,4,1,0.8363546678051827
CH0238,rihanna,1,v4_lr_std74_quantile_0.1,4,1,0.36828482105624394
CH0248,rihanna,1,v4_lr_std74_quantile_0.1,4,0,-0.43860104864752536
CH0249,drake,1,v4_lr_std74_quantile_0.1,4,1,1.1313426955210588
CH0254,rihanna,1,v4_lr_std74_quantile_0.1,4,1,0.05740378236363003
CH0257,drake,1,v4_lr_std74_quantile_0.1,4,1,1.5167263123206516
CH0262,drake,1,v4_lr_std74_quantile_0.1,4,0,-1.1630136285505281
CH0280,drake,1,v4_lr_std74_quantile_0.1,4,1,0.509450119237894
CH0295,akon,1,v4_lr_std74_quantile_0.1,4,1,0.05921789435340952
CH0301,rihanna,1,v4_lr_std74_quantile_0.1,4,1,0.7542895963820622
CH0309,rihanna,1,v4_lr_std74_quantile_0.1,4,0,-1.6010263833927827
CH0311,rihanna,1,v4_lr_std74_quantile_0.1,4,1,1.1346084245974006
CH0327,akon,1,v4_lr_std74_quantile_0.1,4,1,0.7193979230512262
CH0332,justin timberlake,1,v4_lr_std74_quantile_0.1,4,1,0.6074241408237131
CH0338,justin timberlake,1,v4_lr_std74_quantile_0.1,4,0,-0.12263812470178961
CH0341,justin timberlake,1,v4_lr_std74_quantile_0.1,4,1,2.138812954550939
CH0345,rihanna,1,v4_lr_std74_quantile_0.1,4,0,-0.22227754495924218
CH0347,justin timberlake,1,v4_lr_std74_quantile_0.1,4,1,0.5774186655104494
CH0352,rihanna,1,v4_lr_std74_quantile_0.1,4,1,1.2166332697716753
CH0355,rihanna,1,v4_lr_std74_quantile_0.1,4,1,0.5626972307089747
CH0441,the weeknd,0,v4_lr_std74_quantile_0.1,4,0,-0.3917632922692895
CH0442,the weeknd,0,v4_lr_std74_quantile_0.1,4,0,-3.9792829105640846
CH0443,the weeknd,0,v4_lr_std74_quantile_0.1,4,1,0.682800066252854
CH0444,the weeknd,0,v4_lr_std74_quantile_0.1,4,0,-2.152583225403976
CH0445,the weeknd,0,v4_lr_std74_quantile_0.1,4,1,0.0005541313762694716
CH0447,the weeknd,0,v4_lr_std74_quantile_0.1,4,0,-1.2093774863266582
CH0448,the weeknd,0,v4_lr_std74_quantile_0.1,4,0,-1.0575686577834198
CH0449,the weeknd,0,v4_lr_std74_quantile_0.1,4,0,-0.790693787418294
CH0450,the weeknd,0,v4_lr_std74_quantile_0.1,4,1,0.355753767717458
CH0451,the weeknd,0,v4_lr_std74_quantile_0.1,4,0,-0.6159210796539999
CH0469,imagine dragons,0,v4_lr_std74_quantile_0.1,4,0,-0.5479073415998801
CH0479,xxxtentacion,0,v4_lr_std74_quantile_0.1,4,1,1.6997641767374692
CH0484,drake,0,v4_lr_std74_quantile_0.1,4,1,0.7434775953960002
CH0490,drake,0,v4_lr_std74_quantile_0.1,4,0,-0.5685620169561763
CH0491,drake,0,v4_lr_std74_quantile_0.1,4,0,-0.4419196961860835
CH0495,xxxtentacion,0,v4_lr_std74_quantile_0.1,4,0,-0.08875587636302561
CH0502,xxxtentacion,0,v4_lr_std74_quantile_0.1,4,1,1.11822041448943
CH0512,drake,0,v4_lr_std74_quantile_0.1,4,0,-0.10679069555367993
CH0513,the weeknd,0,v4_lr_std74_quantile_0.1,4,1,1.054377594042921
CH0518,future,0,v4_lr_std74_quantile_0.1,4,0,-0.21851614357078197
CH0519,the weeknd,0,v4_lr_std74_quantile_0.1,4,1,0.5944849345925005
CH0522,the weeknd,0,v4_lr_std74_quantile_0.1,4,1,1.358952201642862
CH0524,rihanna,0,v4_lr_std74_quantile_0.1,4,1,0.1599860672147339
CH0530,drake,0,v4_lr_std74_quantile_0.1,4,0,-0.6149005874522908
CH0531,drake,0,v4_lr_std74_quantile_0.1,4,1,1.08730465653635
CH0535,the weeknd,0,v4_lr_std74_quantile_0.1,4,0,-0.662836310536765
CH0544,drake,0,v4_lr_std74_quantile_0.1,4,1,0.7350336446062258
CH0562,future,0,v4_lr_std74_quantile_0.1,4,1,2.106510270694082
CH0566,drake,0,v4_lr_std74_quantile_0.1,4,0,-0.0008359496199241718
CH0567,imagine dragons,0,v4_lr_std74_quantile_0.1,4,1,1.4300620481205943
CH0568,drake,0,v4_lr_std74_quantile_0.1,4,1,2.0367491863606006
CH0570,drake,0,v4_lr_std74_quantile_0.1,4,1,1.136541950635234
CH0572,drake,0,v4_lr_std74_quantile_0.1,4,1,0.5665549776301926
CH0577,the weeknd,0,v4_lr_std74_quantile_0.1,4,0,-1.3375279778727147
CH0583,pharrell williams,0,v4_lr_std74_quantile_0.1,4,0,-0.8262109807454531
CH0588,imagine dragons,0,v4_lr_std74_quantile_0.1,4,0,-0.5941391387891981
CH0591,drake,0,v4_lr_std74_quantile_0.1,4,0,-0.30364437170109415
CH0592,justin timberlake,0,v4_lr_std74_quantile_0.1,4,1,1.1785025208093336
CH0595,future,0,v4_lr_std74_quantile_0.1,4,1,0.9099367337531696
CH0597,drake,0,v4_lr_std74_quantile_0.1,4,0,-0.7524993168694929
CH0602,rihanna,0,v4_lr_std74_quantile_0.1,4,0,-0.06439012941477468
CH0607,justin timberlake,0,v4_lr_std74_quantile_0.1,4,0,-0.38871986326206287
CH0613,justin timberlake,0,v4_lr_std74_quantile_0.1,4,0,-0.9230858022738624
CH0614,future,0,v4_lr_std74_quantile_0.1,4,1,1.710700395894023
CH0620,the weeknd,0,v4_lr_std74_quantile_0.1,4,0,-0.6935001495680421
CH0625,future,0,v4_lr_std74_quantile_0.1,4,0,-0.06621098338681475
CH0642,drake,0,v4_lr_std74_quantile_0.1,4,1,0.41059840858458535
CH0644,drake,0,v4_lr_std74_quantile_0.1,4,0,-2.0257383492793477
CH0645,rihanna,0,v4_lr_std74_quantile_0.1,4,0,-1.1806363012079684
CH0647,rihanna,0,v4_lr_std74_quantile_0.1,4,1,0.7268576695119588
CH0649,drake,0,v4_lr_std74_quantile_0.1,4,0,-1.1002147271153684
CH0659,akon,0,v4_lr_std74_quantile_0.1,4,1,1.3949821208312987
CH0674,rihanna,0,v4_lr_std74_quantile_0.1,4,0,-0.15230925300073017
CH0698,rihanna,0,v4_lr_std74_quantile_0.1,4,0,-1.989365860762267
CH0729,akon,0,v4_lr_std74_quantile_0.1,4,0,-0.4641174234625285
CH0749,rihanna,0,v4_lr_std74_quantile_0.1,4,1,0.4742117112960197
