track_id,artist,title,label,artist_group,prediction,score
CH0004,Lil Nas X,Montero (Call Me By Your Name),1,lil nas x,1,0.2693096669074119
CH0007,Ariana Grande,Positions,1,ariana grande,1,0.13840762348761887
CH0010,Pop Smoke,What You Know Bout Love,1,pop smoke,1,0.22221079674259647
CH0011,Billie Eilish,Therefore I Am,1,billie eilish,0,-0.3565493264347768
CH0012,Cardi B,Up,1,cardi b,1,0.09834165872440709
CH0021,Ariana Grande,pov,1,ariana grande,1,0.3336379857656706
CH0023,Billie Eilish,Happier Than Ever,1,billie eilish,0,-1.242007056493532
CH0025,Harry Styles,Adore You,1,harry styles,1,0.028831449633587636
CH0028,Billie Eilish,Everything I Wanted,1,billie eilish,0,-0.7104610208141322
CH0029,Harry Styles,Watermelon Sugar,1,harry styles,0,-0.6475851022150789
CH0033,Morgan Wallen,Chasin' You,1,morgan wallen,0,-1.395446668408423
CH0036,Billie Eilish,Bad Guy,1,billie eilish,0,-0.4037075957522775
CH0038,Lil Nas X,Panini,1,lil nas x,1,0.4473286569353216
CH0044,Pop Smoke,Dior,1,pop smoke,0,-0.41030547940999806
CH0047,Morgan Wallen,More Than My Hometown,1,morgan wallen,1,0.02540989621481604
CH0051,Ariana Grande,7 Rings,1,ariana grande,1,0.06205479210084486
CH0054,Ariana Grande,"Thank U, Next",1,ariana grande,1,0.693178072074107
CH0056,Shawn Mendes,If I Can't Have You,1,shawn mendes,1,0.24924308334227258
CH0058,Ariana Grande,"Break Up With Your Girlfriend, I'm Bored",1,ariana grande,1,0.009058712398481925
CH0059,Cardi B,Money,1,cardi b,0,-1.1032233518365189
CH0063,Morgan Wallen,Whiskey Glasses,1,morgan wallen,0,-0.19473471533877051
CH0065,Billie Eilish,When The Party's Over,1,billie eilish,0,-1.0035325819537526
CH0066,Ariana Grande,Breathin,1,ariana grande,1,0.7573261436212813
CH0067,Billie Eilish,Bury A Friend,1,billie eilish,0,-0.9440779471811218
CH0077,Ariana Grande,No Tears Left To Cry,1,ariana grande,0,-0.32791415744206015
CH0083,Shawn Mendes,In My Blood,1,shawn mendes,1,0.73677342237837
CH0084,Sam Smith,Too Good At Goodbyes,1,sam smith,0,-0.08377254250051575
CH0086,Cardi B,Bodak Yellow (Money Moves),1,cardi b,0,-0.3432648442805237
CH0088,Cardi B,Be Careful,1,cardi b,1,0.05485655547183771
CH0089,Ariana Grande,God Is A Woman,1,ariana grande,0,-0.24529862480005646
CH0102,Shawn Mendes,There's Nothing Holdin' Me Back,1,shawn mendes,0,-0.4251837268484598
CH0108,Shawn Mendes,Mercy,1,shawn mendes,0,-0.02394982956167807
CH0115,Harry Styles,Sign Of The Times,1,harry styles,1,0.3906012123364655
CH0117,Miley Cyrus,Malibu,1,miley cyrus,0,-0.32185242606856396
CH0118,Shawn Mendes,Treat You Better,1,shawn mendes,1,0.6918320562398235
CH0125,Shawn Mendes,Stitches,1,shawn mendes,1,0.24808958516349394
CH0131,Ariana Grande,Dangerous Woman,1,ariana grande,0,-0.6957578456519617
CH0134,Ariana Grande,Into You,1,ariana grande,1,1.0146232509686328
CH0147,Fetty Wap,Trap Queen,1,fetty wap,0,-0.4875662265761776
CH0153,Sam Smith,I'm Not The Only One,1,sam smith,0,-0.5763429445404695
CH0159,Sam Smith,Stay With Me,1,sam smith,0,-0.7421420705599377
CH0162,Ariana Grande,One Last Time,1,ariana grande,0,-0.39558584732644747
CH0172,Miley Cyrus,Wrecking Ball,1,miley cyrus,1,0.21545205389182526
CH0184,Miley Cyrus,We Can't Stop,1,miley cyrus,0,-0.40298320221169864
CH0188,Lady Gaga,Applause,1,lady gaga,1,0.4324175502401038
CH0194,Eminem,Berzerk,1,eminem,1,0.6756616918963307
CH0204,LMFAO,Sexy And I Know It,1,lmfao,1,1.4537136349586977
CH0217,Carrie Underwood,Blown Away,1,carrie underwood,0,-2.189415868902331
CH0230,Lady Gaga,Born This Way,1,lady gaga,1,1.4137545748948142
CH0235,Lady Gaga,The Edge Of Glory,1,lady gaga,1,0.9539523673036763
CH0241,Kanye West,All Of The Lights,1,kanye west,1,0.5689498454984463
CH0245,Lady Gaga,You And I,1,lady gaga,0,-1.4192220740505397
CH0253,Lady Gaga,Bad Romance,1,lady gaga,1,0.6018423773979444
CH0255,Eminem,Not Afraid,1,eminem,1,0.28528667849841965
CH0258,Lady Gaga,Alejandro,1,lady gaga,0,-0.3660038656010365
CH0264,Lady Gaga,Paparazzi,1,lady gaga,0,-1.4905298848895923
CH0266,Miley Cyrus,Party In The U.S.A.,1,miley cyrus,1,0.1605706895975597
CH0268,Alicia Keys,Un-Thinkable (I'm Ready),1,alicia keys,0,-0.3170415983273462
CH0272,Carrie Underwood,Undo It,1,carrie underwood,1,0.6035588061977779
CH0274,Alicia Keys,Try Sleeping With A Broken Heart,1,alicia keys,1,0.03491855735285321
CH0275,Lady Gaga,Poker Face,1,lady gaga,1,0.32857532130802164
CH0278,The Fray,You Found Me,1,the fray,0,-0.5656478948822736
CH0279,Miley Cyrus,The Climb,1,miley cyrus,0,-0.860124061481774
CH0284,Lady Gaga,LoveGame,1,lady gaga,1,0.37799987300294774
CH0289,Kanye West,Love Lockdown,1,kanye west,0,-0.47741811439966614
CH0304,The Fray,Never Say Never,1,the fray,0,-0.22999781297712346
CH0306,Alicia Keys,No One,1,alicia keys,1,0.045306339910767324
CH0314,Miley Cyrus,See You Again,1,miley cyrus,1,0.2146947456116724
CH0317,Alicia Keys,Like You'll Never See Me Again,1,alicia keys,1,0.5305383359399269
CH0323,Miley Cyrus,7 Things,1,miley cyrus,1,0.22804046974740955
CH0326,Carrie Underwood,Before He Cheats,1,carrie underwood,1,0.16470047958452252
CH0333,The Fray,How To Save A Life,1,the fray,0,-0.4302696490771832
CH0335,Kanye West,Stronger,1,kanye west,0,-1.2844863563330873
CH0349,The Fray,Over My Head (Cable Car),1,the fray,1,0.6884516161045591
CH0361,Carrie Underwood,"Jesus, Take The Wheel",1,carrie underwood,0,-0.2729445595593565
CH0364,Eminem,When I'm Gone,1,eminem,1,0.8244704573869295
CH0377,Lil Nas X,Thats What I Want,0,lil nas x,0,-0.5097881888445247
CH0384,Morgan Wallen,Sand In My Boots,0,morgan wallen,0,-1.4253973070377293
CH0399,Billie Eilish,NDA,0,billie eilish,0,-0.9891387095083506
CH0404,Morgan Wallen,Wasted On You,0,morgan wallen,0,-0.6947010553866046
CH0406,Ariana Grande,Santa Tell Me,0,ariana grande,0,-0.37574625801115136
CH0407,Lil Nas X,Holiday,0,lil nas x,0,-0.3879290523680423
CH0409,Eminem,Gnat,0,eminem,0,-0.4632683882681178
CH0411,Carrie Underwood,Favorite Time Of Year,0,carrie underwood,1,0.13390596796443777
CH0413,Morgan Wallen,7 Summers,0,morgan wallen,0,-1.226852891153135
CH0415,Harry Styles,Golden,0,harry styles,0,-0.8138008460787383
CH0419,Morgan Wallen,Somebody's Problem,0,morgan wallen,0,-0.5905630513127789
CH0420,Morgan Wallen,Still Goin Down,0,morgan wallen,0,-0.6222161893006164
CH0421,Shawn Mendes,Wonder,0,shawn mendes,1,0.29379418757092707
CH0425,Miley Cyrus,Midnight Sky,0,miley cyrus,0,-0.649048909078862
CH0426,Morgan Wallen,Livin' The Dream,0,morgan wallen,0,-0.19554369774322283
CH0427,Morgan Wallen,Cover Me Up,0,morgan wallen,0,-0.6122060397096598
CH0431,Pop Smoke,Got It On Me,0,pop smoke,1,0.09423984623257259
CH0435,Pop Smoke,Something Special,0,pop smoke,0,-0.9035125391975687
CH0446,Lady Gaga,Stupid Love,0,lady gaga,1,0.8454693477192976
CH0453,Sam Smith,To Die For,0,sam smith,0,-1.0476075981242028
CH0460,Billie Eilish,All The Good Girls Go To Hell,0,billie eilish,1,0.06833894678109648
CH0461,Kanye West,Follow God,0,kanye west,0,-0.6296157453998772
CH0467,Carrie Underwood,Southbound,0,carrie underwood,0,-0.21941830855554373
CH0471,Billie Eilish,Wish You Were Gay,0,billie eilish,0,-0.7025948557738171
CH0475,Carrie Underwood,Love Wins,0,carrie underwood,0,-0.5945455059471763
CH0480,Ariana Grande,Imagine,0,ariana grande,1,0.3799120139108158
CH0483,Billie Eilish,Ocean Eyes,0,billie eilish,0,-1.6033169015419042
CH0486,Carrie Underwood,Cry Pretty,0,carrie underwood,1,0.3310595157232703
CH0488,Kanye West,All Mine,0,kanye west,1,0.41793666187003625
CH0489,Billie Eilish,You Should See Me In A Crown,0,billie eilish,1,1.9788595592346736
CH0499,Eminem,Believe,0,eminem,1,0.0723454425069241
CH0511,Lady Gaga,The Cure,0,lady gaga,0,-0.1394082203270286
CH0515,Lady Gaga,Million Reasons,0,lady gaga,0,-0.5047814927869259
CH0521,Carrie Underwood,Dirty Laundry,0,carrie underwood,1,1.1682644028487017
CH0523,Kanye West,Fade,0,kanye west,1,1.3128659281013317
CH0526,Carrie Underwood,Church Bells,0,carrie underwood,1,0.38306722763385886
CH0527,Fetty Wap,Wake Up,0,fetty wap,0,-0.9431217466272552
CH0528,Kanye West,Famous,0,kanye west,0,-0.6765100378148361
CH0532,Carrie Underwood,Heartbeat,0,carrie underwood,1,0.7393956642977375
CH0537,Fetty Wap,Jimmy Choo,0,fetty wap,0,-1.464997230237395
CH0539,Ariana Grande,Focus,0,ariana grande,1,0.636938817326359
CH0540,Fetty Wap,Again,0,fetty wap,0,-0.058209898612699706
CH0545,Carrie Underwood,Smoke Break,0,carrie underwood,0,-0.12035759946606978
CH0556,Fetty Wap,RGF Island,0,fetty wap,1,1.4460924317192294
CH0563,Carrie Underwood,Little Toy Guns,0,carrie underwood,0,-0.0012864111665757405
CH0574,Carrie Underwood,Something In The Water,0,carrie underwood,0,-0.7179482694220705
CH0594,Kanye West,Bound 2,0,kanye west,0,-0.33471180454354416
CH0599,Eminem,Survival,0,eminem,1,0.4295301432609237
CH0606,Ariana Grande,Last Christmas,0,ariana grande,0,-0.6068799994578531
CH0611,Carrie Underwood,Two Black Cadillacs,0,carrie underwood,0,-0.3892112829122003
CH0632,LMFAO,Sorry For Party Rocking,0,lmfao,1,0.24596600659857254
CH0634,Lady Gaga,Marry The Night,0,lady gaga,1,1.6255784397867865
CH0656,Carrie Underwood,Mama's Song,0,carrie underwood,0,-0.2759828987738702
CH0665,Miley Cyrus,Can't Be Tamed,0,miley cyrus,1,1.0366872597070178
CH0667,Carrie Underwood,Temporary Home,0,carrie underwood,0,-0.4944357342304035
CH0668,Miley Cyrus,When I Look At You,0,miley cyrus,1,0.5330514199845129
CH0673,Carrie Underwood,Cowboy Casanova,0,carrie underwood,0,-0.6417866542217827
CH0675,Alicia Keys,Empire State Of Mind (Part II) Broken Down,0,alicia keys,1,0.3300130522027281
CH0679,Eminem,Elevator,0,eminem,0,-0.5145168880554811
CH0684,Alicia Keys,Doesn't Mean Anything,0,alicia keys,0,-0.8097188940126632
CH0689,LMFAO,I'm In Miami Trick,0,lmfao,1,0.8778969655682611
CH0691,Eminem,Beautiful,0,eminem,1,0.29723454480313416
CH0695,Carrie Underwood,Home Sweet Home,0,carrie underwood,0,-0.07625979560749879
CH0696,Miley Cyrus,Hoedown Throwdown,0,miley cyrus,1,0.36102659564528977
CH0701,Carrie Underwood,Just A Dream,0,carrie underwood,0,-0.7010137335267748
CH0709,Alicia Keys,Teenage Love Affair,0,alicia keys,1,0.03378269106713888
CH0710,Carrie Underwood,Last Name,0,carrie underwood,1,0.12736014412534086
CH0714,Carrie Underwood,All-American Girl,0,carrie underwood,1,0.23201868379073454
CH0723,Carrie Underwood,So Small,0,carrie underwood,0,-0.06341675598713356
CH0725,Mary J. Blige,Work That,0,mary j. blige,0,-0.7888084347575772
CH0727,Carrie Underwood,Do You Hear What I Hear,0,carrie underwood,0,-1.6055939976106681
CH0734,Kanye West,Can't Tell Me Nothing,0,kanye west,1,0.36088938277586324
CH0735,Carrie Underwood,Wasted,0,carrie underwood,1,0.5446296649390556
CH0736,The Fray,Look After You,0,the fray,1,0.3970022916651523
CH0741,The Fray,Happy Xmas (War Is Over),0,the fray,0,-0.9359024363001514
CH0742,Mary J. Blige,Take Me As I Am,0,mary j. blige,1,0.10699092570262331
CH0746,Carrie Underwood,Don't Forget To Remember Me,0,carrie underwood,0,-0.3126841124834631
CH0750,Alicia Keys,Unbreakable,0,alicia keys,1,0.16019859460719255
