fold,stage,fit_rows,fit_groups,status,train_balanced_accuracy,validation_balanced_accuracy,error
0,learning_0.25,105,9,complete,0.8099128540305011,0.4867279487709151,
0,learning_0.5,208,17,complete,0.67139282735613,0.5318116091716587,
0,learning_1.0,400,33,complete,0.6621148459383754,0.5290229291468704,
1,learning_0.25,125,9,complete,0.7602459016393442,0.4969902912621359,
1,learning_0.5,243,17,complete,0.7102241847826087,0.5353883495145632,
1,learning_1.0,394,34,complete,0.6254385964912281,0.5645145631067962,
2,learning_0.25,129,10,complete,0.8757823784304285,0.5011860561056106,
2,learning_0.5,208,19,complete,0.7219851576994434,0.4743193069306931,
2,learning_1.0,400,37,complete,0.6663747372635371,0.4928320957095709,
