stage,candidate_id,family,representation,eligible,mean_balanced_accuracy,fold_std,mean_train_balanced_accuracy,mean_dimensions,failed_folds,warning_count
outer0,control_dummy,dummy,"{""kind"": ""none""}",True,0.5,0.0,0.5,516.6666666666666,0,0
outer0,control_logistic,logistic,"{""kind"": ""pca"", ""value"": 0.95}",True,0.5185879758055219,0.004229086703431197,0.7754456398572476,131.0,0,0
outer0,control_lda,lda,"{""kind"": ""pca"", ""value"": 0.95}",True,0.5336630409630524,0.030454556445915146,0.7002027575559878,131.0,0,0
outer0,control_linear_svm,linear_svm,"{""kind"": ""pca"", ""value"": 0.95}",True,0.5109763205402698,0.037541786183266035,0.8469975312943672,131.0,0,0
outer0,control_rbf_svm,rbf_svm,"{""kind"": ""pca"", ""value"": 0.95}",True,0.5206938512397475,0.010795840671171973,0.7981718562031345,131.0,0,0
outer0,control_poly_svm,poly_svm,"{""kind"": ""pca"", ""value"": 0.95}",True,0.5024629142778019,0.02039589329618506,0.9232781362666532,131.0,0,0
outer0,control_random_forest,random_forest,"{""kind"": ""none""}",True,0.5382853205321153,0.01616744379179565,1.0,516.6666666666666,0,0
outer0,control_gradient_boosting,gradient_boosting,"{""kind"": ""none""}",True,0.5139328404489029,0.022412778441020142,0.7943663628429246,516.6666666666666,0,0
outer0,control_mlp,mlp,"{""kind"": ""pca"", ""value"": 0.95}",True,0.5247997408995768,0.009588741157814896,1.0,131.0,0,0
outer0,lr_none_None,logistic,"{""kind"": ""none""}",True,0.5464077979799207,0.01873100133933047,0.9758013064183815,516.6666666666666,0,0
outer0,lr_pca_30,logistic,"{""kind"": ""pca"", ""value"": 30}",True,0.5785085422765993,0.016039402373301256,0.6305388748884502,30.0,0,0
outer0,lr_pca_50,logistic,"{""kind"": ""pca"", ""value"": 50}",True,0.5709260995960107,0.01638800466506178,0.6755624402025505,50.0,0,0
outer0,lr_pca_100,logistic,"{""kind"": ""pca"", ""value"": 100}",True,0.5107133998381297,0.024535664374319206,0.7546160164766625,100.0,0,0
outer0,lr_pca_0p9,logistic,"{""kind"": ""pca"", ""value"": 0.9}",True,0.5141761191041346,0.031122682563701272,0.7497190912687147,93.33333333333333,0,0
outer0,lr_pca_0p95,logistic,"{""kind"": ""pca"", ""value"": 0.95}",True,0.5121157874261497,0.006326698094284888,0.8053626092983778,131.0,0,0
outer0,lr_anova_30,logistic,"{""kind"": ""anova"", ""value"": 30}",True,0.5517863459560864,0.024895227387545887,0.6559037448305782,30.0,0,0
outer0,lr_anova_100,logistic,"{""kind"": ""anova"", ""value"": 100}",True,0.5214398026121105,0.021427228751406475,0.7414005405051601,100.0,0,0
outer0,lr_mi_50,logistic,"{""kind"": ""mi"", ""value"": 50}",True,0.517148489053398,0.007987867621874962,0.6668911434997463,50.0,0,0
outer0,lr_mfcc_spectral_None,logistic,"{""kind"": ""mfcc_spectral""}",True,0.5182286305094677,0.026189654151227298,0.8238596505944882,224.0,0,0
outer0,lr_none_c0p01,logistic,"{""kind"": ""none""}",True,0.5247007891281626,0.015260346408428119,0.8526141145489663,516.6666666666666,0,0
outer0,lr_none_c1p0,logistic,"{""kind"": ""none""}",True,0.5425576765394936,0.027799859375416548,1.0,516.6666666666666,0,0
outer0,linear_anova_c0p01,linear_svm,"{""kind"": ""anova"", ""value"": 100}",True,0.5360051020911261,0.021740303065988727,0.7112226761614325,100.0,0,0
outer0,linear_anova_c0p1,linear_svm,"{""kind"": ""anova"", ""value"": 100}",True,0.5388704080043999,0.02661591725640183,0.7595793611161733,100.0,0,0
outer0,rbf_none_c1,rbf_svm,"{""kind"": ""none""}",True,0.5291888802840851,0.014737795703130297,0.9384909039414476,516.6666666666666,0,0
outer0,rbf_anova_c1,rbf_svm,"{""kind"": ""anova"", ""value"": 50}",True,0.5245285715297577,0.010168151200224195,0.8512527485875312,50.0,0,0
outer0,rbf_none_c10,rbf_svm,"{""kind"": ""none""}",True,0.5331586718873242,0.024687421150956994,1.0,516.6666666666666,0,0
outer0,rbf_anova_c10,rbf_svm,"{""kind"": ""anova"", ""value"": 50}",True,0.510146305175229,0.04762512995910404,0.998995983935743,50.0,0,0
outer0,poly_anova,poly_svm,"{""kind"": ""anova"", ""value"": 100}",True,0.5186062959823543,0.009369414485500294,0.8397748478408221,100.0,0,0
outer0,forest_leaf2,random_forest,"{""kind"": ""none""}",True,0.5374954895213747,0.009882074694098086,1.0,516.6666666666666,0,0
outer0,forest_leaf8,random_forest,"{""kind"": ""none""}",True,0.5283447013167849,0.03082256016106089,0.9979014887551473,516.6666666666666,0,0
outer0,boost_anova,gradient_boosting,"{""kind"": ""anova"", ""value"": 50}",True,0.5229888508170467,0.028260289319393485,0.7366077026236187,50.0,0,0
outer0,mlp_pca30,mlp,"{""kind"": ""pca"", ""value"": 30}",True,0.5300696971249937,0.012880491851624456,0.9936661375678248,30.0,0,0
outer0,extra_leaf2,extra_trees,"{""kind"": ""none""}",True,0.5217682712056382,0.03987776060501639,1.0,516.6666666666666,0,0
outer0,extra_leaf5,extra_trees,"{""kind"": ""none""}",True,0.5273385895450861,0.011345647662125213,1.0,516.6666666666666,0,0
outer0,extra_leaf10,extra_trees,"{""kind"": ""none""}",True,0.5047575418466369,0.004326299721497256,0.9770152725017768,516.6666666666666,0,0
outer0,v3_lr_quantile_0.01,logistic,"{""columns"": ""all"", ""kind"": ""none"", ""scaling"": ""quantile""}",True,0.5205881685951883,0.00968864367683298,0.8800524550831255,516.6666666666666,0,0
outer0,v3_lr_quantile_0.1,logistic,"{""columns"": ""all"", ""kind"": ""none"", ""scaling"": ""quantile""}",True,0.5331826912338279,0.019493548708322893,0.9808749907519826,516.6666666666666,0,0
outer0,v3_lr_quantile_mi10,logistic,"{""columns"": ""all"", ""kind"": ""mi"", ""scaling"": ""quantile"", ""value"": 10}",True,0.5196068524276548,0.053956066330678766,0.5919697666014127,10.0,0,0
outer0,v3_lr_quantile_mi50,logistic,"{""columns"": ""all"", ""kind"": ""mi"", ""scaling"": ""quantile"", ""value"": 50}",True,0.5409933387866798,0.04233522777224375,0.6889818272515971,50.0,0,0
outer0,v3_lr_core_standard_0.01,logistic,"{""columns"": ""core_statistics"", ""kind"": ""none"", ""scaling"": ""standard""}",True,0.5519006195161117,0.007681668938744669,0.7093483407758766,222.0,0,0
outer0,v3_lr_core_quantile_0.01,logistic,"{""columns"": ""core_statistics"", ""kind"": ""none"", ""scaling"": ""quantile""}",True,0.5599893607563291,0.02110246178062883,0.736871351580087,222.0,0,0
outer0,v3_lr_core_standard_0.1,logistic,"{""columns"": ""core_statistics"", ""kind"": ""none"", ""scaling"": ""standard""}",True,0.5088067994179367,0.021518523820325534,0.7990445323660961,222.0,0,0
outer0,v3_lr_core_quantile_0.1,logistic,"{""columns"": ""core_statistics"", ""kind"": ""none"", ""scaling"": ""quantile""}",True,0.5199288530340187,0.03071511337251962,0.8176992116738111,222.0,0,0
outer0,v3_lda_standard_all,lda,"{""columns"": ""all"", ""kind"": ""none"", ""scaling"": ""standard""}",True,0.5418884184321048,0.03618778894811558,0.9518840824470033,516.6666666666666,0,0
outer0,v3_lda_standard_core_statistics,lda,"{""columns"": ""core_statistics"", ""kind"": ""none"", ""scaling"": ""standard""}",True,0.5195201347745992,0.013965671931883916,0.7919775998133086,222.0,0,0
outer0,v3_lda_quantile_all,lda,"{""columns"": ""all"", ""kind"": ""none"", ""scaling"": ""quantile""}",True,0.5353696099520022,0.020460602766591503,0.9549099523608789,516.6666666666666,0,0
outer0,v3_lda_quantile_core_statistics,lda,"{""columns"": ""core_statistics"", ""kind"": ""none"", ""scaling"": ""quantile""}",True,0.5345908399929297,0.04046998326098984,0.8105309671440497,222.0,0,0
outer0,v3_hgb_leaves3_l210,hist_gradient_boosting,"{""columns"": ""all"", ""kind"": ""none"", ""scaling"": ""standard""}",True,0.5702361702182959,0.027111014851217974,0.8836458550935712,516.6666666666666,0,0
outer0,v3_hgb_leaves3_l250,hist_gradient_boosting,"{""columns"": ""all"", ""kind"": ""none"", ""scaling"": ""standard""}",True,0.5565675599413271,0.030192004369159246,0.7966899518163869,516.6666666666666,0,0
outer0,v3_hgb_leaves7_l210,hist_gradient_boosting,"{""columns"": ""all"", ""kind"": ""none"", ""scaling"": ""standard""}",True,0.5429826962098131,0.030644964162875477,0.990622476104329,516.6666666666666,0,0
outer0,v3_hgb_leaves7_l250,hist_gradient_boosting,"{""columns"": ""all"", ""kind"": ""none"", ""scaling"": ""standard""}",True,0.5515152559480732,0.0292927582010587,0.9335113696829896,516.6666666666666,0,0
outer0,v3_knn15_quantile_pca15,knn,"{""columns"": ""all"", ""kind"": ""pca"", ""scaling"": ""quantile"", ""value"": 15}",True,0.5325496320300598,0.023982319199841624,1.0,15.0,0,0
outer0,v3_knn31_quantile_pca15,knn,"{""columns"": ""all"", ""kind"": ""pca"", ""scaling"": ""quantile"", ""value"": 15}",True,0.5236037808083274,0.0100123741169608,1.0,15.0,0,0
outer0,v3_lr_mi10_0.01,logistic,"{""columns"": ""all"", ""kind"": ""mi"", ""scaling"": ""standard"", ""value"": 10}",True,0.5054250961552598,0.009178409761716494,0.5956229679723347,10.0,0,0
outer0,v3_lr_mi10_0.1,logistic,"{""columns"": ""all"", ""kind"": ""mi"", ""scaling"": ""standard"", ""value"": 10}",True,0.49944660764886306,0.0033679841649274,0.596842428179888,10.0,0,0
