feature,max_absolute_distance_from_median_in_IQR
chroma_cqt_max_1,209.85205500323028
chroma_cqt_kurtosis_11,43.00484093968468
chroma_cqt_kurtosis_7,35.684341986538996
mfcc_kurtosis_0,30.607483715191798
chroma_cens_kurtosis_8,27.358559855082365
chroma_cqt_max_11,25.61203042529803
mfcc_kurtosis_1,25.30196643165905
chroma_cqt_kurtosis_9,24.646966264378978
chroma_cens_kurtosis_11,24.15797807580652
rms_kurtosis_0,22.994615422878148
tonnetz_kurtosis_1,21.5727011651259
chroma_cens_kurtosis_1,19.833973293325553
chroma_cqt_kurtosis_8,19.698645179196294
tonnetz_kurtosis_2,17.874434764494023
chroma_cens_kurtosis_7,17.505686287713942
tonnetz_kurtosis_4,16.87562354218689
mfcc_kurtosis_4,16.444067538723974
chroma_stft_kurtosis_7,16.27384948064395
mfcc_kurtosis_5,16.103814567972716
chroma_cqt_max_10,15.63890447869647
chroma_cqt_max_3,15.352314438178272
mfcc_kurtosis_11,15.310627138841298
chroma_stft_kurtosis_10,14.865559649897149
spectral_rolloff_kurtosis_0,14.667227916301263
mfcc_kurtosis_17,14.041779616592507
mfcc_kurtosis_7,13.94790667115964
mfcc_kurtosis_19,13.934576649551422
chroma_cens_kurtosis_0,13.85380781574018
chroma_cqt_kurtosis_0,13.664539133453927
chroma_stft_min_9,13.532814432961906
chroma_stft_min_8,13.523423638888081
mfcc_kurtosis_16,13.376027912700037
chroma_stft_min_10,13.372395261521255
chroma_stft_min_7,12.672397812259634
chroma_cqt_kurtosis_1,12.64208002863849
chroma_stft_min_4,12.622766247422373
chroma_cqt_kurtosis_3,12.542543097955434
chroma_stft_kurtosis_9,12.52497794462901
chroma_cens_kurtosis_5,11.952916866786067
chroma_cens_kurtosis_10,11.92844513944835
chroma_cqt_kurtosis_2,11.782703118709579
spectral_contrast_kurtosis_1,11.740072763350135
tonnetz_kurtosis_5,11.345841262515668
chroma_stft_min_5,11.054459061826545
mfcc_kurtosis_15,11.020240110261994
chroma_cens_kurtosis_9,10.99157810492067
spectral_contrast_min_5,10.958025721521873
mfcc_kurtosis_3,10.71633687737189
chroma_cens_kurtosis_2,10.469254367901911
spectral_rolloff_max_0,10.435483870967742
chroma_stft_min_2,10.393203069372985
chroma_cens_kurtosis_3,10.140282248768063
spectral_contrast_kurtosis_0,9.985733029516771
tonnetz_kurtosis_3,9.86791391400538
spectral_contrast_kurtosis_4,9.82737891920946
chroma_stft_min_11,9.655940567418781
chroma_stft_kurtosis_11,9.51319202900686
chroma_cens_kurtosis_4,9.507470530333824
spectral_contrast_kurtosis_2,9.488584053134039
mfcc_kurtosis_8,9.48446906479442
mfcc_kurtosis_12,9.46317710836352
tonnetz_kurtosis_0,9.315449817566236
chroma_cqt_min_5,9.113385707188057
mfcc_kurtosis_13,9.061972282195972
chroma_stft_min_6,8.833411722119397
chroma_cqt_kew_11,8.8192653941498
mfcc_kurtosis_18,8.798126932638814
chroma_cqt_kurtosis_6,8.770935810333093
chroma_cqt_kurtosis_5,8.767837085275842
mfcc_kurtosis_6,8.695001974875519
chroma_stft_min_3,8.448202393826348
chroma_cens_kurtosis_6,8.363438308204232
chroma_cqt_kew_9,8.34631496077123
chroma_stft_kurtosis_5,8.31209824470559
chroma_stft_kurtosis_0,8.10084503446737
mfcc_kurtosis_9,7.9921245425225065
chroma_cqt_min_1,7.790383554584635
chroma_cqt_kurtosis_4,7.7797721250786624
chroma_stft_min_0,7.698657251694017
chroma_stft_min_1,7.451104879543182
chroma_cqt_min_4,7.293183193230608
chroma_cqt_min_0,7.222116526854254
mfcc_kurtosis_2,7.132183718591128
chroma_cqt_kurtosis_10,7.11454341789807
spectral_contrast_kurtosis_5,7.067712669184289
chroma_stft_kurtosis_1,6.9784268710034425
chroma_stft_kurtosis_8,6.944618814935779
chroma_cens_kew_8,6.865521403864695
chroma_cqt_kew_1,6.833171673843038
spectral_contrast_kurtosis_6,6.80359347441888
spectral_contrast_max_1,6.757668364121567
chroma_cqt_kew_2,6.4974686312193555
chroma_stft_kurtosis_6,6.485043616899728
chroma_stft_kurtosis_3,6.464665124264191
chroma_cqt_kew_7,6.395278283417456
mfcc_kew_1,6.379806548687288
spectral_contrast_mean_6,6.190726501546642
spectral_contrast_kurtosis_3,6.133438964105317
mfcc_kurtosis_14,6.1257586099413075
zero_crossing_rate_kurtosis_0,6.094628884811995
mfcc_median_5,6.058323493058279
spectral_contrast_median_6,6.00330850359213
chroma_cqt_min_6,5.949469598405322
chroma_cqt_kew_8,5.939900927031047
chroma_cens_median_2,5.934923613644305
mfcc_mean_5,5.918298618710924
spectral_bandwidth_max_0,5.792360835772917
chroma_cqt_min_9,5.781509870629059
mfcc_kew_4,5.773265641148814
spectral_contrast_min_4,5.744493450667146
chroma_cqt_min_7,5.738107657534135
tonnetz_mean_4,5.717684931680805
mfcc_kew_0,5.714549501558762
mfcc_median_4,5.7121320572898275
tonnetz_median_5,5.687723396943261
chroma_cqt_kew_4,5.656038777272887
mfcc_mean_4,5.647841208937711
chroma_cqt_kew_3,5.583134094471103
mfcc_kew_3,5.553364860571603
spectral_contrast_median_2,5.540743438222547
spectral_bandwidth_mean_0,5.512206884030179
spectral_bandwidth_kurtosis_0,5.504531393362855
spectral_bandwidth_median_0,5.502263981182837
rms_kew_0,5.500155515907284
spectral_contrast_max_3,5.48101899829992
mfcc_kew_17,5.480839985204435
spectral_contrast_std_0,5.475860609743811
mfcc_kew_12,5.474907689965443
mfcc_kew_2,5.438802699053307
tonnetz_kew_2,5.424638703547925
mfcc_median_3,5.39429999868961
spectral_contrast_mean_2,5.3568034077254465
chroma_cqt_kew_0,5.319141993595619
mfcc_mean_3,5.318142697741208
chroma_cqt_min_3,5.291508501092824
mfcc_kew_7,5.221168423840907
mfcc_kew_13,5.206558513967143
tonnetz_median_4,5.204931504230936
chroma_cens_median_4,5.179511416007165
tonnetz_mean_5,5.174681175120949
chroma_cens_kew_11,5.140637533406953
chroma_cqt_kew_6,5.117217427605385
mfcc_kew_15,5.114663882830046
chroma_cens_kew_0,5.09197491815723
chroma_stft_kurtosis_2,5.048232235292946
mfcc_kew_11,5.0111514240682755
chroma_cens_median_11,4.979314004629063
spectral_contrast_median_4,4.967544141723823
mfcc_kurtosis_10,4.964375545242001
chroma_cens_median_8,4.952348848689197
chroma_stft_kew_10,4.928101522634622
chroma_cqt_min_10,4.916144448101268
chroma_cens_kew_1,4.893597850736412
chroma_cens_min_11,4.855090236348997
chroma_cens_median_5,4.850894160617595
spectral_contrast_max_5,4.805234478753348
chroma_cqt_min_8,4.804840742838005
mfcc_kew_19,4.785130683910225
chroma_cens_median_6,4.772875157915122
spectral_contrast_std_6,4.719664006789405
mfcc_median_2,4.679763430748853
chroma_cens_std_8,4.668181128658059
chroma_cqt_min_2,4.650126071150531
mfcc_kew_16,4.607343101568508
mfcc_mean_2,4.53753342907673
mfcc_median_7,4.528552850637681
chroma_cens_mean_2,4.5154271506474855
chroma_cens_std_3,4.495981301037777
chroma_cens_min_0,4.48962909373174
mfcc_min_2,4.471325339394338
spectral_contrast_mean_4,4.4543873456314556
mfcc_kew_5,4.435567528387765
chroma_cens_kew_7,4.42859067589611
tonnetz_median_2,4.423321309687413
chroma_stft_kurtosis_4,4.416454167748147
tonnetz_std_5,4.400340606675149
chroma_cens_mean_11,4.392743757931819
mfcc_std_19,4.39113046235932
mfcc_max_4,4.370158757926964
chroma_cens_median_7,4.359005482213987
mfcc_median_10,4.356653912146748
chroma_stft_kew_7,4.340495389734019
tonnetz_median_3,4.333024842516865
mfcc_mean_7,4.311201886412148
chroma_cens_median_1,4.30716730909883
tonnetz_kew_1,4.285856686285978
mfcc_mean_10,4.274439637402013
chroma_cens_median_10,4.274276363312623
chroma_cens_min_10,4.262465490057692
spectral_bandwidth_std_0,4.249026669462101
tonnetz_kew_5,4.2398352531237125
chroma_cens_std_10,4.233660982610857
tonnetz_kew_4,4.207079909973008
spectral_contrast_kew_4,4.195446267625119
tonnetz_std_0,4.18086373818705
chroma_cens_std_6,4.180824192014842
spectral_contrast_min_6,4.158216516595068
chroma_cens_median_3,4.153344253152974
mfcc_kew_6,4.136628495450635
spectral_contrast_min_2,4.100432363392797
spectral_contrast_max_0,4.090542110998237
spectral_rolloff_kew_0,4.0866368369239625
chroma_cqt_min_11,4.078488604775678
spectral_contrast_median_5,4.065861216476733
chroma_cens_min_5,4.046897014476653
mfcc_max_16,4.036542763398958
spectral_contrast_min_3,4.012763570252124
mfcc_median_8,4.012409665236755
chroma_cens_kew_4,3.9851600218230305
mfcc_kew_18,3.9681685993981217
spectral_contrast_mean_5,3.951512236830855
spectral_contrast_mean_1,3.9433373699834973
mfcc_max_19,3.9401305481688005
tonnetz_std_1,3.9193984567093683
mfcc_max_13,3.9034973018881796
chroma_cens_std_5,3.902096854145161
mfcc_kew_9,3.8957894292657875
spectral_contrast_mean_0,3.87534079157005
chroma_cens_min_1,3.866815488896901
mfcc_min_17,3.8424084570912793
chroma_cens_std_1,3.833079952391464
chroma_cqt_kew_5,3.828337673008203
mfcc_max_12,3.8101682933453414
mfcc_max_8,3.787330920060233
mfcc_median_15,3.780456302380576
tonnetz_std_3,3.769783025140749
chroma_cens_kew_10,3.7690364151723292
mfcc_max_10,3.7682392309038697
chroma_cens_median_0,3.726189115730334
spectral_contrast_median_1,3.7257501671405615
chroma_stft_median_1,3.7246880086438914
mfcc_std_13,3.723410085284248
chroma_cens_mean_4,3.718577061850362
spectral_contrast_std_5,3.716867689212817
spectral_contrast_median_0,3.7162707069356498
mfcc_std_16,3.7126799055466617
mfcc_std_17,3.687508398214106
mfcc_mean_15,3.6840204306895
mfcc_min_19,3.6819710865509974
tonnetz_mean_2,3.6817451558846166
chroma_cens_kew_9,3.6735922193567316
rms_min_0,3.6727321568479714
tonnetz_mean_3,3.658409312915334
mfcc_median_9,3.6478991552692386
chroma_cens_kew_2,3.647649232135716
chroma_stft_median_6,3.645394059741128
zero_crossing_rate_max_0,3.6322664924885713
mfcc_max_11,3.6290434508200384
mfcc_std_14,3.624419531212129
chroma_stft_kew_9,3.623750295118826
chroma_stft_median_3,3.622582057515772
chroma_cens_std_7,3.610208934880929
mfcc_mean_9,3.6084732994012687
tonnetz_kew_3,3.605511937233636
mfcc_mean_11,3.5865071487383733
chroma_cens_kew_5,3.5836975319408677
chroma_cens_min_3,3.581344136646075
chroma_stft_median_8,3.577763148439767
spectral_contrast_min_1,3.572674487042381
mfcc_max_18,3.5688097912436105
spectral_contrast_max_2,3.5607510429167437
mfcc_mean_8,3.5598140439787684
spectral_contrast_kew_3,3.5537456486315073
mfcc_max_0,3.550886638034384
mfcc_kew_14,3.5459636533021652
mfcc_std_4,3.538033631440106
chroma_stft_kew_5,3.536213061490261
spectral_contrast_kew_6,3.5206470764606244
mfcc_mean_17,3.5168752766447056
chroma_cens_kew_6,3.515220302027393
chroma_cens_kew_3,3.504865852093571
chroma_cens_std_4,3.502701985521068
mfcc_median_11,3.5009105940588423
spectral_contrast_mean_3,3.4968868364811816
mfcc_max_17,3.493788904677813
mfcc_median_17,3.492798605687018
mfcc_kew_10,3.486337496383459
spectral_rolloff_mean_0,3.4804976225224795
mfcc_max_3,3.4712580557003334
zero_crossing_rate_std_0,3.4573937968887534
spectral_centroid_kurtosis_0,3.4541132504439864
chroma_cens_mean_5,3.442261663548414
chroma_cens_min_4,3.4398133649661036
mfcc_kew_8,3.4346741700759402
tonnetz_std_2,3.4333857803675447
chroma_stft_median_4,3.4298239950791904
spectral_contrast_kew_2,3.4190962783642083
mfcc_max_6,3.4185547791596553
chroma_stft_median_7,3.4087272511478135
spectral_contrast_std_1,3.405293157516649
mfcc_std_2,3.3979941128653115
chroma_stft_kew_0,3.3964742376253443
spectral_contrast_kew_1,3.389083111309005
spectral_contrast_kew_0,3.382268169518177
mfcc_max_14,3.3800461431256266
chroma_stft_median_11,3.3531807639359985
chroma_stft_kew_11,3.3521871693992917
chroma_cens_mean_8,3.342641370466537
chroma_cens_std_2,3.34086315626203
mfcc_median_0,3.333654448770712
mfcc_mean_18,3.333505015295928
spectral_contrast_kew_5,3.3334779422183543
spectral_contrast_std_3,3.3297852520543274
mfcc_min_15,3.318641074122206
mfcc_std_15,3.3177269856772442
chroma_cens_std_11,3.317188194411005
spectral_centroid_mean_0,3.3102561015628904
chroma_cens_mean_10,3.308348620423379
spectral_contrast_median_3,3.303357144941233
mfcc_min_1,3.289107038035007
mfcc_min_12,3.2856485950706507
mfcc_min_16,3.2833063129818685
chroma_cens_median_9,3.2792188467599765
mfcc_median_12,3.2676714036655485
mfcc_mean_1,3.2631440918749286
chroma_stft_kew_6,3.2494255296618957
chroma_cqt_median_11,3.2287181670652885
chroma_stft_median_5,3.22049280639751
mfcc_std_18,3.2164180474771342
mfcc_min_13,3.211528817488096
mfcc_median_1,3.2072494926854644
mfcc_std_8,3.2024771534823886
mfcc_std_6,3.1914386584710415
rms_std_0,3.1900514749434765
chroma_cens_std_0,3.17467488966487
chroma_stft_median_9,3.1712670807417718
mfcc_std_10,3.166763595000734
mfcc_median_18,3.1636742750118048
chroma_cqt_kew_10,3.143749500424477
mfcc_std_7,3.143671177222903
chroma_cens_mean_6,3.1226076960243447
mfcc_min_4,3.1204359185787833
chroma_cqt_median_10,3.115272588307373
mfcc_max_7,3.1132163371383097
mfcc_median_16,3.1006621333226456
chroma_cens_std_9,3.0942007764528787
mfcc_mean_16,3.093383556323118
mfcc_mean_12,3.0873569692454876
spectral_bandwidth_kew_0,3.07895455547067
chroma_stft_kew_1,3.073038261558777
zero_crossing_rate_kew_0,3.0724065587178075
chroma_stft_median_2,3.0697015307781936
spectral_contrast_std_2,3.0669323275968305
spectral_centroid_max_0,3.0625975455530354
chroma_stft_kew_8,3.0363527236509418
chroma_cens_mean_1,3.024816696946247
tonnetz_std_4,3.02254907248424
tonnetz_median_1,3.0198287212782833
spectral_centroid_median_0,3.014101477364042
mfcc_min_14,3.013948024815695
mfcc_mean_0,3.0053891939020505
chroma_cens_min_8,3.000852312021022
spectral_contrast_max_6,3.0006571370356387
mfcc_max_15,2.98521771809799
mfcc_min_18,2.979535701564435
mfcc_max_5,2.9676118825311404
chroma_cens_mean_3,2.964843838614748
mfcc_std_11,2.963430783884218
chroma_stft_median_0,2.9556183245497696
spectral_rolloff_std_0,2.947177868399348
mfcc_mean_19,2.9427166718116076
spectral_centroid_std_0,2.9345586503501027
chroma_cens_min_7,2.9333789175126808
mfcc_max_9,2.932939475191211
mfcc_min_7,2.925315952198072
spectral_rolloff_median_0,2.9177215189873418
chroma_stft_mean_8,2.9106342857027245
mfcc_min_9,2.908226963749598
chroma_cqt_median_0,2.9051159166373823
chroma_stft_mean_6,2.903435667500112
chroma_stft_median_10,2.8870147147836054
chroma_cqt_mean_11,2.883293603905464
chroma_stft_kew_3,2.879413321190982
chroma_cens_min_2,2.866587806514402
chroma_cens_min_9,2.8623321319017077
tonnetz_kew_0,2.8587730823467092
mfcc_median_19,2.8516060684441475
spectral_contrast_std_4,2.8427740032534974
chroma_cqt_median_1,2.8381287021832433
chroma_stft_mean_3,2.8173693734850747
chroma_cqt_median_3,2.803392183020598
mfcc_std_9,2.7866877175786198
tonnetz_median_0,2.7851803451443007
chroma_cqt_median_2,2.7850900710912607
spectral_contrast_max_4,2.7686400314791766
chroma_stft_mean_5,2.7613631722807437
tonnetz_max_4,2.7608424109960708
mfcc_median_6,2.759970559900193
mfcc_median_13,2.736629784654129
mfcc_min_3,2.720246528329795
mfcc_std_0,2.712916065596599
mfcc_mean_13,2.7080944198407866
mfcc_std_12,2.7080132538980064
chroma_stft_mean_4,2.7075647400387415
chroma_cens_min_6,2.7054557621493673
mfcc_min_5,2.7053350261386324
chroma_cqt_mean_1,2.6939204149263474
chroma_cens_mean_0,2.682146638270861
mfcc_min_10,2.677186577109218
chroma_cqt_median_5,2.6679801208756135
chroma_cqt_median_9,2.6627972550426007
mfcc_max_2,2.642964216930787
chroma_stft_kew_4,2.632673575206753
chroma_stft_kew_2,2.628637086340619
chroma_stft_mean_9,2.6172677138477605
chroma_stft_mean_7,2.617265517207647
chroma_cqt_median_8,2.609840855000418
chroma_cqt_mean_2,2.5982977964532417
chroma_cqt_median_4,2.5890735431429452
chroma_cqt_mean_10,2.5766697065046316
mfcc_mean_6,2.5740273213289266
chroma_cqt_mean_3,2.5628028328562515
chroma_cens_mean_9,2.5540608683652475
chroma_cqt_mean_5,2.548409047316857
mfcc_std_3,2.5483569456492403
chroma_cqt_mean_0,2.5423530160161207
mfcc_min_11,2.5150141456857655
chroma_stft_mean_10,2.4770265302038426
chroma_cqt_mean_9,2.4749778882196853
chroma_stft_mean_11,2.473851630111032
mfcc_median_14,2.467635642151976
chroma_stft_mean_1,2.459674379839591
chroma_stft_std_10,2.4533489020790773
mfcc_std_1,2.449875296466316
chroma_stft_std_8,2.4425369278478577
chroma_cqt_std_6,2.4319533802639515
tonnetz_mean_0,2.42765745196896
tonnetz_max_5,2.4090509908202296
chroma_cqt_std_5,2.3995200698882155
mfcc_std_5,2.3889329712580327
chroma_cqt_std_8,2.387500902545902
chroma_cens_max_10,2.3817334025745316
chroma_cqt_median_6,2.379224092073526
spectral_contrast_min_0,2.3725007931892583
mfcc_max_1,2.369284274897127
chroma_stft_std_3,2.357184041140176
chroma_cqt_mean_6,2.34421326110361
chroma_stft_std_9,2.3417790372922456
chroma_stft_mean_2,2.3281650653813823
chroma_stft_std_11,2.3252144416053397
chroma_cqt_median_7,2.322311246649388
chroma_cens_max_8,2.317919047306501
chroma_cens_max_6,2.3167729802271495
mfcc_min_0,2.3122603719532173
tonnetz_mean_1,2.3092718940036794
mfcc_mean_14,2.2999558280898307
chroma_cens_max_3,2.2951937006494187
chroma_cqt_mean_4,2.2916004767994025
rms_median_0,2.2559257251975335
mfcc_min_8,2.237169930067284
chroma_stft_std_6,2.2359390294958175
chroma_cqt_std_10,2.227822508067573
spectral_centroid_kew_0,2.2113057875302324
chroma_cqt_std_3,2.202573290286323
chroma_cqt_std_4,2.1998247360919674
chroma_cqt_std_1,2.1996019198352594
tonnetz_max_1,2.197006868001454
tonnetz_min_0,2.1870362711168596
tonnetz_max_3,2.1585774134126874
chroma_stft_std_1,2.146964000875075
chroma_cqt_mean_8,2.145753919080989
chroma_cens_max_2,2.136853602872161
tonnetz_min_3,2.1056229953858354
chroma_stft_std_2,2.083644027167401
spectral_rolloff_min_0,2.0696517412935322
chroma_stft_std_0,2.0556867284078013
chroma_cqt_mean_7,2.0447667951190027
chroma_cens_max_5,2.0412902261596835
chroma_cqt_std_11,2.0403916323194364
chroma_cens_mean_7,2.031167862280824
chroma_stft_mean_0,2.030982834366111
tonnetz_max_2,2.030065575721152
chroma_cqt_std_7,2.0281564668614593
chroma_stft_std_7,2.012726590692605
spectral_centroid_min_0,2.0055272699278035
tonnetz_min_2,1.9865801962242098
chroma_cqt_std_2,1.9662561228877071
chroma_cens_max_1,1.9657488728521193
tonnetz_min_4,1.9625281665558225
zero_crossing_rate_median_0,1.9597166888003574
mfcc_min_6,1.9306824029250704
zero_crossing_rate_min_0,1.9215384615384563
chroma_cens_max_11,1.911302648295317
chroma_stft_std_5,1.9090310127772718
chroma_cens_max_4,1.9041483394728533
rms_mean_0,1.886480606022297
tonnetz_min_1,1.876794454038775
chroma_cqt_std_9,1.8766042205338491
zero_crossing_rate_mean_0,1.841073588869589
chroma_cens_max_0,1.8085197983418047
chroma_stft_std_4,1.7846058155503184
chroma_cens_max_7,1.7687594865138714
chroma_cens_max_9,1.73263754043567
chroma_cqt_std_0,1.6632450921490443
tonnetz_max_0,1.6584582899809241
tonnetz_min_5,1.6475006007989532
spectral_bandwidth_min_0,1.6054826254004186
rms_max_0,1.4977756617982072
chroma_stft_max_0,
chroma_stft_max_1,
chroma_stft_max_2,
chroma_stft_max_3,
chroma_stft_max_4,
chroma_stft_max_5,
chroma_stft_max_6,
chroma_stft_max_7,
chroma_stft_max_8,
chroma_stft_max_9,
chroma_stft_max_10,
chroma_stft_max_11,
chroma_cqt_max_0,
chroma_cqt_max_2,
chroma_cqt_max_4,
chroma_cqt_max_5,
chroma_cqt_max_6,
chroma_cqt_max_7,
chroma_cqt_max_8,
chroma_cqt_max_9,
