track_id,artist,title,label,prediction,score,correct
CH0004,Lil Nas X,Montero (Call Me By Your Name),1,1,0.19492787640361386,True
CH0007,Ariana Grande,Positions,1,0,-0.13379895625778154,False
CH0010,Pop Smoke,What You Know Bout Love,1,0,-0.02462136793883138,False
CH0011,Billie Eilish,Therefore I Am,1,1,0.4062130977377426,True
CH0012,Cardi B,Up,1,1,0.03752991803436506,True
CH0021,Ariana Grande,pov,1,0,-0.24446464874465285,False
CH0023,Billie Eilish,Happier Than Ever,1,0,-1.679639017974488,False
CH0025,Harry Styles,Adore You,1,0,-0.005240734392121693,False
CH0028,Billie Eilish,Everything I Wanted,1,0,-0.8814877565696643,False
CH0029,Harry Styles,Watermelon Sugar,1,0,-0.9848158933410611,False
CH0033,Morgan Wallen,Chasin' You,1,0,-0.41480251352208886,False
CH0036,Billie Eilish,Bad Guy,1,1,0.46276274905816217,True
CH0038,Lil Nas X,Panini,1,0,-0.10859760328100965,False
CH0044,Pop Smoke,Dior,1,0,-0.5146883680719625,False
CH0047,Morgan Wallen,More Than My Hometown,1,1,0.08795992785624035,True
CH0051,Ariana Grande,7 Rings,1,1,0.46706536099871765,True
CH0054,Ariana Grande,"Thank U, Next",1,0,-0.3508044037643048,False
CH0056,Shawn Mendes,If I Can't Have You,1,0,-0.08583040857582977,False
CH0058,Ariana Grande,"Break Up With Your Girlfriend, I'm Bored",1,0,-0.4114713676237267,False
CH0059,Cardi B,Money,1,0,-0.018699498295791317,False
CH0063,Morgan Wallen,Whiskey Glasses,1,1,0.11505223254480679,True
CH0065,Billie Eilish,When The Party's Over,1,1,0.1823512960242153,True
CH0066,Ariana Grande,Breathin,1,0,-0.38127012792793025,False
CH0067,Billie Eilish,Bury A Friend,1,0,-0.4703169989409989,False
CH0077,Ariana Grande,No Tears Left To Cry,1,1,0.39249289002154986,True
CH0083,Shawn Mendes,In My Blood,1,0,-0.09499674164109442,False
CH0084,Sam Smith,Too Good At Goodbyes,1,0,-0.7841809903892721,False
CH0086,Cardi B,Bodak Yellow (Money Moves),1,1,0.9411474090303401,True
CH0088,Cardi B,Be Careful,1,0,-0.3594625699202296,False
CH0089,Ariana Grande,God Is A Woman,1,0,-0.698038679603439,False
CH0102,Shawn Mendes,There's Nothing Holdin' Me Back,1,0,-0.20441723477928625,False
CH0108,Shawn Mendes,Mercy,1,0,-0.6628120327312886,False
CH0115,Harry Styles,Sign Of The Times,1,0,-0.22635505118467236,False
CH0117,Miley Cyrus,Malibu,1,0,-0.1609478130435416,False
CH0118,Shawn Mendes,Treat You Better,1,1,0.015077194675806316,True
CH0125,Shawn Mendes,Stitches,1,0,-0.09297437798365563,False
CH0131,Ariana Grande,Dangerous Woman,1,1,0.1623383872553098,True
CH0134,Ariana Grande,Into You,1,0,-0.2989475453477882,False
CH0147,Fetty Wap,Trap Queen,1,0,-0.30785907914661337,False
CH0153,Sam Smith,I'm Not The Only One,1,1,0.2097464155916569,True
CH0159,Sam Smith,Stay With Me,1,0,-0.0911601830051594,False
CH0162,Ariana Grande,One Last Time,1,0,-0.43294439797045925,False
CH0172,Miley Cyrus,Wrecking Ball,1,1,0.8234684542110916,True
CH0184,Miley Cyrus,We Can't Stop,1,0,-0.20179513849294894,False
CH0188,Lady Gaga,Applause,1,1,0.7954420540864787,True
CH0194,Eminem,Berzerk,1,0,-0.7244446560228663,False
CH0204,LMFAO,Sexy And I Know It,1,1,0.25803233910661394,True
CH0217,Carrie Underwood,Blown Away,1,0,-0.25636489734988704,False
CH0230,Lady Gaga,Born This Way,1,0,-0.09853927813618515,False
CH0235,Lady Gaga,The Edge Of Glory,1,0,-0.1259360974414335,False
CH0241,Kanye West,All Of The Lights,1,0,-0.33686065669730947,False
CH0245,Lady Gaga,You And I,1,0,-0.015927414762804126,False
CH0253,Lady Gaga,Bad Romance,1,0,-0.1643465867092876,False
CH0255,Eminem,Not Afraid,1,0,-0.42706845237138286,False
CH0258,Lady Gaga,Alejandro,1,1,0.405932348307643,True
CH0264,Lady Gaga,Paparazzi,1,1,0.2948740943294105,True
CH0266,Miley Cyrus,Party In The U.S.A.,1,1,0.4283339547747006,True
CH0268,Alicia Keys,Un-Thinkable (I'm Ready),1,0,-0.2980665380118013,False
CH0272,Carrie Underwood,Undo It,1,1,0.09172423477552821,True
CH0274,Alicia Keys,Try Sleeping With A Broken Heart,1,1,0.626097786684645,True
CH0275,Lady Gaga,Poker Face,1,0,-0.04668639052557377,False
CH0278,The Fray,You Found Me,1,0,-0.2793852057029835,False
CH0279,Miley Cyrus,The Climb,1,0,-0.5729893254184905,False
CH0284,Lady Gaga,LoveGame,1,1,0.14195546215033805,True
CH0289,Kanye West,Love Lockdown,1,0,-1.75906700687386,False
CH0304,The Fray,Never Say Never,1,1,0.6852677815264625,True
CH0306,Alicia Keys,No One,1,1,0.2906127315422199,True
CH0314,Miley Cyrus,See You Again,1,1,0.4132892302683334,True
CH0317,Alicia Keys,Like You'll Never See Me Again,1,1,0.1970896787441186,True
CH0323,Miley Cyrus,7 Things,1,0,-0.44571793415151695,False
CH0326,Carrie Underwood,Before He Cheats,1,0,-0.21206269453149296,False
CH0333,The Fray,How To Save A Life,1,1,0.39898439371263417,True
CH0335,Kanye West,Stronger,1,0,-0.0006385734885934746,False
CH0349,The Fray,Over My Head (Cable Car),1,1,0.2686447631656458,True
CH0361,Carrie Underwood,"Jesus, Take The Wheel",1,0,-0.258973967501882,False
CH0364,Eminem,When I'm Gone,1,0,-0.5166566981747813,False
CH0377,Lil Nas X,Thats What I Want,0,0,-0.13502186006857309,True
CH0384,Morgan Wallen,Sand In My Boots,0,0,-0.17494031005526822,True
CH0399,Billie Eilish,NDA,0,1,0.8175675006472739,False
CH0404,Morgan Wallen,Wasted On You,0,0,-0.4682115246656049,True
CH0406,Ariana Grande,Santa Tell Me,0,1,0.38781627387372986,False
CH0407,Lil Nas X,Holiday,0,0,-0.4677910826708149,True
CH0409,Eminem,Gnat,0,1,0.3051065771901508,False
CH0411,Carrie Underwood,Favorite Time Of Year,0,1,0.828377285185708,False
CH0413,Morgan Wallen,7 Summers,0,0,-0.34167137998946295,True
CH0415,Harry Styles,Golden,0,0,-0.4022059207275302,True
CH0419,Morgan Wallen,Somebody's Problem,0,0,-0.4598810702902201,True
CH0420,Morgan Wallen,Still Goin Down,0,0,-1.1024728011298934,True
CH0421,Shawn Mendes,Wonder,0,1,0.1952614526567128,False
CH0425,Miley Cyrus,Midnight Sky,0,0,-0.430894738052737,True
CH0426,Morgan Wallen,Livin' The Dream,0,1,0.055531071818845756,False
CH0427,Morgan Wallen,Cover Me Up,0,0,-0.3534388169528618,True
CH0431,Pop Smoke,Got It On Me,0,0,-0.18120082779383728,True
CH0435,Pop Smoke,Something Special,0,0,-0.5662080997226346,True
CH0446,Lady Gaga,Stupid Love,0,1,0.3910627215212782,False
CH0453,Sam Smith,To Die For,0,0,-0.025914428151091906,True
CH0460,Billie Eilish,All The Good Girls Go To Hell,0,1,0.6685815845504556,False
CH0461,Kanye West,Follow God,0,0,-0.04734370880791594,True
CH0467,Carrie Underwood,Southbound,0,0,-0.3109325774115873,True
CH0471,Billie Eilish,Wish You Were Gay,0,1,0.4787180101326146,False
CH0475,Carrie Underwood,Love Wins,0,0,-0.09938136815732784,True
CH0480,Ariana Grande,Imagine,0,1,0.41137228645608326,False
CH0483,Billie Eilish,Ocean Eyes,0,1,0.5385590009816926,False
CH0486,Carrie Underwood,Cry Pretty,0,0,-0.12468648578235195,True
CH0488,Kanye West,All Mine,0,1,1.0122413646698014,False
CH0489,Billie Eilish,You Should See Me In A Crown,0,1,1.1275737237004937,False
CH0499,Eminem,Believe,0,0,-0.24848344690674717,True
CH0511,Lady Gaga,The Cure,0,0,-0.26005564643556045,True
CH0515,Lady Gaga,Million Reasons,0,0,-0.6626642136583506,True
CH0521,Carrie Underwood,Dirty Laundry,0,1,0.4110410245189242,False
CH0523,Kanye West,Fade,0,1,0.4425040706914506,False
CH0526,Carrie Underwood,Church Bells,0,1,0.2016500261708657,False
CH0527,Fetty Wap,Wake Up,0,0,-0.13417329700019826,True
CH0528,Kanye West,Famous,0,0,-0.21920961072848338,True
CH0532,Carrie Underwood,Heartbeat,0,1,0.5259983077442922,False
CH0537,Fetty Wap,Jimmy Choo,0,0,-0.5533823744649453,True
CH0539,Ariana Grande,Focus,0,1,0.9937008144315752,False
CH0540,Fetty Wap,Again,0,0,-0.5643406057255089,True
CH0545,Carrie Underwood,Smoke Break,0,0,-0.6801753089891627,True
CH0556,Fetty Wap,RGF Island,0,0,-0.6383495659472447,True
CH0563,Carrie Underwood,Little Toy Guns,0,0,-0.6862628177475087,True
CH0574,Carrie Underwood,Something In The Water,0,1,0.5722202943866496,False
CH0594,Kanye West,Bound 2,0,0,-0.36032585687106505,True
CH0599,Eminem,Survival,0,0,-0.13267424948529138,True
CH0606,Ariana Grande,Last Christmas,0,1,0.06278259622624122,False
CH0611,Carrie Underwood,Two Black Cadillacs,0,1,0.6121083667398263,False
CH0632,LMFAO,Sorry For Party Rocking,0,1,0.17806269463618163,False
CH0634,Lady Gaga,Marry The Night,0,1,0.3108833690618129,False
CH0656,Carrie Underwood,Mama's Song,0,0,-0.45621100038596685,True
CH0665,Miley Cyrus,Can't Be Tamed,0,0,-0.022649857083033464,True
CH0667,Carrie Underwood,Temporary Home,0,1,0.4669896789301021,False
CH0668,Miley Cyrus,When I Look At You,0,1,0.1647866388856889,False
CH0673,Carrie Underwood,Cowboy Casanova,0,0,-0.393181035322684,True
CH0675,Alicia Keys,Empire State Of Mind (Part II) Broken Down,0,0,-0.3910637427624982,True
CH0679,Eminem,Elevator,0,0,-0.2039159007492711,True
CH0684,Alicia Keys,Doesn't Mean Anything,0,0,-0.2816688192642005,True
CH0689,LMFAO,I'm In Miami Trick,0,1,0.7750616307661647,False
CH0691,Eminem,Beautiful,0,0,-0.08647585638478963,True
CH0695,Carrie Underwood,Home Sweet Home,0,0,-0.1760034544673295,True
CH0696,Miley Cyrus,Hoedown Throwdown,0,1,0.285411767060855,False
CH0701,Carrie Underwood,Just A Dream,0,0,-0.17063544064012087,True
CH0709,Alicia Keys,Teenage Love Affair,0,1,0.08394817365105833,False
CH0710,Carrie Underwood,Last Name,0,1,0.11685462096133598,False
CH0714,Carrie Underwood,All-American Girl,0,0,-0.6780715133707446,True
CH0723,Carrie Underwood,So Small,0,1,0.24502276769927944,False
CH0725,Mary J. Blige,Work That,0,0,-0.21412815698454424,True
CH0727,Carrie Underwood,Do You Hear What I Hear,0,0,-0.40150380851614703,True
CH0734,Kanye West,Can't Tell Me Nothing,0,1,0.5246699402183839,False
CH0735,Carrie Underwood,Wasted,0,1,0.9268376990885893,False
CH0736,The Fray,Look After You,0,1,1.0246144651272098,False
CH0741,The Fray,Happy Xmas (War Is Over),0,1,0.02775799861568462,False
CH0742,Mary J. Blige,Take Me As I Am,0,0,-0.06642917016066313,True
CH0746,Carrie Underwood,Don't Forget To Remember Me,0,0,-0.4021616804127395,True
CH0750,Alicia Keys,Unbreakable,0,0,-0.14767731711955195,True
