artist_group,songs,year_end_hits
adele,20,8
akon,4,2
alicia keys,8,4
ariana grande,15,11
avril lavigne,8,3
beyonce,17,9
billie eilish,11,6
britney spears,14,8
bruno mars,11,8
bts,9,2
camila cabello,4,1
cardi b,4,4
carrie underwood,26,4
chris brown,21,10
coldplay,6,5
dababy,6,2
daughtry,10,5
doja cat,6,3
drake,34,18
ed sheeran,12,8
eminem,8,3
fergie,6,4
fetty wap,5,1
future,7,2
gwen stefani,7,1
halsey,7,4
harry styles,4,3
imagine dragons,10,7
jonas brothers,13,3
juice wrld,20,3
justin bieber,27,7
justin timberlake,9,6
kanye west,9,3
katy perry,17,11
ke$ha,7,6
kendrick lamar,9,3
lady gaga,13,9
leona lewis,3,2
lil baby,7,5
lil nas x,4,2
lil wayne,6,2
lmfao,3,1
luke combs,12,8
maroon 5,14,10
mary j. blige,2,0
meghan trainor,6,5
miley cyrus,11,7
morgan wallen,10,3
ne-yo,13,8
nickelback,10,6
nicki minaj,13,5
olivia rodrigo,7,4
one direction,19,5
p!nk,16,13
pharrell williams,2,1
pop smoke,4,2
post malone,8,5
rascal flatts,20,2
rihanna,24,17
sam smith,4,3
sean paul,3,2
shawn mendes,7,6
t.i.,1,1
taylor swift,43,19
the chainsmokers,1,1
the fray,6,4
the weeknd,24,8
travis scott,6,4
twenty one pilots,5,2
usher,7,3
xxxtentacion,6,3
