seed,model,accuracy,balanced_accuracy,precision,recall,f1,fold_mean_balanced_accuracy,fold_sd_balanced_accuracy
0,lr_mi_50,0.5443886097152428,0.5425867685049983,0.5346153846153846,0.4793103448275862,0.5054545454545455,0.5419959279250371,0.009555627343015929
0,dummy,0.5142378559463987,0.5,0.0,0.0,0.0,0.5,0.0
1,lr_mi_50,0.5293132328308208,0.5280242614848928,0.5166051660516605,0.4827586206896552,0.49910873440285203,0.5277412576049174,0.046634474884292676
1,dummy,0.5142378559463987,0.5,0.0,0.0,0.0,0.5,0.0
2,lr_mi_50,0.5309882747068677,0.5291755588004043,0.5192307692307693,0.46551724137931033,0.4909090909090909,0.5292809743977869,0.031695474072649506
2,dummy,0.5142378559463987,0.5,0.0,0.0,0.0,0.5,0.0
3,lr_mi_50,0.490787269681742,0.49027855778950913,0.4756944444444444,0.4724137931034483,0.4740484429065744,0.4907223443188264,0.030523543234645477
3,dummy,0.5142378559463987,0.5,0.0,0.0,0.0,0.5,0.0
4,lr_mi_50,0.5393634840871022,0.5378917218914973,0.5280898876404494,0.4862068965517241,0.5062836624775583,0.5416215789917754,0.03549767162787409
4,dummy,0.5142378559463987,0.5,0.0,0.0,0.0,0.5,0.0
5,lr_mi_50,0.5393634840871022,0.5384645625070201,0.5268817204301075,0.506896551724138,0.5166959578207382,0.5398206898760816,0.01876549731328955
5,dummy,0.5142378559463987,0.5,0.0,0.0,0.0,0.5,0.0
6,lr_mi_50,0.5376884422110553,0.5371223183196676,0.5244755244755245,0.5172413793103449,0.5208333333333334,0.5387622538292479,0.04582547626315193
6,dummy,0.5142378559463987,0.5,0.0,0.0,0.0,0.5,0.0
7,lr_mi_50,0.5393634840871022,0.5373188812759744,0.5294117647058824,0.46551724137931033,0.4954128440366973,0.5379007987316244,0.047487469017192405
7,dummy,0.5142378559463987,0.5,0.0,0.0,0.0,0.5,0.0
8,lr_mi_50,0.5443886097152428,0.5418229810176345,0.5368852459016393,0.4517241379310345,0.49063670411985016,0.5436765982973428,0.0475270448216727
8,dummy,0.5142378559463987,0.5,0.0,0.0,0.0,0.5,0.0
9,lr_mi_50,0.5226130653266332,0.522559811299562,0.5084175084175084,0.5206896551724138,0.514480408858603,0.5246719272341733,0.032346648709829444
9,dummy,0.5142378559463987,0.5,0.0,0.0,0.0,0.5,0.0
