track_id_1,track_id_2,artist_1,artist_2,title_1,title_2,cosine_similarity,status
CH0187,CH0552,Maroon 5,One Direction,Daylight,If I Could Fly,0.839065344081481,candidate_only_requires_recording_evidence
CH0017,CH0552,Luke Combs,One Direction,Better Together,If I Could Fly,0.813835682779427,candidate_only_requires_recording_evidence
CH0029,CH0187,Harry Styles,Maroon 5,Watermelon Sugar,Daylight,0.7771918314889968,candidate_only_requires_recording_evidence
CH0145,CH0562,Future,Future,Wicked,Commas,0.7538854768324638,candidate_only_requires_recording_evidence
CH0535,CH0548,The Weeknd,Justin Bieber,Acquainted,Life Is Worth Living,0.7112930851966464,candidate_only_requires_recording_evidence
CH0181,CH0547,Bruno Mars,Justin Bieber,When I Was Your Man,Mark My Words,0.705433488469359,candidate_only_requires_recording_evidence
CH0706,CH0726,Jonas Brothers,Jonas Brothers,Pushin' Me Away,S.O.S.,0.7027921312998877,candidate_only_requires_recording_evidence
CH0617,CH0626,Rascal Flatts,Rascal Flatts,Changed,Come Wake Me Up,0.699976572587131,candidate_only_requires_recording_evidence
CH0230,CH0329,Lady Gaga,Maroon 5,Born This Way,Makes Me Wonder,0.6947048017214251,candidate_only_requires_recording_evidence
CH0031,CH0395,DaBaby,DaBaby,BOP,Ball If I Want To,0.690059923058962,candidate_only_requires_recording_evidence
CH0033,CH0724,Morgan Wallen,Rascal Flatts,Chasin' You,Winner At A Losing Game,0.6872674726812479,candidate_only_requires_recording_evidence
CH0197,CH0293,One Direction,P!nk,Best Song Ever,Please Don't Leave Me,0.6820293727233131,candidate_only_requires_recording_evidence
CH0026,CH0401,Maroon 5,Justin Bieber,Memories,Off My Face,0.6790855835569743,candidate_only_requires_recording_evidence
CH0028,CH0396,Billie Eilish,Olivia Rodrigo,Everything I Wanted,Favorite Crime,0.6768850164752048,candidate_only_requires_recording_evidence
CH0342,CH0731,Avril Lavigne,Avril Lavigne,Keep Holding On,When You're Gone,0.6753511182763097,candidate_only_requires_recording_evidence
CH0210,CH0229,Taylor Swift,P!nk,We Are Never Ever Getting Back Together,Raise Your Glass,0.6700405295407192,candidate_only_requires_recording_evidence
CH0019,CH0531,Drake,Drake,What's Next,Summer Sixteen,0.6686336879379807,candidate_only_requires_recording_evidence
CH0081,CH0655,Imagine Dragons,Nicki Minaj,Whatever It Takes,Right Thru Me,0.6673923525634164,candidate_only_requires_recording_evidence
CH0474,CH0552,Juice WRLD,One Direction,Empty,If I Could Fly,0.6626492064040914,candidate_only_requires_recording_evidence
CH0371,CH0380,Adele,Adele,I Drink Wine,Hold On,0.6620998995962154,candidate_only_requires_recording_evidence
