legacy_track_id,title,artist,legacy_label,status,year_end_years,weekly_first,weekly_last,weekly_evidence_count,new_label
CH0001,Blinding Lights,The Weeknd,1,verified_year_end_candidate,2020;2021,2019-12-14,2021-09-04,90,1.0
CH0002,Good 4 U,Olivia Rodrigo,1,verified_year_end_candidate,2021,2021-05-29,2022-05-14,51,1.0
CH0003,Drivers License,Olivia Rodrigo,1,verified_year_end_candidate,2021,2021-01-23,2021-07-31,28,1.0
CH0004,Montero (Call Me By Your Name),Lil Nas X,1,verified_year_end_candidate,2021,2021-04-10,2022-01-15,35,1.0
CH0005,Butter,BTS,1,verified_year_end_candidate,2021,2021-06-05,2021-10-16,20,1.0
CH0006,Deja Vu,Olivia Rodrigo,1,verified_year_end_candidate,2021,2021-04-17,2021-10-30,29,1.0
CH0007,Positions,Ariana Grande,1,verified_year_end_candidate,2021,2020-11-07,2021-05-22,29,1.0
CH0008,Bad Habits,Ed Sheeran,1,verified_year_end_candidate,2021,2021-07-10,2022-07-30,56,1.0
CH0009,Forever After All,Luke Combs,1,verified_year_end_candidate,2021,2020-11-07,2021-09-11,45,1.0
CH0010,What You Know Bout Love,Pop Smoke,1,verified_year_end_candidate,2021,2020-07-18,2021-07-03,42,1.0
CH0011,Therefore I Am,Billie Eilish,1,verified_year_end_candidate,2021,2020-11-21,2021-05-22,27,1.0
CH0012,Up,Cardi B,1,verified_year_end_candidate,2021,2021-02-20,2021-07-03,20,1.0
CH0013,Traitor,Olivia Rodrigo,1,verified_year_end_candidate,2021,2021-06-05,2021-11-20,25,1.0
CH0014,Dynamite,BTS,1,verified_year_end_candidate,2020;2021,2020-09-05,2021-04-10,32,1.0
CH0015,Need To Know,Doja Cat,1,verified_year_end_candidate,2021,2021-06-26,2022-05-21,48,1.0
CH0016,Willow,Taylor Swift,1,verified_year_end_candidate,2021,2020-12-26,2021-05-08,20,1.0
CH0017,Better Together,Luke Combs,1,verified_year_end_candidate,2021,2019-11-23,2021-04-03,25,1.0
CH0018,Streets,Doja Cat,1,verified_year_end_candidate,2021,2021-01-23,2021-06-05,20,1.0
CH0019,What's Next,Drake,1,verified_year_end_candidate,2021,2021-03-20,2021-07-17,16,1.0
CH0020,Anyone,Justin Bieber,1,verified_year_end_candidate,2021,2021-01-16,2021-05-08,17,1.0
CH0021,pov,Ariana Grande,1,verified_year_end_candidate,2021,2020-11-14,2021-07-31,20,1.0
CH0022,Take My Breath,The Weeknd,1,verified_year_end_candidate,2021,2021-08-21,2022-02-12,20,1.0
CH0023,Happier Than Ever,Billie Eilish,1,verified_year_end_candidate,2021,2021-08-14,2022-02-05,26,1.0
CH0024,Circles,Post Malone,1,verified_year_end_candidate,2019;2020,2019-09-14,2020-11-07,61,1.0
CH0025,Adore You,Harry Styles,1,verified_year_end_candidate,2020,2019-12-21,2020-11-28,50,1.0
CH0026,Memories,Maroon 5,1,verified_year_end_candidate,2020,2019-10-05,2020-07-11,41,1.0
CH0027,Say So,Doja Cat,1,verified_year_end_candidate,2020,2020-01-18,2020-10-03,38,1.0
CH0028,Everything I Wanted,Billie Eilish,1,verified_year_end_candidate,2020,2019-11-23,2020-07-04,33,1.0
CH0029,Watermelon Sugar,Harry Styles,1,verified_year_end_candidate,2020,2019-11-30,2021-01-16,39,1.0
CH0030,Heartless,The Weeknd,1,verified_year_end_candidate,2020,2019-12-07,2020-05-09,23,1.0
CH0031,BOP,DaBaby,1,verified_year_end_candidate,2020,2019-10-12,2020-05-02,30,1.0
CH0032,Toosie Slide,Drake,1,verified_year_end_candidate,2020,2020-04-18,2020-08-29,20,1.0
CH0033,Chasin' You,Morgan Wallen,1,verified_year_end_candidate,2020,2020-02-08,2020-10-10,36,1.0
CH0034,Woah,Lil Baby,1,verified_year_end_candidate,2020,2019-11-23,2020-04-11,21,1.0
CH0035,HIGHEST IN THE ROOM,Travis Scott,1,verified_year_end_candidate,2020,2019-10-19,2020-05-09,22,1.0
CH0036,Bad Guy,Billie Eilish,1,verified_year_end_candidate,2019;2020,2019-04-13,2020-03-14,49,1.0
CH0037,Yummy,Justin Bieber,1,verified_year_end_candidate,2020,2020-01-18,2020-04-25,15,1.0
CH0038,Panini,Lil Nas X,1,verified_year_end_candidate,2019;2020,2019-07-06,2020-02-08,32,1.0
CH0039,Emotionally Scarred,Lil Baby,1,verified_year_end_candidate,2020,2020-03-14,2020-08-29,25,1.0
CH0040,The Bigger Picture,Lil Baby,1,verified_year_end_candidate,2020,2020-06-27,2020-11-07,20,1.0
CH0041,Only Human,Jonas Brothers,1,verified_year_end_candidate,2019;2020,2019-06-22,2020-03-07,36,1.0
CH0042,Sum 2 Prove,Lil Baby,1,verified_year_end_candidate,2020,2020-01-25,2020-06-06,20,1.0
CH0043,You Should Be Sad,Halsey,1,verified_year_end_candidate,2020,2020-01-25,2020-05-23,18,1.0
CH0044,Dior,Pop Smoke,1,verified_year_end_candidate,2020,2020-02-29,2020-07-18,21,1.0
CH0045,Even Though I'm Leaving,Luke Combs,1,verified_year_end_candidate,2020,2019-06-22,2020-02-22,24,1.0
CH0046,Wishing Well,Juice WRLD,1,verified_year_end_candidate,2020,2020-07-25,2020-12-05,20,1.0
CH0047,More Than My Hometown,Morgan Wallen,1,verified_year_end_candidate,2020,2020-05-02,2021-02-13,32,1.0
CH0048,Lovin' On You,Luke Combs,1,verified_year_end_candidate,2020,2020-07-11,2020-11-21,20,1.0
CH0049,Without Me,Halsey,1,verified_year_end_candidate,2019,2018-10-20,2019-10-12,52,1.0
CH0050,Wow.,Post Malone,1,verified_year_end_candidate,2019,2019-01-05,2019-11-02,44,1.0
CH0051,7 Rings,Ariana Grande,1,verified_year_end_candidate,2019,2019-02-02,2019-09-14,33,1.0
CH0052,Sicko Mode,Travis Scott,1,verified_year_end_candidate,2018;2019,2018-08-18,2019-08-10,52,1.0
CH0053,Sucker,Jonas Brothers,1,verified_year_end_candidate,2019,2019-03-16,2020-03-07,47,1.0
CH0054,"Thank U, Next",Ariana Grande,1,verified_year_end_candidate,2019,2018-11-17,2019-05-25,28,1.0
CH0055,Suge,DaBaby,1,verified_year_end_candidate,2019,2019-04-13,2020-01-18,37,1.0
CH0056,If I Can't Have You,Shawn Mendes,1,verified_year_end_candidate,2019,2019-05-18,2019-10-19,23,1.0
CH0057,Better Now,Post Malone,1,verified_year_end_candidate,2018;2019,2018-05-12,2019-05-04,52,1.0
CH0058,"Break Up With Your Girlfriend, I'm Bored",Ariana Grande,1,verified_year_end_candidate,2019,2019-02-23,2019-07-06,20,1.0
CH0059,Money,Cardi B,1,verified_year_end_candidate,2019,2018-11-03,2019-04-27,26,1.0
CH0060,You Need To Calm Down,Taylor Swift,1,verified_year_end_candidate,2019,2019-06-29,2019-11-16,21,1.0
CH0061,Beautiful Crazy,Luke Combs,1,verified_year_end_candidate,2019,2018-05-19,2019-06-22,31,1.0
CH0062,Lucid Dreams,Juice WRLD,1,verified_year_end_candidate,2018;2019,2018-05-26,2019-12-28,48,1.0
CH0063,Whiskey Glasses,Morgan Wallen,1,verified_year_end_candidate,2019,2019-03-16,2019-09-14,27,1.0
CH0064,Beer Never Broke My Heart,Luke Combs,1,verified_year_end_candidate,2019,2019-05-18,2019-10-05,21,1.0
CH0065,When The Party's Over,Billie Eilish,1,verified_year_end_candidate,2019,2018-11-03,2019-06-29,32,1.0
CH0066,Breathin,Ariana Grande,1,verified_year_end_candidate,2019,2018-09-01,2019-02-16,25,1.0
CH0067,Bury A Friend,Billie Eilish,1,verified_year_end_candidate,2019,2019-02-09,2019-06-22,20,1.0
CH0068,Close Friends,Lil Baby,1,verified_year_end_candidate,2019,2018-10-20,2019-06-22,33,1.0
CH0069,Walk Me Home,P!nk,1,unknown_needs_alias_review,,2019-03-09,2019-07-27,20,
CH0070,Robbery,Juice WRLD,1,verified_year_end_candidate,2019,2019-03-02,2019-12-21,19,1.0
CH0071,God's Plan,Drake,1,verified_year_end_candidate,2018,2018-02-03,2018-10-06,36,1.0
CH0072,Perfect,Ed Sheeran,1,verified_year_end_candidate,2018,2017-03-25,2018-10-06,56,1.0
CH0073,In My Feelings,Drake,1,verified_year_end_candidate,2018,2018-07-14,2018-12-08,22,1.0
CH0074,Nice For What,Drake,1,verified_year_end_candidate,2018,2018-04-21,2018-10-06,25,1.0
CH0075,Sad!,XXXTENTACION,1,verified_year_end_candidate,2018,2018-03-17,2018-12-01,38,1.0
CH0076,Never Be The Same,Camila Cabello,1,verified_year_end_candidate,2018,2017-12-30,2018-09-08,36,1.0
CH0077,No Tears Left To Cry,Ariana Grande,1,verified_year_end_candidate,2018,2018-05-05,2018-11-03,27,1.0
CH0078,Thunder,Imagine Dragons,1,verified_year_end_candidate,2017;2018,2017-05-20,2018-05-05,51,1.0
CH0079,Delicate,Taylor Swift,1,verified_year_end_candidate,2018,2018-03-24,2018-11-17,35,1.0
CH0080,Bad At Love,Halsey,1,verified_year_end_candidate,2018,2017-09-23,2018-04-28,32,1.0
CH0081,Whatever It Takes,Imagine Dragons,1,verified_year_end_candidate,2018,2017-06-03,2018-08-11,27,1.0
CH0082,I Fall Apart,Post Malone,1,verified_year_end_candidate,2018,2017-10-14,2018-04-28,29,1.0
CH0083,In My Blood,Shawn Mendes,1,verified_year_end_candidate,2018,2018-03-31,2018-09-01,23,1.0
CH0084,Too Good At Goodbyes,Sam Smith,1,verified_year_end_candidate,2017;2018,2017-09-30,2018-03-03,23,1.0
CH0085,Nonstop,Drake,1,verified_year_end_candidate,2018,2018-07-14,2018-12-08,22,1.0
CH0086,Bodak Yellow (Money Moves),Cardi B,1,unknown_needs_alias_review,,2017-07-22,2018-03-10,34,
CH0087,Wait,Maroon 5,1,verified_year_end_candidate,2018,2017-11-25,2018-07-07,24,1.0
CH0088,Be Careful,Cardi B,1,verified_year_end_candidate,2018,2018-04-14,2018-08-25,20,1.0
CH0089,God Is A Woman,Ariana Grande,1,verified_year_end_candidate,2018,2018-07-28,2018-12-22,22,1.0
CH0090,Natural,Imagine Dragons,1,verified_year_end_candidate,2018,2018-08-04,2019-02-02,27,1.0
CH0091,Shape Of You,Ed Sheeran,1,verified_year_end_candidate,2017;2018,2017-01-28,2018-03-03,58,1.0
CH0092,Call Out My Name,The Weeknd,1,verified_year_end_candidate,2018,2018-04-14,2018-08-11,18,1.0
CH0093,I'm Upset,Drake,1,verified_year_end_candidate,2018,2018-06-09,2018-09-22,16,1.0
CH0094,Moonlight,XXXTENTACION,1,verified_year_end_candidate,2018,2018-03-31,2018-09-08,20,1.0
CH0095,Changes,XXXTENTACION,1,verified_year_end_candidate,2018,2018-03-17,2018-09-08,20,1.0
CH0096,One Number Away,Luke Combs,1,verified_year_end_candidate,2018,2018-03-31,2018-08-11,20,1.0
CH0097,Believer,Imagine Dragons,1,verified_year_end_candidate,2017;2018,2017-02-25,2018-02-10,51,1.0
CH0098,That's What I Like,Bruno Mars,1,verified_year_end_candidate,2017,2016-12-10,2018-01-20,51,1.0
CH0099,Humble.,Kendrick Lamar,1,verified_year_end_candidate,2017,2017-04-22,2017-12-30,37,1.0
CH0100,Mask Off,Future,1,verified_year_end_candidate,2017,2017-03-11,2017-10-07,31,1.0
CH0101,24K Magic,Bruno Mars,1,verified_year_end_candidate,2017,2016-10-29,2017-08-05,41,1.0
CH0102,There's Nothing Holdin' Me Back,Shawn Mendes,1,verified_year_end_candidate,2017,2017-05-13,2017-12-30,34,1.0
CH0103,Love On The Brain,Rihanna,1,verified_year_end_candidate,2017,2016-06-11,2017-06-03,31,1.0
CH0104,Fake Love,Drake,1,verified_year_end_candidate,2017,2016-11-12,2017-04-29,25,1.0
CH0105,Look What You Made Me Do,Taylor Swift,1,verified_year_end_candidate,2017,2017-09-09,2018-01-13,19,1.0
CH0106,Castle On The Hill,Ed Sheeran,1,verified_year_end_candidate,2017,2017-01-28,2017-09-09,33,1.0
CH0107,Paris,The Chainsmokers,1,verified_year_end_candidate,2017,2017-02-04,2017-06-17,20,1.0
CH0108,Mercy,Shawn Mendes,1,verified_year_end_candidate,2017,2016-09-10,2017-05-13,32,1.0
CH0109,Now Or Never,Halsey,1,verified_year_end_candidate,2017,2017-04-29,2017-09-09,20,1.0
CH0110,DNA.,Kendrick Lamar,1,verified_year_end_candidate,2017,2017-05-06,2017-09-16,20,1.0
CH0111,Passionfruit,Drake,1,verified_year_end_candidate,2017,2017-04-08,2017-08-19,20,1.0
CH0112,Goosebumps,Travis Scott,1,verified_year_end_candidate,2017,2016-09-24,2020-05-09,35,1.0
CH0113,Hurricane,Luke Combs,1,verified_year_end_candidate,2017,2017-03-04,2017-07-29,22,1.0
CH0114,What About Us,P!nk,1,unknown_needs_alias_review,,2017-08-26,2018-01-13,21,
CH0115,Sign Of The Times,Harry Styles,1,verified_year_end_candidate,2017,2017-04-29,2017-07-22,13,1.0
CH0116,Water Under The Bridge,Adele,1,verified_year_end_candidate,2017,2015-12-12,2017-04-22,22,1.0
CH0117,Malibu,Miley Cyrus,1,verified_year_end_candidate,2017,2017-05-27,2017-09-02,15,1.0
CH0118,Treat You Better,Shawn Mendes,1,verified_year_end_candidate,2016;2017,2016-06-25,2017-03-18,39,1.0
CH0119,Love Yourself,Justin Bieber,1,verified_year_end_candidate,2016,2015-12-05,2016-09-10,41,1.0
CH0120,Sorry,Justin Bieber,1,verified_year_end_candidate,2016,2015-11-14,2016-08-27,42,1.0
CH0121,Stressed Out,twenty one pilots,1,verified_year_end_candidate,2016,2015-05-16,2016-10-01,52,1.0
CH0122,Hello,Adele,1,verified_year_end_candidate,2015;2016,2015-11-14,2016-05-07,26,1.0
CH0123,Needed Me,Rihanna,1,verified_year_end_candidate,2016,2016-02-20,2016-12-24,45,1.0
CH0124,Ride,twenty one pilots,1,verified_year_end_candidate,2016,2016-04-02,2016-12-24,39,1.0
CH0125,Stitches,Shawn Mendes,1,verified_year_end_candidate,2015;2016,2015-06-13,2016-06-04,52,1.0
CH0126,Hotline Bling,Drake,1,verified_year_end_candidate,2015;2016,2015-08-22,2016-04-23,36,1.0
CH0127,Send My Love (To Your New Lover),Adele,1,verified_year_end_candidate,2016,2015-12-12,2016-12-03,27,1.0
CH0128,What Do You Mean?,Justin Bieber,1,verified_year_end_candidate,2015;2016,2015-09-19,2016-04-16,31,1.0
CH0129,The Hills,The Weeknd,1,verified_year_end_candidate,2015;2016,2015-06-13,2016-05-07,48,1.0
CH0130,Just Like Fire,P!nk,1,unknown_needs_alias_review,,2016-05-07,2016-10-29,26,
CH0131,Dangerous Woman,Ariana Grande,1,verified_year_end_candidate,2016,2016-04-02,2016-08-20,21,1.0
CH0132,Controlla,Drake,1,verified_year_end_candidate,2016,2016-05-21,2016-11-12,26,1.0
CH0133,No,Meghan Trainor,1,verified_year_end_candidate,2016,2016-03-26,2016-08-06,20,1.0
CH0134,Into You,Ariana Grande,1,verified_year_end_candidate,2016,2016-05-28,2016-11-12,24,1.0
CH0135,In The Night,The Weeknd,1,verified_year_end_candidate,2016,2015-09-19,2016-04-09,20,1.0
CH0136,Me Too,Meghan Trainor,1,verified_year_end_candidate,2016,2016-06-04,2016-10-15,20,1.0
CH0137,White Iverson,Post Malone,1,verified_year_end_candidate,2016,2015-09-26,2016-04-16,30,1.0
CH0138,Can't Feel My Face,The Weeknd,1,verified_year_end_candidate,2015;2016,2015-06-27,2016-04-02,41,1.0
CH0139,Hymn For The Weekend,Coldplay,1,verified_year_end_candidate,2016,2016-02-20,2016-11-19,23,1.0
CH0140,Antidote,Travis Scott,1,verified_year_end_candidate,2016,2015-09-26,2016-03-19,26,1.0
CH0141,Wildest Dreams,Taylor Swift,1,verified_year_end_candidate,2015;2016,2014-11-15,2016-03-12,27,1.0
CH0142,When We Were Young,Adele,1,verified_year_end_candidate,2016,2015-12-12,2016-04-23,20,1.0
CH0143,Back To Sleep,Chris Brown,1,verified_year_end_candidate,2016,2016-01-02,2016-05-14,20,1.0
CH0144,Adventure Of A Lifetime,Coldplay,1,verified_year_end_candidate,2016,2015-11-28,2016-04-09,20,1.0
CH0145,Wicked,Future,1,verified_year_end_candidate,2016,2016-05-07,2016-09-17,20,1.0
CH0146,Thinking Out Loud,Ed Sheeran,1,verified_year_end_candidate,2015,2014-10-25,2015-11-28,58,1.0
CH0147,Trap Queen,Fetty Wap,1,verified_year_end_candidate,2015,2015-02-07,2016-01-30,52,1.0
CH0148,Sugar,Maroon 5,1,verified_year_end_candidate,2015,2015-01-31,2015-11-14,42,1.0
CH0149,Blank Space,Taylor Swift,1,verified_year_end_candidate,2015,2014-11-15,2023-08-26,38,1.0
CH0150,Earned It (Fifty Shades Of Grey),The Weeknd,1,unknown_needs_alias_review,,2015-01-10,2015-10-31,43,
CH0151,Shake It Off,Taylor Swift,1,verified_year_end_candidate,2014;2015,2014-09-06,2015-08-15,50,1.0
CH0152,Lips Are Movin,Meghan Trainor,1,verified_year_end_candidate,2015,2014-11-08,2015-05-23,29,1.0
CH0153,I'm Not The Only One,Sam Smith,1,verified_year_end_candidate,2015,2014-06-21,2015-05-30,37,1.0
CH0154,All About That Bass,Meghan Trainor,1,verified_year_end_candidate,2014;2015,2014-07-26,2015-06-13,47,1.0
CH0155,Style,Taylor Swift,1,verified_year_end_candidate,2015,2014-11-15,2015-08-01,32,1.0
CH0156,Photograph,Ed Sheeran,1,verified_year_end_candidate,2015,2015-05-30,2015-12-19,30,1.0
CH0157,Animals,Maroon 5,1,verified_year_end_candidate,2014;2015,2014-09-06,2015-04-18,33,1.0
CH0158,B**** Better Have My Money,Rihanna,1,unknown_needs_alias_review,,2015-04-11,2015-09-12,23,
CH0159,Stay With Me,Sam Smith,1,verified_year_end_candidate,2014;2015,2014-04-19,2015-05-02,54,1.0
CH0160,7/11,Beyonce,1,verified_year_end_candidate,2015,2014-12-13,2015-04-25,20,1.0
CH0161,Drag Me Down,One Direction,1,verified_year_end_candidate,2015,2015-08-22,2016-01-02,20,1.0
CH0162,One Last Time,Ariana Grande,1,verified_year_end_candidate,2015,2015-02-28,2015-07-11,20,1.0
CH0163,Dear Future Husband,Meghan Trainor,1,verified_year_end_candidate,2015,2014-09-27,2015-07-11,24,1.0
CH0164,Don't,Ed Sheeran,1,verified_year_end_candidate,2014;2015,2014-06-28,2015-02-28,36,1.0
CH0165,Night Changes,One Direction,1,verified_year_end_candidate,2015,2014-12-06,2015-04-18,20,1.0
CH0166,Back To Back,Drake,1,verified_year_end_candidate,2015,2015-08-22,2016-01-02,20,1.0
CH0167,Happy,Pharrell Williams,1,verified_year_end_candidate,2014,2014-01-18,2014-12-06,47,1.0
CH0168,Demons,Imagine Dragons,1,verified_year_end_candidate,2013;2014,2013-01-26,2014-07-05,61,1.0
CH0169,Story Of My Life,One Direction,1,verified_year_end_candidate,2014,2013-11-16,2014-06-21,32,1.0
CH0170,Maps,Maroon 5,1,verified_year_end_candidate,2014,2014-07-05,2014-11-29,22,1.0
CH0171,Anaconda,Nicki Minaj,1,verified_year_end_candidate,2014,2014-08-23,2015-01-17,22,1.0
CH0172,Wrecking Ball,Miley Cyrus,1,verified_year_end_candidate,2013;2014,2013-09-07,2014-04-12,32,1.0
CH0173,Not A Bad Thing,Justin Timberlake,1,verified_year_end_candidate,2014,2014-03-15,2014-08-09,22,1.0
CH0174,Roar,Katy Perry,1,verified_year_end_candidate,2013;2014,2013-08-24,2014-04-19,35,1.0
CH0175,A Sky Full Of Stars,Coldplay,1,verified_year_end_candidate,2014,2014-05-17,2014-11-08,26,1.0
CH0176,Radioactive,Imagine Dragons,1,verified_year_end_candidate,2013;2014,2012-08-18,2014-05-10,87,1.0
CH0177,Birthday,Katy Perry,1,verified_year_end_candidate,2014,2014-04-26,2014-08-23,18,1.0
CH0178,Partition,Beyonce,1,verified_year_end_candidate,2014,2014-01-25,2014-06-14,21,1.0
CH0179,0 To 100 / The Catch Up,Drake,1,verified_year_end_candidate,2014,2014-08-09,2014-12-20,20,1.0
CH0180,Mirrors,Justin Timberlake,1,verified_year_end_candidate,2013,2013-03-02,2013-12-14,42,1.0
CH0181,When I Was Your Man,Bruno Mars,1,verified_year_end_candidate,2013,2012-12-22,2013-08-31,35,1.0
CH0182,Locked Out Of Heaven,Bruno Mars,1,verified_year_end_candidate,2013,2012-10-20,2013-06-22,36,1.0
CH0183,I Knew You Were Trouble.,Taylor Swift,1,verified_year_end_candidate,2013,2012-10-27,2013-07-06,36,1.0
CH0184,We Can't Stop,Miley Cyrus,1,verified_year_end_candidate,2013,2013-06-22,2013-12-14,26,1.0
CH0185,Diamonds,Rihanna,1,verified_year_end_candidate,2012;2013,2012-10-13,2023-02-25,27,1.0
CH0186,Started From The Bottom,Drake,1,verified_year_end_candidate,2013,2013-02-23,2013-07-20,22,1.0
CH0187,Daylight,Maroon 5,1,verified_year_end_candidate,2013,2012-12-22,2013-06-08,25,1.0
CH0188,Applause,Lady Gaga,1,verified_year_end_candidate,2013,2013-08-31,2014-02-01,23,1.0
CH0189,One More Night,Maroon 5,1,verified_year_end_candidate,2012;2013,2012-07-07,2013-04-20,42,1.0
CH0190,It's Time,Imagine Dragons,1,verified_year_end_candidate,2012;2013,2012-06-23,2013-05-11,47,1.0
CH0191,Love Somebody,Maroon 5,1,verified_year_end_candidate,2013,2013-06-08,2013-10-26,21,1.0
CH0192,Try,P!nk,1,unknown_needs_alias_review,,2012-10-06,2013-04-20,24,
CH0193,Die Young,Ke$ha,1,unknown_needs_alias_review,,2012-10-13,2013-03-09,22,
CH0194,Berzerk,Eminem,1,verified_year_end_candidate,2013,2013-09-14,2014-01-25,20,1.0
CH0195,Pour It Up,Rihanna,1,verified_year_end_candidate,2013,2013-01-19,2013-06-01,20,1.0
CH0196,22,Taylor Swift,1,verified_year_end_candidate,2013,2012-11-10,2013-07-27,20,1.0
CH0197,Best Song Ever,One Direction,1,verified_year_end_candidate,2013,2013-08-10,2014-01-11,21,1.0
CH0198,The A Team,Ed Sheeran,1,verified_year_end_candidate,2013,2012-07-28,2013-03-09,33,1.0
CH0199,Swimming Pools (Drank),Kendrick Lamar,1,verified_year_end_candidate,2013,2012-08-18,2013-03-16,29,1.0
CH0200,Let Me Love You (Until You Learn To Love Yourself),Ne-Yo,1,verified_year_end_candidate,2012;2013,2012-08-18,2013-02-23,28,1.0
CH0201,Starships,Nicki Minaj,1,verified_year_end_candidate,2012,2012-03-03,2012-09-29,31,1.0
CH0202,What Makes You Beautiful,One Direction,1,verified_year_end_candidate,2012,2012-03-03,2012-10-20,34,1.0
CH0203,Set Fire To The Rain,Adele,1,verified_year_end_candidate,2012,2011-03-12,2012-07-07,43,1.0
CH0204,Sexy And I Know It,LMFAO,1,verified_year_end_candidate,2011;2012,2011-09-17,2012-06-30,42,1.0
CH0205,Wide Awake,Katy Perry,1,verified_year_end_candidate,2012,2012-06-09,2012-12-01,26,1.0
CH0206,Where Have You Been,Rihanna,1,verified_year_end_candidate,2012,2011-12-10,2012-10-27,26,1.0
CH0207,It Will Rain,Bruno Mars,1,verified_year_end_candidate,2012,2011-10-15,2012-04-28,29,1.0
CH0208,Boyfriend,Justin Bieber,1,verified_year_end_candidate,2012,2012-04-14,2012-08-25,20,1.0
CH0209,Part Of Me,Katy Perry,1,verified_year_end_candidate,2012,2012-03-03,2012-07-28,22,1.0
CH0210,We Are Never Ever Getting Back Together,Taylor Swift,1,verified_year_end_candidate,2012,2012-08-25,2013-02-02,24,1.0
CH0211,Blow Me (One Last Kiss),P!nk,1,unknown_needs_alias_review,,2012-07-21,2013-01-19,27,
CH0212,The One That Got Away,Katy Perry,1,verified_year_end_candidate,2012,2011-10-29,2012-04-07,24,1.0
CH0213,Someone Like You,Adele,1,verified_year_end_candidate,2011;2012,2011-03-12,2012-04-14,39,1.0
CH0214,Don't Wake Me Up,Chris Brown,1,verified_year_end_candidate,2012,2012-06-09,2013-01-19,28,1.0
CH0215,Rumour Has It,Adele,1,verified_year_end_candidate,2012,2011-08-13,2012-06-30,27,1.0
CH0216,Paradise,Coldplay,1,verified_year_end_candidate,2012,2011-10-01,2012-06-02,32,1.0
CH0217,Blown Away,Carrie Underwood,1,verified_year_end_candidate,2012,2012-05-19,2012-12-15,22,1.0
CH0218,Rolling In The Deep,Adele,1,verified_year_end_candidate,2011;2012,2010-12-25,2012-04-14,65,1.0
CH0219,Climax,Usher,1,verified_year_end_candidate,2012,2012-03-10,2012-07-21,20,1.0
CH0220,Pound The Alarm,Nicki Minaj,1,verified_year_end_candidate,2012,2012-08-11,2012-12-08,18,1.0
CH0221,Turn Up The Music,Chris Brown,1,verified_year_end_candidate,2012,2012-03-03,2012-07-14,20,1.0
CH0222,You Da One,Rihanna,1,verified_year_end_candidate,2012,2011-11-26,2012-04-07,20,1.0
CH0223,Firework,Katy Perry,1,verified_year_end_candidate,2011,2010-11-06,2011-07-30,39,1.0
CH0224,Grenade,Bruno Mars,1,verified_year_end_candidate,2011,2010-10-16,2011-06-18,36,1.0
CH0225,Super Bass,Nicki Minaj,1,verified_year_end_candidate,2011,2011-05-14,2012-02-04,39,1.0
CH0226,S&M,Rihanna,1,verified_year_end_candidate,2011,2010-12-04,2011-07-23,26,1.0
CH0227,Last Friday Night (T.G.I.F.),Katy Perry,1,verified_year_end_candidate,2011,2010-09-11,2011-11-19,24,1.0
CH0228,Just The Way You Are,Bruno Mars,1,verified_year_end_candidate,2010;2011,2010-08-07,2011-07-02,48,1.0
CH0229,Raise Your Glass,P!nk,1,unknown_needs_alias_review,,2010-10-23,2011-05-14,30,
CH0230,Born This Way,Lady Gaga,1,verified_year_end_candidate,2011,2011-02-26,2011-07-09,20,1.0
CH0231,F**kin' Perfect,P!nk,1,unknown_needs_alias_review,,2011-01-01,2011-08-06,30,
CH0232,How To Love,Lil Wayne,1,verified_year_end_candidate,2011,2011-06-11,2011-11-19,24,1.0
CH0233,The Lazy Song,Bruno Mars,1,verified_year_end_candidate,2011,2010-10-23,2011-09-10,27,1.0
CH0234,Till The World Ends,Britney Spears,1,verified_year_end_candidate,2011,2011-03-19,2011-08-27,24,1.0
CH0235,The Edge Of Glory,Lady Gaga,1,verified_year_end_candidate,2011,2011-05-28,2011-11-05,24,1.0
CH0236,We R Who We R,Ke$ha,1,unknown_needs_alias_review,,2010-11-13,2011-03-26,20,
CH0237,Blow,Ke$ha,1,unknown_needs_alias_review,,2010-12-04,2011-07-30,26,
CH0238,Only Girl (In The World),Rihanna,1,verified_year_end_candidate,2010;2011,2010-09-25,2011-03-26,27,1.0
CH0239,I Wanna Go,Britney Spears,1,verified_year_end_candidate,2011,2011-04-16,2011-11-05,20,1.0
CH0240,Yeah 3X,Chris Brown,1,verified_year_end_candidate,2011,2010-11-13,2011-04-23,24,1.0
CH0241,All Of The Lights,Kanye West,1,verified_year_end_candidate,2011,2010-12-11,2011-07-02,25,1.0
CH0242,Hold It Against Me,Britney Spears,1,verified_year_end_candidate,2011,2011-01-29,2011-05-21,17,1.0
CH0243,More,Usher,1,verified_year_end_candidate,2011,2010-04-03,2011-05-21,22,1.0
CH0244,What The Hell,Avril Lavigne,1,verified_year_end_candidate,2011,2011-01-29,2011-06-11,20,1.0
CH0245,You And I,Lady Gaga,1,verified_year_end_candidate,2011,2011-06-11,2011-12-31,20,1.0
CH0246,Back To December,Taylor Swift,1,verified_year_end_candidate,2011,2010-10-30,2011-03-26,20,1.0
CH0247,Teenage Dream,Katy Perry,1,verified_year_end_candidate,2010;2011,2010-08-07,2011-03-19,33,1.0
CH0248,Cheers (Drink To That),Rihanna,1,verified_year_end_candidate,2011,2011-08-13,2011-12-10,18,1.0
CH0249,Headlines,Drake,1,verified_year_end_candidate,2011,2011-08-27,2012-02-11,25,1.0
CH0250,Best Thing I Never Had,Beyonce,1,verified_year_end_candidate,2011,2011-06-18,2011-10-29,20,1.0
CH0251,She Ain't You,Chris Brown,1,verified_year_end_candidate,2011,2011-04-30,2011-09-10,20,1.0
CH0252,TiK ToK,Ke$ha,1,unknown_needs_alias_review,,2009-10-24,2010-07-10,38,
CH0253,Bad Romance,Lady Gaga,1,verified_year_end_candidate,2010,2009-11-14,2017-02-25,35,1.0
CH0254,Rude Boy,Rihanna,1,verified_year_end_candidate,2010,2010-02-27,2010-07-24,22,1.0
CH0255,Not Afraid,Eminem,1,verified_year_end_candidate,2010,2010-05-22,2010-11-06,25,1.0
CH0256,Your Love Is My Drug,Ke$ha,1,unknown_needs_alias_review,,2010-01-23,2010-09-04,28,
CH0257,Find Your Love,Drake,1,verified_year_end_candidate,2010,2010-05-22,2010-10-09,21,1.0
CH0258,Alejandro,Lady Gaga,1,verified_year_end_candidate,2010,2010-04-17,2010-09-18,23,1.0
CH0259,Mine,Taylor Swift,1,verified_year_end_candidate,2010,2010-08-21,2011-01-22,23,1.0
CH0260,You Belong With Me,Taylor Swift,1,verified_year_end_candidate,2009;2010,2008-11-22,2010-04-17,50,1.0
CH0261,Take It Off,Ke$ha,1,unknown_needs_alias_review,,2010-01-23,2010-12-11,20,
CH0262,Over,Drake,1,verified_year_end_candidate,2010,2010-03-27,2010-08-07,20,1.0
CH0263,Misery,Maroon 5,1,verified_year_end_candidate,2010,2010-07-10,2010-11-20,20,1.0
CH0264,Paparazzi,Lady Gaga,1,verified_year_end_candidate,2009;2010,2009-09-12,2010-03-13,27,1.0
CH0265,Your Love,Nicki Minaj,1,verified_year_end_candidate,2010,2010-06-19,2010-10-30,20,1.0
CH0266,Party In The U.S.A.,Miley Cyrus,1,verified_year_end_candidate,2009;2010,2009-08-29,2023-07-15,29,1.0
CH0267,3,Britney Spears,1,verified_year_end_candidate,2009;2010,2009-10-24,2010-03-06,20,1.0
CH0268,Un-Thinkable (I'm Ready),Alicia Keys,1,verified_year_end_candidate,2010,2010-04-24,2010-09-04,20,1.0
CH0269,There Goes My Baby,Usher,1,verified_year_end_candidate,2010,2010-03-06,2010-09-18,25,1.0
CH0270,Today Was A Fairytale,Taylor Swift,1,verified_year_end_candidate,2010,2010-02-06,2010-06-05,18,1.0
CH0271,Sweet Dreams,Beyonce,1,verified_year_end_candidate,2009;2010,2009-08-08,2010-02-20,29,1.0
CH0272,Undo It,Carrie Underwood,1,verified_year_end_candidate,2010,2009-11-14,2010-09-25,20,1.0
CH0273,Life After You,Daughtry,1,verified_year_end_candidate,2010,2009-12-19,2010-05-01,20,1.0
CH0274,Try Sleeping With A Broken Heart,Alicia Keys,1,verified_year_end_candidate,2010,2009-12-05,2010-04-17,20,1.0
CH0275,Poker Face,Lady Gaga,1,verified_year_end_candidate,2009,2009-01-03,2009-10-03,40,1.0
CH0276,Love Story,Taylor Swift,1,verified_year_end_candidate,2008;2009,2008-09-27,2009-08-29,49,1.0
CH0277,Single Ladies (Put A Ring On It),Beyonce,1,verified_year_end_candidate,2009,2008-11-01,2009-05-02,27,1.0
CH0278,You Found Me,The Fray,1,verified_year_end_candidate,2009,2008-12-06,2009-08-29,39,1.0
CH0279,The Climb,Miley Cyrus,1,verified_year_end_candidate,2009,2009-03-21,2009-09-26,28,1.0
CH0280,Best I Ever Had,Drake,1,verified_year_end_candidate,2009,2009-05-23,2009-10-31,24,1.0
CH0281,Halo,Beyonce,1,verified_year_end_candidate,2009,2009-02-07,2009-09-05,31,1.0
CH0282,Hot N Cold,Katy Perry,1,verified_year_end_candidate,2008;2009,2008-07-05,2009-05-09,39,1.0
CH0283,Circus,Britney Spears,1,verified_year_end_candidate,2009,2008-12-20,2009-05-16,22,1.0
CH0284,LoveGame,Lady Gaga,1,verified_year_end_candidate,2009,2009-03-21,2009-09-26,22,1.0
CH0285,Waking Up In Vegas,Katy Perry,1,verified_year_end_candidate,2009,2009-05-16,2009-10-17,23,1.0
CH0286,Sober,P!nk,1,unknown_needs_alias_review,,2008-12-13,2009-05-30,25,
CH0287,Womanizer,Britney Spears,1,verified_year_end_candidate,2008;2009,2008-10-18,2009-03-21,23,1.0
CH0288,Mad,Ne-Yo,1,verified_year_end_candidate,2009,2008-12-20,2009-05-30,24,1.0
CH0289,Love Lockdown,Kanye West,1,verified_year_end_candidate,2008;2009,2008-10-04,2009-03-07,23,1.0
CH0290,So What,P!nk,1,unknown_needs_alias_review,,2008-09-06,2009-04-04,31,
CH0291,If I Were A Boy,Beyonce,1,verified_year_end_candidate,2009,2008-10-25,2009-03-07,20,1.0
CH0292,Gotta Be Somebody,Nickelback,1,verified_year_end_candidate,2009,2008-10-18,2009-04-18,27,1.0
CH0293,Please Don't Leave Me,P!nk,1,unknown_needs_alias_review,,2009-05-02,2009-10-24,26,
CH0294,Viva La Vida,Coldplay,1,verified_year_end_candidate,2008;2009,2008-05-24,2009-05-09,51,1.0
CH0295,Right Now (Na Na Na),Akon,1,verified_year_end_candidate,2009,2008-10-11,2009-03-07,22,1.0
CH0296,Miss Independent,Ne-Yo,1,verified_year_end_candidate,2008;2009,2008-09-06,2009-03-14,28,1.0
CH0297,No Surprise,Daughtry,1,verified_year_end_candidate,2009,2009-05-23,2009-10-31,24,1.0
CH0298,If Today Was Your Last Day,Nickelback,1,verified_year_end_candidate,2009,2008-11-29,2009-08-29,22,1.0
CH0299,If U Seek Amy,Britney Spears,1,verified_year_end_candidate,2009,2008-12-20,2009-07-11,20,1.0
CH0300,White Horse,Taylor Swift,1,verified_year_end_candidate,2009,2008-11-29,2009-04-25,22,1.0
CH0301,Disturbia,Rihanna,1,verified_year_end_candidate,2008;2009,2008-07-05,2009-03-14,37,1.0
CH0302,Diva,Beyonce,1,verified_year_end_candidate,2009,2009-01-03,2009-05-16,20,1.0
CH0303,One Time,Justin Bieber,1,verified_year_end_candidate,2009,2009-07-25,2010-01-23,25,1.0
CH0304,Never Say Never,The Fray,1,verified_year_end_candidate,2009,2009-06-27,2009-11-07,20,1.0
CH0305,Bleeding Love,Leona Lewis,1,verified_year_end_candidate,2008,2008-03-01,2008-11-22,39,1.0
CH0306,No One,Alicia Keys,1,verified_year_end_candidate,2007;2008,2007-09-22,2008-06-14,39,1.0
CH0307,With You,Chris Brown,1,verified_year_end_candidate,2008,2007-12-15,2008-06-28,29,1.0
CH0308,Forever,Chris Brown,1,verified_year_end_candidate,2008,2008-05-10,2008-12-20,33,1.0
CH0309,Take A Bow,Rihanna,1,verified_year_end_candidate,2008,2008-04-26,2008-10-25,27,1.0
CH0310,I Kissed A Girl,Katy Perry,1,verified_year_end_candidate,2008,2008-05-24,2008-10-25,23,1.0
CH0311,Don't Stop The Music,Rihanna,1,verified_year_end_candidate,2008,2007-12-08,2008-06-28,30,1.0
CH0312,Closer,Ne-Yo,1,verified_year_end_candidate,2008,2008-05-03,2009-01-24,39,1.0
CH0313,Clumsy,Fergie,1,verified_year_end_candidate,2008,2007-10-27,2008-04-12,25,1.0
CH0314,See You Again,Miley Cyrus,1,verified_year_end_candidate,2008,2007-12-22,2008-06-21,27,1.0
CH0315,Our Song,Taylor Swift,1,verified_year_end_candidate,2008,2007-10-13,2008-06-14,36,1.0
CH0316,A Milli,Lil Wayne,1,verified_year_end_candidate,2008,2008-05-10,2008-10-11,23,1.0
CH0317,Like You'll Never See Me Again,Alicia Keys,1,verified_year_end_candidate,2008,2007-11-24,2008-05-03,24,1.0
CH0318,Teardrops On My Guitar,Taylor Swift,1,verified_year_end_candidate,2007;2008,2007-03-24,2008-05-17,48,1.0
CH0319,Better In Time,Leona Lewis,1,verified_year_end_candidate,2008,2008-04-26,2009-02-21,31,1.0
CH0320,Burnin' Up,Jonas Brothers,1,verified_year_end_candidate,2008,2008-07-12,2008-10-25,16,1.0
CH0321,Big Girls Don't Cry,Fergie,1,verified_year_end_candidate,2007;2008,2007-05-05,2008-03-29,48,1.0
CH0322,Piece Of Me,Britney Spears,1,verified_year_end_candidate,2008,2007-11-17,2008-03-29,20,1.0
CH0323,7 Things,Miley Cyrus,1,verified_year_end_candidate,2008,2008-06-21,2008-09-27,15,1.0
CH0324,Feels Like Tonight,Daughtry,1,verified_year_end_candidate,2008,2008-02-09,2008-06-21,20,1.0
CH0325,Irreplaceable,Beyonce,1,verified_year_end_candidate,2007,2006-11-04,2007-05-26,30,1.0
CH0326,Before He Cheats,Carrie Underwood,1,verified_year_end_candidate,2007,2006-09-16,2007-12-01,64,1.0
CH0327,Don't Matter,Akon,1,verified_year_end_candidate,2007,2007-02-03,2007-07-07,23,1.0
CH0328,Girlfriend,Avril Lavigne,1,verified_year_end_candidate,2007,2007-03-17,2007-08-25,24,1.0
CH0329,Makes Me Wonder,Maroon 5,1,verified_year_end_candidate,2007,2007-04-21,2007-10-13,26,1.0
CH0330,It's Not Over,Daughtry,1,verified_year_end_candidate,2007,2006-12-09,2007-06-23,29,1.0
CH0331,Fergalicious,Fergie,1,verified_year_end_candidate,2007,2006-10-07,2007-04-07,27,1.0
CH0332,What Goes Around...Comes Around,Justin Timberlake,1,verified_year_end_candidate,2007,2006-12-23,2007-06-09,25,1.0
CH0333,How To Save A Life,The Fray,1,verified_year_end_candidate,2006;2007,2006-04-15,2007-06-02,58,1.0
CH0334,Home,Daughtry,1,verified_year_end_candidate,2007,2007-03-17,2007-11-24,37,1.0
CH0335,Stronger,Kanye West,1,verified_year_end_candidate,2007,2007-08-11,2008-02-09,27,1.0
CH0336,U + Ur Hand,P!nk,1,unknown_needs_alias_review,,2007-01-13,2007-08-25,33,
CH0337,Rockstar,Nickelback,1,verified_year_end_candidate,2007,2006-10-14,2008-01-26,49,1.0
CH0338,Summer Love,Justin Timberlake,1,verified_year_end_candidate,2007,2007-04-28,2007-09-08,20,1.0
CH0339,If Everyone Cared,Nickelback,1,verified_year_end_candidate,2007,2007-02-03,2007-06-30,22,1.0
CH0340,Because Of You,Ne-Yo,1,verified_year_end_candidate,2007,2007-03-17,2007-07-28,20,1.0
CH0341,SexyBack,Justin Timberlake,1,verified_year_end_candidate,2006;2007,2006-07-22,2007-03-24,36,1.0
CH0342,Keep Holding On,Avril Lavigne,1,verified_year_end_candidate,2007,2006-12-16,2007-05-05,21,1.0
CH0343,Who Knew,P!nk,1,unknown_needs_alias_review,,2007-04-07,2008-02-23,36,
CH0344,Wind It Up,Gwen Stefani,1,verified_year_end_candidate,2007,2006-11-18,2007-03-17,18,1.0
CH0345,Shut Up And Drive,Rihanna,1,verified_year_end_candidate,2007,2007-06-23,2007-11-03,20,1.0
CH0346,Far Away,Nickelback,1,verified_year_end_candidate,2006;2007,2006-08-05,2007-02-24,30,1.0
CH0347,LoveStoned,Justin Timberlake,1,verified_year_end_candidate,2007,2007-07-21,2007-12-01,20,1.0
CH0348,Temperature,Sean Paul,1,verified_year_end_candidate,2006,2006-01-21,2006-08-19,31,1.0
CH0349,Over My Head (Cable Car),The Fray,1,verified_year_end_candidate,2006,2006-02-25,2006-12-09,42,1.0
CH0350,Run It!,Chris Brown,1,verified_year_end_candidate,2006,2005-08-27,2006-05-13,38,1.0
CH0351,So Sick,Ne-Yo,1,verified_year_end_candidate,2006,2005-12-10,2006-05-27,25,1.0
CH0352,SOS,Rihanna,1,verified_year_end_candidate,2006,2006-02-25,2006-09-02,28,1.0
CH0353,London Bridge,Fergie,1,verified_year_end_candidate,2006,2006-08-05,2006-12-23,21,1.0
CH0354,What Hurts The Most,Rascal Flatts,1,verified_year_end_candidate,2006,2006-02-18,2007-02-03,51,1.0
CH0355,Unfaithful,Rihanna,1,verified_year_end_candidate,2006,2006-05-13,2006-09-23,20,1.0
CH0356,Yo (Excuse Me Miss),Chris Brown,1,verified_year_end_candidate,2006,2005-12-31,2006-05-20,21,1.0
CH0357,What You Know,T.I.,1,verified_year_end_candidate,2006,2006-03-18,2006-07-29,20,1.0
CH0358,Savin' Me,Nickelback,1,verified_year_end_candidate,2006,2006-03-18,2006-09-23,28,1.0
CH0359,Sexy Love,Ne-Yo,1,verified_year_end_candidate,2006,2006-06-24,2006-11-18,22,1.0
CH0360,Life Is A Highway,Rascal Flatts,1,verified_year_end_candidate,2006,2006-06-17,2006-10-28,20,1.0
CH0361,"Jesus, Take The Wheel",Carrie Underwood,1,verified_year_end_candidate,2006,2005-11-19,2006-04-29,24,1.0
CH0362,We Be Burnin',Sean Paul,1,verified_year_end_candidate,2006,2005-09-17,2006-03-25,28,1.0
CH0363,Say Goodbye,Chris Brown,1,verified_year_end_candidate,2006,2006-08-26,2007-01-27,23,1.0
CH0364,When I'm Gone,Eminem,1,verified_year_end_candidate,2006,2005-11-26,2006-03-18,17,1.0
CH0365,When You're Mad,Ne-Yo,1,verified_year_end_candidate,2006,2006-03-18,2006-07-29,20,1.0
CH0366,Stupid Girls,P!nk,1,unknown_needs_alias_review,,2006-02-25,2006-06-10,16,
CH0367,Easy On Me,Adele,0,excluded_legacy_weekly_class,,2021-10-23,2022-05-21,31,
CH0368,All Too Well (Taylor's Version),Taylor Swift,0,excluded_legacy_weekly_class,,2021-11-27,2022-03-05,15,
CH0369,Oh My God,Adele,0,excluded_legacy_weekly_class,,2021-12-04,2022-03-19,16,
CH0370,Shivers,Ed Sheeran,0,excluded_legacy_weekly_class,,2021-09-25,2022-09-17,52,
CH0371,I Drink Wine,Adele,0,excluded_legacy_weekly_class,,2021-12-04,2021-12-11,2,
CH0372,My Little Love,Adele,0,excluded_legacy_weekly_class,,2021-12-04,2021-12-11,2,
CH0373,Can I Get It,Adele,0,excluded_legacy_weekly_class,,2021-12-04,2021-12-11,2,
CH0374,To Be Loved,Adele,0,excluded_legacy_weekly_class,,2021-12-04,2021-12-04,1,
CH0375,Ghost,Justin Bieber,0,excluded_legacy_weekly_class,,2021-04-03,2022-10-01,52,
CH0376,Strangers By Nature,Adele,0,excluded_legacy_weekly_class,,2021-12-04,2021-12-04,1,
CH0377,Thats What I Want,Lil Nas X,0,excluded_legacy_weekly_class,,2021-10-02,2022-08-06,45,
CH0378,Cry Your Heart Out,Adele,0,excluded_legacy_weekly_class,,2021-12-04,2021-12-04,1,
CH0379,Cold As You,Luke Combs,0,excluded_legacy_weekly_class,,2020-11-07,2021-12-25,20,
CH0380,Hold On,Adele,0,excluded_legacy_weekly_class,,2021-12-04,2021-12-04,1,
CH0381,Woman Like Me,Adele,0,excluded_legacy_weekly_class,,2021-12-04,2021-12-04,1,
CH0382,Love Is A Game,Adele,0,excluded_legacy_weekly_class,,2021-12-04,2021-12-04,1,
CH0383,Already Dead,Juice WRLD,0,excluded_legacy_weekly_class,,2021-11-27,2022-01-15,7,
CH0384,Sand In My Boots,Morgan Wallen,0,excluded_legacy_weekly_class,,2021-01-23,2022-05-07,41,
CH0385,Message In A Bottle (Taylor's Version) (From The Vault),Taylor Swift,0,excluded_legacy_weekly_class,,2021-11-27,2022-02-19,13,
CH0386,Woman,Doja Cat,0,excluded_legacy_weekly_class,,2021-07-10,2022-08-06,52,
CH0387,Doin' This,Luke Combs,0,excluded_legacy_weekly_class,,2021-11-27,2022-05-28,23,
CH0388,State Of Grace (Taylor's Version),Taylor Swift,0,excluded_legacy_weekly_class,,2021-11-27,2021-12-04,2,
CH0389,Escape Plan,Travis Scott,0,excluded_legacy_weekly_class,,2021-11-20,2021-12-04,3,
CH0390,Who's In Your Head,Jonas Brothers,0,excluded_legacy_weekly_class,,2021-10-23,2021-12-11,6,
CH0391,Permission To Dance,BTS,0,excluded_legacy_weekly_class,,2021-07-24,2021-09-04,7,
CH0392,Motley Crew,Post Malone,0,excluded_legacy_weekly_class,,2021-07-24,2021-09-18,9,
CH0393,Ain't Shit,Doja Cat,0,excluded_legacy_weekly_class,,2021-07-10,2021-11-06,14,
CH0394,Don't Go Yet,Camila Cabello,0,excluded_legacy_weekly_class,,2021-08-07,2021-10-02,9,
CH0395,Ball If I Want To,DaBaby,0,excluded_legacy_weekly_class,,2021-07-03,2021-08-28,9,
CH0396,Favorite Crime,Olivia Rodrigo,0,excluded_legacy_weekly_class,,2021-06-05,2021-08-28,13,
CH0397,Happier,Olivia Rodrigo,0,excluded_legacy_weekly_class,,2021-06-05,2021-08-21,12,
CH0398,Red Light Green Light,DaBaby,0,excluded_legacy_weekly_class,,2021-07-10,2021-08-07,5,
CH0399,NDA,Billie Eilish,0,excluded_legacy_weekly_class,,2021-07-24,2021-08-21,5,
CH0400,Brutal,Olivia Rodrigo,0,excluded_legacy_weekly_class,,2021-06-05,2021-09-11,12,
CH0401,Off My Face,Justin Bieber,0,excluded_legacy_weekly_class,,2021-04-03,2021-04-03,1,
CH0402,Masterpiece,DaBaby,0,excluded_legacy_weekly_class,,2021-01-30,2021-05-08,14,
CH0403,Deserve You,Justin Bieber,0,excluded_legacy_weekly_class,,2021-04-03,2021-04-03,1,
CH0404,Wasted On You,Morgan Wallen,0,excluded_legacy_weekly_class,,2021-01-23,2023-01-14,57,
CH0405,Somebody,Justin Bieber,0,excluded_legacy_weekly_class,,2021-04-03,2021-04-03,1,
CH0406,Santa Tell Me,Ariana Grande,0,excluded_legacy_weekly_class,,2014-12-13,2023-12-30,23,
CH0407,Holiday,Lil Nas X,0,excluded_legacy_weekly_class,,2020-11-28,2021-02-13,12,
CH0408,Afterglow,Ed Sheeran,0,excluded_legacy_weekly_class,,2021-01-02,2021-03-06,10,
CH0409,Gnat,Eminem,0,excluded_legacy_weekly_class,,2021-01-02,2021-01-02,1,
CH0410,Rockin' Around The Christmas Tree,Justin Bieber,0,excluded_legacy_weekly_class,,2020-12-12,2021-01-02,4,
CH0411,Favorite Time Of Year,Carrie Underwood,0,excluded_legacy_weekly_class,,2020-12-12,2021-01-02,4,
CH0412,Champagne Problems,Taylor Swift,0,excluded_legacy_weekly_class,,2020-12-26,2021-01-02,2,
CH0413,7 Summers,Morgan Wallen,0,excluded_legacy_weekly_class,,2020-08-29,2021-02-13,24,
CH0414,'Tis The Damn Season,Taylor Swift,0,excluded_legacy_weekly_class,,2020-12-26,2021-01-02,2,
CH0415,Golden,Harry Styles,0,excluded_legacy_weekly_class,,2019-12-28,2021-03-20,20,
CH0416,Life Goes On,BTS,0,excluded_legacy_weekly_class,,2020-12-05,2020-12-19,3,
CH0417,Blue & Grey,BTS,0,excluded_legacy_weekly_class,,2020-12-05,2020-12-05,1,
CH0418,Stay,BTS,0,excluded_legacy_weekly_class,,2020-12-05,2020-12-05,1,
CH0419,Somebody's Problem,Morgan Wallen,0,excluded_legacy_weekly_class,,2020-12-05,2021-03-20,13,
CH0420,Still Goin Down,Morgan Wallen,0,excluded_legacy_weekly_class,,2020-12-05,2021-02-20,8,
CH0421,Wonder,Shawn Mendes,0,excluded_legacy_weekly_class,,2020-10-17,2021-01-16,11,
CH0422,Fly To My Room,BTS,0,excluded_legacy_weekly_class,,2020-12-05,2020-12-05,1,
CH0423,Telepathy,BTS,0,excluded_legacy_weekly_class,,2020-12-05,2020-12-05,1,
CH0424,Dis-ease,BTS,0,excluded_legacy_weekly_class,,2020-12-05,2020-12-05,1,
CH0425,Midnight Sky,Miley Cyrus,0,excluded_legacy_weekly_class,,2020-08-29,2021-01-23,20,
CH0426,Livin' The Dream,Morgan Wallen,0,excluded_legacy_weekly_class,,2020-12-05,2021-01-23,2,
CH0427,Cover Me Up,Morgan Wallen,0,excluded_legacy_weekly_class,,2020-12-05,2021-03-20,10,
CH0428,Conversations,Juice WRLD,0,excluded_legacy_weekly_class,,2020-07-25,2020-08-29,6,
CH0429,Blood On My Jeans,Juice WRLD,0,excluded_legacy_weekly_class,,2020-07-25,2020-08-15,4,
CH0430,Righteous,Juice WRLD,0,excluded_legacy_weekly_class,,2020-05-09,2020-08-29,16,
CH0431,Got It On Me,Pop Smoke,0,excluded_legacy_weekly_class,,2020-07-18,2020-09-26,10,
CH0432,Titanic,Juice WRLD,0,excluded_legacy_weekly_class,,2020-07-25,2020-08-01,2,
CH0433,Stay High,Juice WRLD,0,excluded_legacy_weekly_class,,2020-07-25,2020-08-01,2,
CH0434,Bad Energy,Juice WRLD,0,excluded_legacy_weekly_class,,2020-07-25,2020-08-01,2,
CH0435,Something Special,Pop Smoke,0,excluded_legacy_weekly_class,,2020-07-18,2020-08-29,7,
CH0436,Up Up And Away,Juice WRLD,0,excluded_legacy_weekly_class,,2020-07-25,2020-08-01,2,
CH0437,Fighting Demons,Juice WRLD,0,excluded_legacy_weekly_class,,2020-07-25,2020-08-01,2,
CH0438,Man Of The Year,Juice WRLD,0,excluded_legacy_weekly_class,,2020-07-25,2020-08-01,2,
CH0439,Can't Die,Juice WRLD,0,excluded_legacy_weekly_class,,2020-07-25,2020-08-01,2,
CH0440,Screw Juice,Juice WRLD,0,excluded_legacy_weekly_class,,2020-07-25,2020-08-01,2,
CH0441,In Your Eyes,The Weeknd,0,excluded_legacy_weekly_class,,2020-04-04,2020-07-11,15,
CH0442,Alone Again,The Weeknd,0,excluded_legacy_weekly_class,,2020-04-04,2020-04-04,1,
CH0443,After Hours,The Weeknd,0,excluded_legacy_weekly_class,,2020-02-29,2020-04-18,7,
CH0444,Scared To Live,The Weeknd,0,excluded_legacy_weekly_class,,2020-04-04,2020-04-04,1,
CH0445,Hardest To Love,The Weeknd,0,excluded_legacy_weekly_class,,2020-04-04,2020-04-04,1,
CH0446,Stupid Love,Lady Gaga,0,excluded_legacy_weekly_class,,2020-03-14,2020-06-13,10,
CH0447,Too Late,The Weeknd,0,excluded_legacy_weekly_class,,2020-04-04,2020-04-04,1,
CH0448,Snowchild,The Weeknd,0,excluded_legacy_weekly_class,,2020-04-04,2020-04-04,1,
CH0449,Escape From LA,The Weeknd,0,excluded_legacy_weekly_class,,2020-04-04,2020-04-04,1,
CH0450,Faith,The Weeknd,0,excluded_legacy_weekly_class,,2020-04-04,2020-04-04,1,
CH0451,Repeat After Me (Interlude),The Weeknd,0,excluded_legacy_weekly_class,,2020-04-04,2020-04-04,1,
CH0452,What A Man Gotta Do,Jonas Brothers,0,excluded_legacy_weekly_class,,2020-02-01,2020-04-18,12,
CH0453,To Die For,Sam Smith,0,excluded_legacy_weekly_class,,2020-02-29,2020-04-04,6,
CH0454,Like It's Christmas,Jonas Brothers,0,excluded_legacy_weekly_class,,2019-12-14,2023-12-30,6,
CH0455,Lover,Taylor Swift,0,excluded_legacy_weekly_class,,2019-08-31,2020-01-25,22,
CH0456,Graveyard,Halsey,0,excluded_legacy_weekly_class,,2019-09-28,2020-02-08,20,
CH0457,VIBEZ,DaBaby,0,excluded_legacy_weekly_class,,2019-10-12,2020-02-22,20,
CH0458,Let Me Know (I Wonder Why Freestyle),Juice WRLD,0,excluded_legacy_weekly_class,,2019-12-28,2020-01-11,3,
CH0459,Candy,Doja Cat,0,excluded_legacy_weekly_class,,2019-12-07,2020-01-11,6,
CH0460,All The Good Girls Go To Hell,Billie Eilish,0,excluded_legacy_weekly_class,,2019-04-13,2019-12-14,7,
CH0461,Follow God,Kanye West,0,excluded_legacy_weekly_class,,2019-11-09,2019-12-14,6,
CH0462,Never Really Over,Katy Perry,0,excluded_legacy_weekly_class,,2019-06-15,2019-09-07,13,
CH0463,The Archer,Taylor Swift,0,excluded_legacy_weekly_class,,2019-08-03,2019-09-07,3,
CH0464,Nightmare,Halsey,0,excluded_legacy_weekly_class,,2019-06-01,2019-08-10,11,
CH0465,Cool,Jonas Brothers,0,excluded_legacy_weekly_class,,2019-04-20,2019-08-10,17,
CH0466,Before I Let Go,Beyonce,0,excluded_legacy_weekly_class,,2019-05-04,2019-08-17,16,
CH0467,Southbound,Carrie Underwood,0,excluded_legacy_weekly_class,,2019-07-27,2019-10-19,13,
CH0468,MEGATRON,Nicki Minaj,0,excluded_legacy_weekly_class,,2019-07-06,2019-08-10,5,
CH0469,Bad Liar,Imagine Dragons,0,excluded_legacy_weekly_class,,2018-11-24,2019-05-04,9,
CH0470,Pure Cocaine,Lil Baby,0,excluded_legacy_weekly_class,,2018-12-15,2019-05-04,16,
CH0471,Wish You Were Gay,Billie Eilish,0,excluded_legacy_weekly_class,,2019-03-16,2019-05-25,11,
CH0472,Hear Me Calling,Juice WRLD,0,excluded_legacy_weekly_class,,2019-03-16,2019-04-06,4,
CH0473,Undecided,Chris Brown,0,excluded_legacy_weekly_class,,2019-01-19,2019-04-06,12,
CH0474,Empty,Juice WRLD,0,excluded_legacy_weekly_class,,2019-03-23,2019-12-21,4,
CH0475,Love Wins,Carrie Underwood,0,excluded_legacy_weekly_class,,2019-01-12,2019-04-06,10,
CH0476,Cozy Little Christmas,Katy Perry,0,excluded_legacy_weekly_class,,2018-12-29,2019-01-05,2,
CH0477,She Got The Best Of Me,Luke Combs,0,excluded_legacy_weekly_class,,2018-08-25,2019-01-26,23,
CH0478,Uproar,Lil Wayne,0,excluded_legacy_weekly_class,,2018-10-13,2019-02-23,20,
CH0479,BAD!,XXXTENTACION,0,excluded_legacy_weekly_class,,2018-11-24,2019-02-09,11,
CH0480,Imagine,Ariana Grande,0,excluded_legacy_weekly_class,,2018-12-29,2019-03-09,8,
CH0481,Consequences,Camila Cabello,0,excluded_legacy_weekly_class,,2018-11-17,2019-02-02,12,
CH0482,Armed And Dangerous,Juice WRLD,0,excluded_legacy_weekly_class,,2018-11-24,2019-03-16,17,
CH0483,Ocean Eyes,Billie Eilish,0,excluded_legacy_weekly_class,,2018-12-01,2019-07-20,20,
CH0484,Mob Ties,Drake,0,excluded_legacy_weekly_class,,2018-07-14,2018-09-08,8,
CH0485,All Girls Are The Same,Juice WRLD,0,excluded_legacy_weekly_class,,2018-05-26,2018-10-06,20,
CH0486,Cry Pretty,Carrie Underwood,0,excluded_legacy_weekly_class,,2018-04-28,2018-09-29,12,
CH0487,Jumpsuit,twenty one pilots,0,excluded_legacy_weekly_class,,2018-07-21,2018-10-20,4,
CH0488,All Mine,Kanye West,0,excluded_legacy_weekly_class,,2018-06-16,2018-08-11,9,
CH0489,You Should See Me In A Crown,Billie Eilish,0,excluded_legacy_weekly_class,,2018-08-04,2019-05-25,8,
CH0490,Emotionless,Drake,0,excluded_legacy_weekly_class,,2018-07-14,2018-08-04,4,
CH0491,Can't Take A Joke,Drake,0,excluded_legacy_weekly_class,,2018-07-14,2018-08-04,4,
CH0492,No Excuses,Meghan Trainor,0,excluded_legacy_weekly_class,,2018-03-17,2018-06-02,12,
CH0493,Beautiful Trauma,P!nk,0,excluded_legacy_weekly_class,,2017-12-09,2018-04-14,15,
CH0494,Tempo,Chris Brown,0,excluded_legacy_weekly_class,,2018-03-17,2018-04-14,4,
CH0495,The Remedy For A Broken Heart (Why Am I So In Love),XXXTENTACION,0,excluded_legacy_weekly_class,,2018-03-31,2018-07-14,5,
CH0496,Candy Paint,Post Malone,0,excluded_legacy_weekly_class,,2017-11-11,2018-05-12,20,
CH0497,...Ready For It?,Taylor Swift,0,excluded_legacy_weekly_class,,2017-09-23,2018-01-27,19,
CH0498,My Dawg,Lil Baby,0,excluded_legacy_weekly_class,,2017-12-30,2018-02-03,6,
CH0499,Believe,Eminem,0,excluded_legacy_weekly_class,,,,0,
CH0500,When It Rains It Pours,Luke Combs,0,excluded_legacy_weekly_class,,2017-08-19,2017-12-30,20,
CH0501,Call It What You Want,Taylor Swift,0,excluded_legacy_weekly_class,,2017-11-25,2017-12-02,2,
CH0502,Jocelyn Flores,XXXTENTACION,0,excluded_legacy_weekly_class,,2017-09-16,2018-07-21,20,
CH0503,Gorgeous,Taylor Swift,0,excluded_legacy_weekly_class,,2017-11-11,2017-12-02,4,
CH0504,Questions,Chris Brown,0,excluded_legacy_weekly_class,,2017-09-09,2017-12-09,13,
CH0505,Go Flex,Post Malone,0,excluded_legacy_weekly_class,,2016-05-14,2017-12-16,11,
CH0506,Versace On The Floor,Bruno Mars,0,excluded_legacy_weekly_class,,2016-12-10,2017-09-30,14,
CH0507,Butterfly Effect,Travis Scott,0,excluded_legacy_weekly_class,,2017-06-17,2018-08-18,23,
CH0508,Yours If You Want It,Rascal Flatts,0,excluded_legacy_weekly_class,,2017-06-10,2017-08-12,10,
CH0509,Crying In The Club,Camila Cabello,0,excluded_legacy_weekly_class,,2017-06-10,2017-08-05,9,
CH0510,Privacy,Chris Brown,0,excluded_legacy_weekly_class,,2017-05-20,2017-09-09,17,
CH0511,The Cure,Lady Gaga,0,excluded_legacy_weekly_class,,2017-05-06,2017-08-05,14,
CH0512,Signs,Drake,0,excluded_legacy_weekly_class,,2017-07-15,2017-08-19,6,
CH0513,Reminder,The Weeknd,0,excluded_legacy_weekly_class,,2016-12-17,2017-09-23,17,
CH0514,Element.,Kendrick Lamar,0,excluded_legacy_weekly_class,,2017-05-06,2017-08-05,11,
CH0515,Million Reasons,Lady Gaga,0,excluded_legacy_weekly_class,,2016-10-29,2017-04-22,20,
CH0516,Regret In Your Tears,Nicki Minaj,0,excluded_legacy_weekly_class,,2017-04-01,2017-04-01,1,
CH0517,Galway Girl,Ed Sheeran,0,excluded_legacy_weekly_class,,2017-03-25,2017-05-27,5,
CH0518,Draco,Future,0,excluded_legacy_weekly_class,,2017-03-11,2017-04-29,8,
CH0519,Party Monster,The Weeknd,0,excluded_legacy_weekly_class,,2016-12-10,2017-04-15,19,
CH0520,Dive,Ed Sheeran,0,excluded_legacy_weekly_class,,2017-03-25,2017-04-01,2,
CH0521,Dirty Laundry,Carrie Underwood,0,excluded_legacy_weekly_class,,2016-11-05,2017-02-18,16,
CH0522,Six Feet Under,The Weeknd,0,excluded_legacy_weekly_class,,2016-12-17,2017-01-07,4,
CH0523,Fade,Kanye West,0,excluded_legacy_weekly_class,,2016-09-24,2016-12-17,13,
CH0524,Sex With Me,Rihanna,0,excluded_legacy_weekly_class,,2016-08-06,2017-03-04,15,
CH0525,Rise,Katy Perry,0,excluded_legacy_weekly_class,,2016-08-06,2016-10-01,9,
CH0526,Church Bells,Carrie Underwood,0,excluded_legacy_weekly_class,,2016-05-28,2016-09-17,17,
CH0527,Wake Up,Fetty Wap,0,excluded_legacy_weekly_class,,2016-05-14,2016-08-27,13,
CH0528,Famous,Kanye West,0,excluded_legacy_weekly_class,,2016-04-23,2016-09-24,14,
CH0529,M.I.L.F. $,Fergie,0,excluded_legacy_weekly_class,,2016-07-23,2016-08-06,3,
CH0530,Childs Play,Drake,0,excluded_legacy_weekly_class,,2016-05-21,2016-10-01,14,
CH0531,Summer Sixteen,Drake,0,excluded_legacy_weekly_class,,2016-02-20,2016-05-21,14,
CH0532,Heartbeat,Carrie Underwood,0,excluded_legacy_weekly_class,,2016-01-23,2016-04-23,14,
CH0533,I Like The Sound Of That,Rascal Flatts,0,excluded_legacy_weekly_class,,2016-02-13,2016-05-28,16,
CH0534,New Romantics,Taylor Swift,0,excluded_legacy_weekly_class,,2015-03-21,2016-05-07,8,
CH0535,Acquainted,The Weeknd,0,excluded_legacy_weekly_class,,2015-09-19,2016-05-14,18,
CH0536,Company,Justin Bieber,0,excluded_legacy_weekly_class,,2015-12-05,2016-05-14,12,
CH0537,Jimmy Choo,Fetty Wap,0,excluded_legacy_weekly_class,,2016-02-27,2016-05-07,11,
CH0538,Make Me Like You,Gwen Stefani,0,excluded_legacy_weekly_class,,2016-03-05,2016-04-16,5,
CH0539,Focus,Ariana Grande,0,excluded_legacy_weekly_class,,2015-11-21,2016-02-13,13,
CH0540,Again,Fetty Wap,0,excluded_legacy_weekly_class,,2015-08-29,2016-02-20,26,
CH0541,I'll Show You,Justin Bieber,0,excluded_legacy_weekly_class,,2015-11-21,2016-02-06,12,
CH0542,Used To Love You,Gwen Stefani,0,excluded_legacy_weekly_class,,2015-11-14,2016-01-30,9,
CH0543,New Americana,Halsey,0,excluded_legacy_weekly_class,,2015-09-19,2016-02-06,17,
CH0544,Right Hand,Drake,0,excluded_legacy_weekly_class,,2015-10-03,2016-02-06,19,
CH0545,Smoke Break,Carrie Underwood,0,excluded_legacy_weekly_class,,2015-09-12,2016-01-23,19,
CH0546,Purpose,Justin Bieber,0,excluded_legacy_weekly_class,,2015-12-05,2016-01-16,7,
CH0547,Mark My Words,Justin Bieber,0,excluded_legacy_weekly_class,,2015-12-05,2015-12-26,4,
CH0548,Life Is Worth Living,Justin Bieber,0,excluded_legacy_weekly_class,,2015-12-05,2015-12-12,2,
CH0549,Children,Justin Bieber,0,excluded_legacy_weekly_class,,2015-12-05,2015-12-05,1,
CH0550,Liquor,Chris Brown,0,excluded_legacy_weekly_class,,2015-09-12,2016-01-16,17,
CH0551,Been You,Justin Bieber,0,excluded_legacy_weekly_class,,2015-12-05,2015-12-05,1,
CH0552,If I Could Fly,One Direction,0,excluded_legacy_weekly_class,,2015-12-05,2015-12-05,1,
CH0553,Olivia,One Direction,0,excluded_legacy_weekly_class,,2015-12-05,2015-12-05,1,
CH0554,Get Used To It,Justin Bieber,0,excluded_legacy_weekly_class,,2015-12-05,2015-12-05,1,
CH0555,A.M.,One Direction,0,excluded_legacy_weekly_class,,2015-12-05,2015-12-05,1,
CH0556,RGF Island,Fetty Wap,0,excluded_legacy_weekly_class,,2015-10-10,2016-01-30,14,
CH0557,Temporary Fix,One Direction,0,excluded_legacy_weekly_class,,2015-12-05,2015-12-05,1,
CH0558,Trust,Justin Bieber,0,excluded_legacy_weekly_class,,2015-12-05,2015-12-05,1,
CH0559,Never Enough,One Direction,0,excluded_legacy_weekly_class,,2015-12-05,2015-12-05,1,
CH0560,This Summer's Gonna Hurt...,Maroon 5,0,excluded_legacy_weekly_class,,2015-05-30,2015-08-22,13,
CH0561,The Night Is Still Young,Nicki Minaj,0,excluded_legacy_weekly_class,,2015-05-23,2015-09-26,17,
CH0562,Commas,Future,0,excluded_legacy_weekly_class,,2015-04-18,2015-08-29,20,
CH0563,Little Toy Guns,Carrie Underwood,0,excluded_legacy_weekly_class,,2015-03-28,2015-08-01,18,
CH0564,Alright,Kendrick Lamar,0,excluded_legacy_weekly_class,,2015-04-04,2015-10-10,14,
CH0565,Tear In My Heart,twenty one pilots,0,excluded_legacy_weekly_class,,2015-04-25,2015-08-08,8,
CH0566,Energy,Drake,0,excluded_legacy_weekly_class,,2015-02-28,2015-07-11,20,
CH0567,I Bet My Life,Imagine Dragons,0,excluded_legacy_weekly_class,,2014-11-15,2015-04-18,22,
CH0568,Know Yourself,Drake,0,excluded_legacy_weekly_class,,2015-03-07,2015-07-18,20,
CH0569,King Kunta,Kendrick Lamar,0,excluded_legacy_weekly_class,,2015-04-04,2015-06-13,11,
CH0570,Legend,Drake,0,excluded_legacy_weekly_class,,2015-02-28,2015-05-16,12,
CH0571,The Blacker The Berry,Kendrick Lamar,0,excluded_legacy_weekly_class,,2015-04-04,2015-04-04,1,
CH0572,10 Bands,Drake,0,excluded_legacy_weekly_class,,2015-02-28,2015-05-23,13,
CH0573,Fairly Local,twenty one pilots,0,excluded_legacy_weekly_class,,2015-04-04,2015-04-04,1,
CH0574,Something In The Water,Carrie Underwood,0,excluded_legacy_weekly_class,,2014-10-18,2015-02-28,20,
CH0575,L.A.LOVE (la la),Fergie,0,excluded_legacy_weekly_class,,2014-10-25,2015-02-21,18,
CH0576,Steal My Girl,One Direction,0,excluded_legacy_weekly_class,,2014-10-18,2015-02-14,18,
CH0577,Often,The Weeknd,0,excluded_legacy_weekly_class,,2014-11-01,2015-03-14,20,
CH0578,i,Kendrick Lamar,0,excluded_legacy_weekly_class,,2014-10-11,2014-12-20,11,
CH0579,Baby Don't Lie,Gwen Stefani,0,excluded_legacy_weekly_class,,2014-11-08,2014-12-13,6,
CH0580,This Is How We Do,Katy Perry,0,excluded_legacy_weekly_class,,2014-08-16,2014-12-13,18,
CH0581,Stockholm Syndrome,One Direction,0,excluded_legacy_weekly_class,,2014-12-06,2014-12-06,1,
CH0582,Pills N Potions,Nicki Minaj,0,excluded_legacy_weekly_class,,2014-06-07,2014-10-04,18,
CH0583,Come Get It Bae,Pharrell Williams,0,excluded_legacy_weekly_class,,2014-05-24,2014-09-13,15,
CH0584,Good Kisser,Usher,0,excluded_legacy_weekly_class,,2014-05-24,2014-09-27,19,
CH0585,Young Girls,Bruno Mars,0,excluded_legacy_weekly_class,,2014-01-18,2014-04-19,14,
CH0586,Rewind,Rascal Flatts,0,excluded_legacy_weekly_class,,2014-02-01,2014-06-14,20,
CH0587,Magic,Coldplay,0,excluded_legacy_weekly_class,,2014-03-22,2014-06-21,14,
CH0588,On Top Of The World,Imagine Dragons,0,excluded_legacy_weekly_class,,2014-02-15,2014-07-05,20,
CH0589,Unconditionally,Katy Perry,0,excluded_legacy_weekly_class,,2013-11-09,2014-03-22,20,
CH0590,XO,Beyonce,0,excluded_legacy_weekly_class,,2014-01-04,2014-03-08,10,
CH0591,The Language,Drake,0,excluded_legacy_weekly_class,,2013-10-12,2014-03-22,20,
CH0592,TKO,Justin Timberlake,0,excluded_legacy_weekly_class,,2013-10-05,2014-01-25,17,
CH0593,All That Matters,Justin Bieber,0,excluded_legacy_weekly_class,,2013-11-02,2014-02-01,8,
CH0594,Bound 2,Kanye West,0,excluded_legacy_weekly_class,,2013-12-07,2014-01-11,6,
CH0595,Honest,Future,0,excluded_legacy_weekly_class,,2013-09-28,2014-01-18,17,
CH0596,Perfume,Britney Spears,0,excluded_legacy_weekly_class,,2013-11-23,2014-01-18,6,
CH0597,Worst Behavior,Drake,0,excluded_legacy_weekly_class,,2013-10-12,2014-03-08,11,
CH0598,Waiting For Superman,Daughtry,0,excluded_legacy_weekly_class,,2013-10-05,2014-03-22,17,
CH0599,Survival,Eminem,0,excluded_legacy_weekly_class,,2013-10-26,2014-01-25,14,
CH0600,Diana,One Direction,0,excluded_legacy_weekly_class,,2013-12-07,2013-12-07,1,
CH0601,Midnight Memories,One Direction,0,excluded_legacy_weekly_class,,2013-12-07,2014-02-22,3,
CH0602,What Now,Rihanna,0,excluded_legacy_weekly_class,,2013-11-09,2013-12-28,8,
CH0603,Gorilla,Bruno Mars,0,excluded_legacy_weekly_class,,2013-09-14,2014-01-11,16,
CH0604,Strong,One Direction,0,excluded_legacy_weekly_class,,2013-12-07,2013-12-07,1,
CH0605,Work B**ch!,Britney Spears,0,excluded_legacy_weekly_class,,2013-10-05,2014-01-18,13,
CH0606,Last Christmas,Ariana Grande,0,excluded_legacy_weekly_class,,2013-12-07,2013-12-07,1,
CH0607,Take Back The Night,Justin Timberlake,0,excluded_legacy_weekly_class,,2013-07-27,2013-10-19,13,
CH0608,Ooh La La,Britney Spears,0,excluded_legacy_weekly_class,,2013-07-06,2013-08-03,5,
CH0609,Here's To Never Growing Up,Avril Lavigne,0,excluded_legacy_weekly_class,,2013-04-27,2013-08-03,15,
CH0610,Fine China,Chris Brown,0,excluded_legacy_weekly_class,,2013-04-20,2013-08-03,16,
CH0611,Two Black Cadillacs,Carrie Underwood,0,excluded_legacy_weekly_class,,2012-12-29,2013-05-11,20,
CH0612,Kiss You,One Direction,0,excluded_legacy_weekly_class,,2012-12-01,2013-04-27,16,
CH0613,Pusher Love Girl,Justin Timberlake,0,excluded_legacy_weekly_class,,2013-04-06,2013-04-13,2,
CH0614,Neva End,Future,0,excluded_legacy_weekly_class,,2012-12-22,2013-05-04,20,
CH0615,C'mon,Ke$ha,0,excluded_legacy_weekly_class,,2013-01-05,2013-04-20,16,
CH0616,"Bitch, Don't Kill My Vibe",Kendrick Lamar,0,excluded_legacy_weekly_class,,2013-01-26,2013-07-27,21,
CH0617,Changed,Rascal Flatts,0,excluded_legacy_weekly_class,,2012-03-31,2013-04-27,8,
CH0618,Va Va Voom,Nicki Minaj,0,excluded_legacy_weekly_class,,2012-04-21,2013-03-16,20,
CH0619,Little Things,One Direction,0,excluded_legacy_weekly_class,,2012-12-01,2013-03-30,18,
CH0620,Wicked Games,The Weeknd,0,excluded_legacy_weekly_class,,2012-11-17,2013-03-30,20,
CH0621,Don't Judge Me,Chris Brown,0,excluded_legacy_weekly_class,,2012-11-17,2013-03-30,20,
CH0622,Skyfall,Adele,0,excluded_legacy_weekly_class,,2012-10-20,2013-03-16,20,
CH0623,Live While We're Young,One Direction,0,excluded_legacy_weekly_class,,2012-10-20,2013-02-02,16,
CH0624,Begin Again,Taylor Swift,0,excluded_legacy_weekly_class,,2012-10-13,2013-03-02,20,
CH0625,Turn On The Lights,Future,0,excluded_legacy_weekly_class,,2012-08-25,2013-01-05,20,
CH0626,Come Wake Me Up,Rascal Flatts,0,excluded_legacy_weekly_class,,2012-08-11,2012-12-22,20,
CH0627,Dance For You,Beyonce,0,excluded_legacy_weekly_class,,2012-09-22,2012-12-29,15,
CH0628,One Thing,One Direction,0,excluded_legacy_weekly_class,,2012-03-31,2012-08-25,20,
CH0629,Eyes Open,Taylor Swift,0,excluded_legacy_weekly_class,,2012-04-07,2012-06-30,13,
CH0630,Ours,Taylor Swift,0,excluded_legacy_weekly_class,,2011-11-26,2012-04-07,20,
CH0631,Banjo,Rascal Flatts,0,excluded_legacy_weekly_class,,2012-03-03,2012-06-23,17,
CH0632,Sorry For Party Rocking,LMFAO,0,excluded_legacy_weekly_class,,2012-02-11,2012-04-21,11,
CH0633,Mistletoe,Justin Bieber,0,excluded_legacy_weekly_class,,2011-11-05,2022-01-01,12,
CH0634,Marry The Night,Lady Gaga,0,excluded_legacy_weekly_class,,2011-06-11,2012-02-11,12,
CH0635,When We Stand Together,Nickelback,0,excluded_legacy_weekly_class,,2011-10-15,2012-01-28,16,
CH0636,Wish You Were Here,Avril Lavigne,0,excluded_legacy_weekly_class,,2011-03-26,2012-01-28,7,
CH0637,Blunt Blowin,Lil Wayne,0,excluded_legacy_weekly_class,,2011-09-17,2012-01-14,6,
CH0638,Countdown,Beyonce,0,excluded_legacy_weekly_class,,2011-10-29,2012-02-11,15,
CH0639,Stupid Hoe,Nicki Minaj,0,excluded_legacy_weekly_class,,2012-01-07,2012-03-03,5,
CH0640,If This Was A Movie,Taylor Swift,0,excluded_legacy_weekly_class,,2011-11-26,2011-12-03,2,
CH0641,Sparks Fly,Taylor Swift,0,excluded_legacy_weekly_class,,2010-11-13,2011-12-24,20,
CH0642,Hate Sleeping Alone,Drake,0,excluded_legacy_weekly_class,,2011-12-03,2011-12-03,1,
CH0643,Criminal,Britney Spears,0,excluded_legacy_weekly_class,,2011-10-29,2011-12-03,6,
CH0644,Shot For Me,Drake,0,excluded_legacy_weekly_class,,2011-12-03,2011-12-03,1,
CH0645,California King Bed,Rihanna,0,excluded_legacy_weekly_class,,2011-06-04,2011-09-03,14,
CH0646,Mean,Taylor Swift,0,excluded_legacy_weekly_class,,2010-11-06,2011-08-13,20,
CH0647,Man Down,Rihanna,0,excluded_legacy_weekly_class,,2011-06-11,2011-09-10,14,
CH0648,Never Gonna Leave This Bed,Maroon 5,0,excluded_legacy_weekly_class,,2011-05-14,2011-09-10,18,
CH0649,Marvins Room,Drake,0,excluded_legacy_weekly_class,,2011-08-06,2011-12-17,18,
CH0650,Smile,Avril Lavigne,0,excluded_legacy_weekly_class,,2011-07-23,2011-09-03,7,
CH0651,The Story Of Us,Taylor Swift,0,excluded_legacy_weekly_class,,2010-11-13,2011-08-06,12,
CH0652,I Won't Let Go,Rascal Flatts,0,excluded_legacy_weekly_class,,2010-11-13,2011-06-25,20,
CH0653,Did It On'em,Nicki Minaj,0,excluded_legacy_weekly_class,,2011-03-19,2011-06-25,15,
CH0654,No BS,Chris Brown,0,excluded_legacy_weekly_class,,2010-12-25,2011-04-23,18,
CH0655,Right Thru Me,Nicki Minaj,0,excluded_legacy_weekly_class,,2010-10-16,2011-02-19,19,
CH0656,Mama's Song,Carrie Underwood,0,excluded_legacy_weekly_class,,2009-10-31,2011-02-12,19,
CH0657,Why Wait,Rascal Flatts,0,excluded_legacy_weekly_class,,2010-09-04,2011-01-15,20,
CH0658,September,Daughtry,0,excluded_legacy_weekly_class,,2010-08-21,2011-01-01,20,
CH0659,Angel,Akon,0,excluded_legacy_weekly_class,,2010-10-09,2011-05-14,10,
CH0660,One In A Million,Ne-Yo,0,excluded_legacy_weekly_class,,2010-11-13,2010-12-25,7,
CH0661,Beautiful Monster,Ne-Yo,0,excluded_legacy_weekly_class,,2010-06-26,2010-08-21,9,
CH0662,This Afternoon,Nickelback,0,excluded_legacy_weekly_class,,2010-04-24,2010-09-04,20,
CH0663,Glitter In The Air,P!nk,0,excluded_legacy_weekly_class,,2010-02-20,2010-10-02,18,
CH0664,Champagne Life,Ne-Yo,0,excluded_legacy_weekly_class,,2010-08-07,2010-09-25,8,
CH0665,Can't Be Tamed,Miley Cyrus,0,excluded_legacy_weekly_class,,2010-06-05,2010-08-07,10,
CH0666,U Smile,Justin Bieber,0,excluded_legacy_weekly_class,,2010-04-03,2011-03-12,4,
CH0667,Temporary Home,Carrie Underwood,0,excluded_legacy_weekly_class,,2009-11-07,2010-05-22,20,
CH0668,When I Look At You,Miley Cyrus,0,excluded_legacy_weekly_class,,2010-01-30,2010-05-22,13,
CH0669,Unstoppable,Rascal Flatts,0,excluded_legacy_weekly_class,,2009-04-25,2010-06-19,18,
CH0670,Fearless,Taylor Swift,0,excluded_legacy_weekly_class,,2008-11-01,2010-05-01,15,
CH0671,Alice,Avril Lavigne,0,excluded_legacy_weekly_class,,2010-03-20,2010-04-03,3,
CH0672,Fifteen,Taylor Swift,0,excluded_legacy_weekly_class,,2008-11-29,2010-02-06,21,
CH0673,Cowboy Casanova,Carrie Underwood,0,excluded_legacy_weekly_class,,2009-10-03,2010-02-13,20,
CH0674,Russian Roulette,Rihanna,0,excluded_legacy_weekly_class,,2009-11-07,2010-02-06,14,
CH0675,Empire State Of Mind (Part II) Broken Down,Alicia Keys,0,excluded_legacy_weekly_class,,2010-01-02,2010-01-02,1,
CH0676,One Less Lonely Girl,Justin Bieber,0,excluded_legacy_weekly_class,,2009-10-24,2010-02-13,16,
CH0677,Papers,Usher,0,excluded_legacy_weekly_class,,2009-10-31,2010-02-13,16,
CH0678,Never Gonna Be Alone,Nickelback,0,excluded_legacy_weekly_class,,2008-12-06,2010-03-06,17,
CH0679,Elevator,Eminem,0,excluded_legacy_weekly_class,,2010-01-02,2010-01-02,1,
CH0680,Crawl,Chris Brown,0,excluded_legacy_weekly_class,,2009-12-12,2010-02-06,9,
CH0681,On Fire,Lil Wayne,0,excluded_legacy_weekly_class,,2009-12-26,2010-01-02,2,
CH0682,Funhouse,P!nk,0,excluded_legacy_weekly_class,,2009-10-10,2010-01-16,13,
CH0683,Down To Earth,Justin Bieber,0,excluded_legacy_weekly_class,,2009-12-05,2009-12-05,1,
CH0684,Doesn't Mean Anything,Alicia Keys,0,excluded_legacy_weekly_class,,2009-10-10,2009-12-12,10,
CH0685,Bigger,Justin Bieber,0,excluded_legacy_weekly_class,,2009-12-05,2009-12-05,1,
CH0686,Summer Nights,Rascal Flatts,0,excluded_legacy_weekly_class,,2009-06-13,2009-10-10,18,
CH0687,Ego,Beyonce,0,excluded_legacy_weekly_class,,2009-06-20,2009-10-10,17,
CH0688,So Fine,Sean Paul,0,excluded_legacy_weekly_class,,2009-07-18,2009-09-12,9,
CH0689,I'm In Miami Trick,LMFAO,0,excluded_legacy_weekly_class,,2009-03-21,2009-10-24,20,
CH0690,You Don't Belong,Daughtry,0,excluded_legacy_weekly_class,,2009-08-01,2009-08-01,1,
CH0691,Beautiful,Eminem,0,excluded_legacy_weekly_class,,2009-05-30,2009-08-08,6,
CH0692,Here Comes Goodbye,Rascal Flatts,0,excluded_legacy_weekly_class,,2009-03-14,2009-06-27,16,
CH0693,Hot Revolver,Lil Wayne,0,excluded_legacy_weekly_class,,2009-04-04,2009-04-18,3,
CH0694,Thinking Of You,Katy Perry,0,excluded_legacy_weekly_class,,2009-01-31,2009-05-09,15,
CH0695,Home Sweet Home,Carrie Underwood,0,excluded_legacy_weekly_class,,2009-03-28,2009-06-06,3,
CH0696,Hoedown Throwdown,Miley Cyrus,0,excluded_legacy_weekly_class,,2009-03-28,2009-06-20,13,
CH0697,You're Not Sorry,Taylor Swift,0,excluded_legacy_weekly_class,,2008-11-15,2009-04-04,5,
CH0698,Rehab,Rihanna,0,excluded_legacy_weekly_class,,2008-11-22,2009-03-14,17,
CH0699,Trading Places,Usher,0,excluded_legacy_weekly_class,,2008-11-15,2009-03-07,17,
CH0700,Here,Rascal Flatts,0,excluded_legacy_weekly_class,,2008-10-18,2009-02-07,17,
CH0701,Just A Dream,Carrie Underwood,0,excluded_legacy_weekly_class,,2008-08-23,2009-01-03,20,
CH0702,Run,Leona Lewis,0,excluded_legacy_weekly_class,,2009-01-03,2009-01-03,1,
CH0703,What About Now,Daughtry,0,excluded_legacy_weekly_class,,2008-04-26,2009-01-03,20,
CH0704,I'd Come For You,Nickelback,0,excluded_legacy_weekly_class,,2008-12-06,2008-12-13,2,
CH0705,Lovebug,Jonas Brothers,0,excluded_legacy_weekly_class,,2008-09-27,2009-01-17,14,
CH0706,Pushin' Me Away,Jonas Brothers,0,excluded_legacy_weekly_class,,2008-08-02,2008-08-09,2,
CH0707,Should've Said No,Taylor Swift,0,excluded_legacy_weekly_class,,2008-06-07,2008-10-18,20,
CH0708,Take You Down,Chris Brown,0,excluded_legacy_weekly_class,,2008-05-03,2008-09-13,20,
CH0709,Teenage Love Affair,Alicia Keys,0,excluded_legacy_weekly_class,,2008-05-24,2008-09-06,16,
CH0710,Last Name,Carrie Underwood,0,excluded_legacy_weekly_class,,2008-04-19,2008-08-30,20,
CH0711,Moving Mountains,Usher,0,excluded_legacy_weekly_class,,2008-06-14,2008-08-09,9,
CH0712,Play My Music,Jonas Brothers,0,excluded_legacy_weekly_class,,2008-07-05,2008-08-02,5,
CH0713,When You Look Me In The Eyes,Jonas Brothers,0,excluded_legacy_weekly_class,,2008-02-09,2008-05-31,17,
CH0714,All-American Girl,Carrie Underwood,0,excluded_legacy_weekly_class,,2008-01-19,2008-05-31,20,
CH0715,Picture To Burn,Taylor Swift,0,excluded_legacy_weekly_class,,2008-03-01,2008-07-12,20,
CH0716,Break The Ice,Britney Spears,0,excluded_legacy_weekly_class,,2008-03-15,2008-07-05,17,
CH0717,Won't Go Home Without You,Maroon 5,0,excluded_legacy_weekly_class,,2007-12-29,2008-05-10,20,
CH0718,Go On Girl,Ne-Yo,0,excluded_legacy_weekly_class,,2008-04-05,2008-04-19,3,
CH0719,Over You,Daughtry,0,excluded_legacy_weekly_class,,2007-08-25,2008-02-09,25,
CH0720,Wake Up Call,Maroon 5,0,excluded_legacy_weekly_class,,2007-08-25,2008-01-19,22,
CH0721,This Christmas,Chris Brown,0,excluded_legacy_weekly_class,,2007-12-08,2008-01-05,5,
CH0722,Gimme More,Britney Spears,0,excluded_legacy_weekly_class,,2007-09-22,2008-02-02,20,
CH0723,So Small,Carrie Underwood,0,excluded_legacy_weekly_class,,2007-09-01,2008-01-12,20,
CH0724,Winner At A Losing Game,Rascal Flatts,0,excluded_legacy_weekly_class,,2007-11-10,2008-03-22,20,
CH0725,Work That,Mary J. Blige,0,excluded_legacy_weekly_class,,2007-12-15,2008-02-09,9,
CH0726,S.O.S.,Jonas Brothers,0,excluded_legacy_weekly_class,,2007-08-25,2008-01-12,21,
CH0727,Do You Hear What I Hear,Carrie Underwood,0,excluded_legacy_weekly_class,,2008-01-05,2008-01-05,1,
CH0728,Take Me There,Rascal Flatts,0,excluded_legacy_weekly_class,,2007-08-11,2007-12-22,20,
CH0729,"Sorry, Blame It On Me",Akon,0,excluded_legacy_weekly_class,,2007-08-04,2007-12-08,19,
CH0730,Do You,Ne-Yo,0,excluded_legacy_weekly_class,,2007-06-16,2007-10-27,20,
CH0731,When You're Gone,Avril Lavigne,0,excluded_legacy_weekly_class,,2007-05-05,2007-11-17,20,
CH0732,4 In The Morning,Gwen Stefani,0,excluded_legacy_weekly_class,,2007-06-09,2007-09-22,16,
CH0733,Get Me Bodied,Beyonce,0,excluded_legacy_weekly_class,,2007-05-26,2013-11-23,19,
CH0734,Can't Tell Me Nothing,Kanye West,0,excluded_legacy_weekly_class,,2007-06-16,2007-11-24,19,
CH0735,Wasted,Carrie Underwood,0,excluded_legacy_weekly_class,,2007-02-17,2007-06-30,20,
CH0736,Look After You,The Fray,0,excluded_legacy_weekly_class,,2007-03-17,2007-05-19,10,
CH0737,Stand,Rascal Flatts,0,excluded_legacy_weekly_class,,2007-03-03,2007-07-14,20,
CH0738,Year 3000,Jonas Brothers,0,excluded_legacy_weekly_class,,2007-02-17,2007-04-21,9,
CH0739,My Wish,Rascal Flatts,0,excluded_legacy_weekly_class,,2006-09-23,2007-02-03,20,
CH0740,Tim McGraw,Taylor Swift,0,excluded_legacy_weekly_class,,2006-09-23,2007-02-03,20,
CH0741,Happy Xmas (War Is Over),The Fray,0,excluded_legacy_weekly_class,,2006-12-30,2007-01-06,2,
CH0742,Take Me As I Am,Mary J. Blige,0,excluded_legacy_weekly_class,,2006-10-07,2007-02-10,17,
CH0743,Listen,Beyonce,0,excluded_legacy_weekly_class,,2007-01-06,2007-03-24,12,
CH0744,Ring The Alarm,Beyonce,0,excluded_legacy_weekly_class,,2006-09-23,2007-01-13,14,
CH0745,Me And My Gang,Rascal Flatts,0,excluded_legacy_weekly_class,,2006-05-27,2006-09-09,16,
CH0746,Don't Forget To Remember Me,Carrie Underwood,0,excluded_legacy_weekly_class,,2006-05-06,2006-08-26,17,
CH0747,Crash,Gwen Stefani,0,excluded_legacy_weekly_class,,2006-02-11,2006-04-01,8,
CH0748,Luxurious,Gwen Stefani,0,excluded_legacy_weekly_class,,2005-11-05,2006-03-18,20,
CH0749,If It's Lovin' That You Want,Rihanna,0,excluded_legacy_weekly_class,,2005-10-22,2006-03-04,20,
CH0750,Unbreakable,Alicia Keys,0,excluded_legacy_weekly_class,,2005-10-01,2006-02-04,19,
CH0751,Skin (Sarabeth),Rascal Flatts,0,excluded_legacy_weekly_class,,2005-09-24,2006-01-21,17,
