model,cv_balanced_accuracy,cv_std,fit_seconds,test_accuracy,test_balanced_accuracy,test_precision,test_recall,test_f1,test_roc_auc,selected
Majority baseline,0.5,0.0,0.12,0.5064935064935064,0.5,0.0,0.0,0.0,0.5,False
Logistic regression,0.522935377120034,0.03977619665889733,0.62,0.525974025974026,0.525472334682861,0.5211267605633803,0.4868421052631579,0.5034013605442177,0.5463900134952767,False
LDA,0.5280733274370576,0.028765316892439836,0.61,0.525974025974026,0.5259784075573549,0.5194805194805194,0.5263157894736842,0.5228758169934641,0.5253036437246964,False
Linear SVM,0.49568438441766266,0.034588691087666996,2.88,0.551948051948052,0.5516194331983806,0.547945205479452,0.5263157894736842,0.5369127516778524,0.5588731443994601,False
RBF SVM,0.5282829684402887,0.03623441502351204,1.52,0.5064935064935064,0.5052294197031039,0.5,0.40789473684210525,0.4492753623188406,0.5328947368421053,False
Polynomial SVM,0.5363136466142182,0.026112092607932104,0.73,0.4675324675324675,0.46626180836707154,0.45161290322580644,0.3684210526315789,0.4057971014492754,0.45563427800269907,True
Random forest,0.53319681875248,0.05278589589315982,9.67,0.525974025974026,0.5244601889338731,0.5254237288135594,0.40789473684210525,0.45925925925925926,0.5474021592442645,False
Gradient boosting,0.5181602420377046,0.052620529932793265,25.87,0.5324675324675324,0.5300269905533064,0.5416666666666666,0.34210526315789475,0.41935483870967744,0.5318825910931174,False
Neural network,0.4987105256769101,0.02241517386594827,2.83,0.525974025974026,0.5268218623481782,0.5172413793103449,0.5921052631578947,0.5521472392638037,0.5143387314439947,False
