seed,fold,track_id,label,prediction,score
100,0,CH0016,1,1,1.0793658911562451
100,0,CH0026,1,1,0.6408488329462566
100,0,CH0043,1,1,0.7125973738465328
100,0,CH0049,1,1,1.142796775555977
100,0,CH0060,1,1,1.2139331317161468
100,0,CH0079,1,1,0.2560854825738152
100,0,CH0080,1,0,-1.932225622206694
100,0,CH0087,1,0,-0.768861341420188
100,0,CH0105,1,1,0.876000216853186
100,0,CH0107,1,0,-0.8044722384411062
100,0,CH0109,1,0,-2.0317634439356667
100,0,CH0141,1,1,1.2086546508554052
100,0,CH0148,1,1,0.30716424715832064
100,0,CH0149,1,1,0.7154886209666327
100,0,CH0151,1,1,0.5476833501249369
100,0,CH0155,1,1,0.7268871200119105
100,0,CH0157,1,1,0.0949064510962782
100,0,CH0170,1,0,-0.37470439389237337
100,0,CH0173,1,0,-0.12064196384200666
100,0,CH0180,1,0,-1.5618561489200586
100,0,CH0183,1,1,0.6103073755282339
100,0,CH0187,1,0,-0.6727514439794805
100,0,CH0189,1,1,0.5330535598205582
100,0,CH0191,1,1,1.2525189128753746
100,0,CH0196,1,1,2.0355964395948396
100,0,CH0210,1,1,1.047211783036684
100,0,CH0246,1,1,1.4892798643967171
100,0,CH0259,1,0,-1.1084848806099947
100,0,CH0260,1,1,1.0072939004845207
100,0,CH0263,1,1,0.3695839101407836
100,0,CH0270,1,1,0.5623238626586513
100,0,CH0273,1,1,0.5074973580561446
100,0,CH0276,1,0,-0.17618138803919864
100,0,CH0292,1,1,0.6020464236682228
100,0,CH0297,1,0,-0.06077610967473236
100,0,CH0298,1,1,0.7985161217334998
100,0,CH0300,1,1,0.964564324256653
100,0,CH0315,1,0,-0.5025527098493185
100,0,CH0318,1,1,0.40223242548307997
100,0,CH0324,1,1,0.860294037593693
100,0,CH0329,1,1,0.21616642718304474
100,0,CH0330,1,1,0.5387247851484617
100,0,CH0332,1,1,0.332354734204509
100,0,CH0334,1,1,0.49081700676430867
100,0,CH0337,1,1,0.21023944638820002
100,0,CH0338,1,0,-0.07219408064308029
100,0,CH0339,1,1,0.6567196332893794
100,0,CH0341,1,1,2.5308657042659224
100,0,CH0346,1,1,0.7524652370111246
100,0,CH0347,1,1,0.7049714018510886
100,0,CH0348,1,1,0.7943498759534696
100,0,CH0354,1,1,0.685444472416647
100,0,CH0358,1,1,0.42043616499048825
100,0,CH0360,1,1,0.6918496379285354
100,0,CH0362,1,1,0.38302716375789875
100,0,CH0368,0,0,-0.627775831641927
100,0,CH0385,0,1,0.4374645433910791
100,0,CH0388,0,1,0.916653048498507
100,0,CH0412,0,1,0.16430001355267249
100,0,CH0414,0,1,1.9372379332862775
100,0,CH0455,0,1,0.9335851829324306
100,0,CH0456,0,1,0.8322598508305286
100,0,CH0463,0,1,1.327682946423198
100,0,CH0464,0,0,-0.30722552188438984
100,0,CH0497,0,0,-1.4302463726164352
100,0,CH0501,0,1,1.60474328788284
100,0,CH0503,0,0,-0.2963888243955236
100,0,CH0508,0,1,0.614936436163877
100,0,CH0533,0,0,-0.48626551224186537
100,0,CH0534,0,1,0.5726592098665777
100,0,CH0543,0,1,1.1526512245990161
100,0,CH0560,0,0,-1.3435946762943523
100,0,CH0586,0,1,1.2931827062053411
100,0,CH0592,0,1,1.632157614828363
100,0,CH0598,0,0,-1.532558725867777
100,0,CH0607,0,0,-0.2649212321541778
100,0,CH0613,0,0,-1.197388531603738
100,0,CH0617,0,0,-0.12720163945705487
100,0,CH0624,0,1,1.0973706176942117
100,0,CH0626,0,1,0.09668090366359432
100,0,CH0629,0,0,-0.04311916686765689
100,0,CH0630,0,1,0.11530649654678331
100,0,CH0631,0,1,0.47115397347144256
100,0,CH0635,0,1,1.043317477919255
100,0,CH0640,0,1,0.8653256038494535
100,0,CH0641,0,1,1.1659497011135687
100,0,CH0646,0,1,0.7933429617034581
100,0,CH0648,0,1,1.0722407391391091
100,0,CH0651,0,1,2.6584047870305296
100,0,CH0652,0,1,0.29951091729157825
100,0,CH0657,0,1,0.3061655045135618
100,0,CH0658,0,1,0.9845859258279809
100,0,CH0662,0,1,0.8114209818149396
100,0,CH0669,0,1,0.418305917924409
100,0,CH0670,0,1,1.0173618475690847
100,0,CH0672,0,1,0.5982610046560276
100,0,CH0678,0,0,-0.5996790351321374
100,0,CH0686,0,0,-0.8971058903151619
100,0,CH0688,0,1,2.4101324890515077
100,0,CH0690,0,0,-0.9899929314694333
100,0,CH0692,0,0,-0.29233431128724
100,0,CH0697,0,1,1.2165020169039147
100,0,CH0700,0,1,1.182730012498709
100,0,CH0703,0,0,-0.7099180276798046
100,0,CH0704,0,0,-0.23441076080528606
100,0,CH0707,0,0,-0.1856418584211435
100,0,CH0715,0,1,0.4848775561104423
100,0,CH0717,0,1,0.45036675236529317
100,0,CH0719,0,1,0.42479949079450124
100,0,CH0720,0,0,-0.6670162710817322
100,0,CH0724,0,1,1.0845361214093971
100,0,CH0728,0,0,-0.30599708154434496
100,0,CH0737,0,1,0.24346418505438902
100,0,CH0739,0,1,0.10525711106396506
100,0,CH0740,0,0,-0.008096621432453207
100,0,CH0745,0,1,0.26168202892377906
100,0,CH0751,0,0,-1.5346326196800348
100,1,CH0002,1,1,0.6702377782364851
100,1,CH0003,1,0,-0.11706523707517777
100,1,CH0006,1,1,0.1699876208376965
100,1,CH0013,1,0,-0.2711502434425704
100,1,CH0024,1,0,-1.0711238503285552
100,1,CH0041,1,1,0.9884707329011254
100,1,CH0046,1,0,-0.8483194275227063
100,1,CH0050,1,1,0.3073118433292476
100,1,CH0053,1,1,0.434666300331375
100,1,CH0057,1,0,-0.8710566121887005
100,1,CH0062,1,1,0.07952348740059959
100,1,CH0070,1,0,-0.7223183653128292
100,1,CH0082,1,0,-0.10123742455821677
100,1,CH0137,1,1,0.3847197173296686
100,1,CH0139,1,0,-0.3504687868368963
100,1,CH0143,1,0,-1.555412037669298
100,1,CH0144,1,1,0.17927636697528357
100,1,CH0174,1,1,0.6146455030891779
100,1,CH0175,1,0,-0.17368672245883113
100,1,CH0177,1,0,-0.14810805642488808
100,1,CH0193,1,0,-1.3864795147285327
100,1,CH0200,1,1,0.9900629266662281
100,1,CH0205,1,1,0.9012436033017064
100,1,CH0209,1,1,2.556956294590849
100,1,CH0212,1,0,-0.9548659944349842
100,1,CH0214,1,1,0.11549746825693044
100,1,CH0216,1,1,0.002469297650655424
100,1,CH0221,1,1,0.2568640859375285
100,1,CH0223,1,0,-0.2687487132150558
100,1,CH0227,1,1,1.0746107564282463
100,1,CH0236,1,1,1.5085976836608264
100,1,CH0237,1,1,1.1154069355743823
100,1,CH0240,1,1,0.2922791276715956
100,1,CH0244,1,1,1.5841148612895046
100,1,CH0247,1,0,-0.11762517776229961
100,1,CH0251,1,0,-0.06548479661213924
100,1,CH0252,1,1,0.7331278323906085
100,1,CH0256,1,1,0.06365095891632735
100,1,CH0261,1,1,0.313374269438008
100,1,CH0282,1,1,0.19554686434238414
100,1,CH0285,1,1,0.351848738951485
100,1,CH0288,1,0,-1.0180769564874963
100,1,CH0294,1,1,0.9962339559996501
100,1,CH0296,1,1,0.4388842334916031
100,1,CH0307,1,0,-0.44711654414424706
100,1,CH0308,1,1,0.4995880708343422
100,1,CH0310,1,1,1.0471844422410426
100,1,CH0312,1,1,0.44574445331385193
100,1,CH0313,1,0,-0.2841956274377848
100,1,CH0320,1,1,0.3353402966444657
100,1,CH0321,1,0,-0.4824214544877161
100,1,CH0328,1,1,0.0825851035427369
100,1,CH0331,1,1,1.2213049642332139
100,1,CH0340,1,1,1.432677740044904
100,1,CH0342,1,0,-1.183650581426036
100,1,CH0350,1,1,0.5645407333107398
100,1,CH0351,1,1,0.19400547793246603
100,1,CH0353,1,1,0.4235946221491841
100,1,CH0356,1,0,-0.6647057126159875
100,1,CH0359,1,1,0.5488277145155004
100,1,CH0363,1,0,-0.3261049063822123
100,1,CH0365,1,1,0.6018488129472441
100,1,CH0383,0,0,-0.67093157669059
100,1,CH0390,0,0,-0.910358136158161
100,1,CH0392,0,0,-0.7992817718853494
100,1,CH0396,0,0,-0.6231517779350613
100,1,CH0397,0,1,0.13344501433444747
100,1,CH0400,0,1,0.6296496626526535
100,1,CH0428,0,0,-0.0962403857184885
100,1,CH0429,0,0,-0.6561583417970768
100,1,CH0430,0,0,-0.022504869275900095
100,1,CH0432,0,0,-1.6029988493126899
100,1,CH0433,0,0,-0.7028971542559633
100,1,CH0434,0,0,-1.3998644434274823
100,1,CH0436,0,0,-1.6529703720393782
100,1,CH0437,0,0,-0.32125260135761297
100,1,CH0438,0,0,-0.5788044415674877
100,1,CH0439,0,0,-0.6612368367108411
100,1,CH0440,0,0,-0.9142357534523556
100,1,CH0452,0,1,0.1031025232300268
100,1,CH0454,0,0,-0.17851861416624457
100,1,CH0458,0,0,-0.7546360913522212
100,1,CH0462,0,1,0.7574254549490628
100,1,CH0465,0,0,-0.0669418142265725
100,1,CH0472,0,0,-0.7888781533072705
100,1,CH0473,0,1,0.8331616331168278
100,1,CH0474,0,0,-0.14307150314012249
100,1,CH0476,0,0,-0.6668857419617861
100,1,CH0482,0,0,-0.3999737101214294
100,1,CH0485,0,1,0.5324322740220518
100,1,CH0494,0,1,0.9946837681669122
100,1,CH0496,0,1,0.5757865966895269
100,1,CH0504,0,0,-0.08009766827429385
100,1,CH0505,0,1,0.1357662055901149
100,1,CH0510,0,0,-0.07699427080754404
100,1,CH0525,0,0,-0.5697189855856397
100,1,CH0529,0,1,0.7864387560847911
100,1,CH0550,0,0,-1.6302891297244926
100,1,CH0575,0,0,-0.37194891863768564
100,1,CH0580,0,0,-0.418463573300388
100,1,CH0587,0,1,0.8922413370913839
100,1,CH0589,0,0,-0.44895253349348996
100,1,CH0609,0,1,0.11831669643812129
100,1,CH0610,0,1,1.056422398332523
100,1,CH0615,0,0,-0.08842921414369279
100,1,CH0621,0,1,0.3631356643868635
100,1,CH0636,0,0,-0.2531765981992053
100,1,CH0650,0,1,1.2953491190672077
100,1,CH0654,0,0,-0.2418210972237763
100,1,CH0660,0,0,-0.49689456922675024
100,1,CH0661,0,0,-0.451453265364135
100,1,CH0664,0,1,0.06290911917052414
100,1,CH0671,0,0,-0.3194275751826199
100,1,CH0680,0,0,-0.010457314440361107
100,1,CH0694,0,1,0.5378134180149977
100,1,CH0705,0,1,1.2888316273009766
100,1,CH0706,0,0,-0.7129840427434292
100,1,CH0708,0,0,-1.071473688886908
100,1,CH0712,0,0,-1.0006670199575953
100,1,CH0713,0,1,0.0979149275266484
100,1,CH0718,0,0,-0.687000064385821
100,1,CH0721,0,1,0.19424035251409674
100,1,CH0726,0,0,-0.5114340778561778
100,1,CH0730,0,1,0.8870601465448799
100,1,CH0731,0,0,-0.38875249728929157
100,1,CH0738,0,1,0.24874560216295036
100,2,CH0009,1,0,-1.5089529292004085
100,2,CH0017,1,0,-0.7404710774796349
100,2,CH0020,1,0,-0.9042013670217218
100,2,CH0031,1,1,0.5141082766995511
100,2,CH0035,1,1,0.7502019349100661
100,2,CH0037,1,0,-0.741523292094442
100,2,CH0045,1,1,0.27558957910782245
100,2,CH0048,1,0,-1.4142947439420468
100,2,CH0052,1,1,0.1457111348730152
100,2,CH0055,1,1,0.3908986444016011
100,2,CH0061,1,1,0.8148252675100539
100,2,CH0064,1,1,0.5615579563796488
100,2,CH0075,1,0,-0.34036443366433067
100,2,CH0076,1,0,-0.7973402835482187
100,2,CH0078,1,0,-1.7634292138582233
100,2,CH0081,1,1,3.0436243720536473
100,2,CH0090,1,1,0.8075111438454697
100,2,CH0094,1,0,-2.2992172722302304
100,2,CH0095,1,0,-0.9892931501298342
100,2,CH0096,1,0,-0.1793007461860283
100,2,CH0097,1,1,0.08449433355164801
100,2,CH0098,1,1,0.05056236108997038
100,2,CH0101,1,0,-0.2494209050536668
100,2,CH0112,1,1,0.8774564240662015
100,2,CH0113,1,1,0.03794995948644285
100,2,CH0119,1,0,-0.9941519565905437
100,2,CH0120,1,1,1.4013612011565861
100,2,CH0128,1,1,0.9036096691266075
100,2,CH0133,1,1,0.05504871906607971
100,2,CH0136,1,0,-0.7886791229775448
100,2,CH0140,1,0,-0.1486255123586801
100,2,CH0152,1,0,-0.34813471230727716
100,2,CH0154,1,0,-0.33361919563377274
100,2,CH0163,1,1,0.94544867937537
100,2,CH0168,1,1,0.3411833182222085
100,2,CH0176,1,1,0.24753014600393788
100,2,CH0181,1,0,-3.0268721907765457
100,2,CH0182,1,1,0.8994750939931918
100,2,CH0190,1,1,0.890242896384953
100,2,CH0207,1,0,-0.6929558089311386
100,2,CH0208,1,1,1.727632938550943
100,2,CH0219,1,0,-1.159194612749482
100,2,CH0224,1,1,1.7189738612620198
100,2,CH0228,1,1,1.5806345509117403
100,2,CH0232,1,1,1.2825436190398647
100,2,CH0233,1,1,0.7061126513880929
100,2,CH0243,1,0,-1.442933651738713
100,2,CH0269,1,0,-2.113433687075574
100,2,CH0295,1,1,0.25512538967112036
100,2,CH0303,1,0,-0.24904033103940496
100,2,CH0305,1,1,1.5093356012449175
100,2,CH0316,1,1,0.4858487179758715
100,2,CH0319,1,1,1.102198474201875
100,2,CH0327,1,1,1.306205178741228
100,2,CH0344,1,1,1.4864000590026922
100,2,CH0357,1,0,-1.2114431999728967
100,2,CH0375,0,0,-0.047481029210544104
100,2,CH0379,0,0,-0.6662089100317797
100,2,CH0387,0,1,1.3426992908603674
100,2,CH0389,0,1,1.2661018173606826
100,2,CH0394,0,0,-0.30808639573418606
100,2,CH0395,0,1,0.7202937428592937
100,2,CH0398,0,0,-1.7332794872403832
100,2,CH0401,0,0,-1.50527122861911
100,2,CH0402,0,0,-0.4172826718803627
100,2,CH0403,0,0,-0.7754198740647787
100,2,CH0405,0,1,0.19367331196160487
100,2,CH0410,0,0,-1.6401608834813202
100,2,CH0457,0,0,-0.3848933316935912
100,2,CH0469,0,0,-0.06405873197606195
100,2,CH0477,0,0,-0.07782432220462461
100,2,CH0478,0,1,0.0979961779727002
100,2,CH0479,0,1,1.4171091454406324
100,2,CH0481,0,1,0.23714153928658707
100,2,CH0492,0,1,1.4514895199627293
100,2,CH0495,0,0,-0.28586298416462264
100,2,CH0500,0,1,0.9740179372591903
100,2,CH0502,0,0,-0.44083940096997354
100,2,CH0506,0,0,-1.4856101583898307
100,2,CH0507,0,0,-0.4194842425729509
100,2,CH0509,0,1,0.5190796423968972
100,2,CH0536,0,0,-1.1832712332321007
100,2,CH0538,0,1,0.4384814262700055
100,2,CH0541,0,0,-2.2524517302166362
100,2,CH0542,0,1,0.26116873012278197
100,2,CH0546,0,0,-2.6269831034829427
100,2,CH0547,0,0,-0.9180803140734645
100,2,CH0548,0,0,-0.9745823998846365
100,2,CH0549,0,0,-0.5182105149001925
100,2,CH0551,0,0,-0.4053253296621943
100,2,CH0554,0,0,-0.7427619720569151
100,2,CH0558,0,0,-0.48147425836240326
100,2,CH0567,0,1,1.3944678650719762
100,2,CH0579,0,1,3.2051526258563503
100,2,CH0584,0,1,0.7629318022422371
100,2,CH0585,0,0,-1.6155584879296625
100,2,CH0588,0,0,-1.1887341118814767
100,2,CH0593,0,0,-0.9377634730444553
100,2,CH0603,0,0,-0.06724175972870734
100,2,CH0633,0,0,-0.5158702656275701
100,2,CH0637,0,1,0.7389404188391699
100,2,CH0659,0,1,2.0042987583299783
100,2,CH0666,0,1,1.402286513864889
100,2,CH0676,0,0,-0.6094399487684719
100,2,CH0677,0,1,0.4224249388588385
100,2,CH0681,0,1,1.297075225222526
100,2,CH0683,0,0,-0.9773743918779271
100,2,CH0685,0,0,-0.009410847570750964
100,2,CH0693,0,1,0.49745660673076053
100,2,CH0699,0,0,-0.22504753730724195
100,2,CH0702,0,0,-0.29823541902486156
100,2,CH0711,0,1,0.8929175029936854
100,2,CH0729,0,0,-0.7955395878641929
100,2,CH0732,0,1,0.08891798550316436
100,2,CH0747,0,0,-1.2925611122734408
100,2,CH0748,0,0,-1.2938625741627803
100,3,CH0005,1,1,0.10355584144462433
100,3,CH0014,1,0,-0.2525775973618771
100,3,CH0015,1,1,0.10601231469555418
100,3,CH0018,1,0,-1.6598718076215038
100,3,CH0019,1,0,-0.10813837996520807
100,3,CH0027,1,0,-0.6844524016120888
100,3,CH0032,1,1,1.076120819398031
100,3,CH0034,1,0,-0.15033154437750212
100,3,CH0039,1,1,0.8151901222070359
100,3,CH0040,1,0,-0.3262816488409637
100,3,CH0042,1,0,-3.0404610140224446
100,3,CH0068,1,1,0.6731585421281391
100,3,CH0069,1,1,0.515896482523309
100,3,CH0071,1,0,-0.8954788137321121
100,3,CH0073,1,0,-0.18136318510242927
100,3,CH0074,1,1,0.9393084696109115
100,3,CH0085,1,0,-0.26676926365834
100,3,CH0093,1,1,0.5087036445637281
100,3,CH0099,1,0,-1.7502902978160597
100,3,CH0104,1,1,1.796332676933457
100,3,CH0110,1,0,-1.3565242856602875
100,3,CH0111,1,1,1.5903258279043915
100,3,CH0114,1,1,0.04782922327383661
100,3,CH0116,1,0,-0.49762936460809465
100,3,CH0122,1,0,-0.7073926126181931
100,3,CH0126,1,1,0.23820737978170253
100,3,CH0127,1,0,-0.8413016660965216
100,3,CH0130,1,0,-1.1096926633310964
100,3,CH0132,1,1,0.7707485787839343
100,3,CH0142,1,1,0.6203609093406653
100,3,CH0161,1,0,-0.6641618494144454
100,3,CH0165,1,1,0.3092308568036613
100,3,CH0166,1,0,-0.23184066987509688
100,3,CH0169,1,1,1.5956423448607577
100,3,CH0179,1,1,0.3042974785584485
100,3,CH0186,1,0,-1.5449594234474746
100,3,CH0192,1,1,0.2318997521952361
100,3,CH0197,1,1,0.7777782582314733
100,3,CH0199,1,1,0.23029802795142612
100,3,CH0202,1,1,0.4373594970264651
100,3,CH0203,1,1,0.15896483779054063
100,3,CH0211,1,0,-1.1580153541209222
100,3,CH0213,1,0,-1.6467807040789733
100,3,CH0215,1,1,0.10967633190555189
100,3,CH0218,1,0,-1.302547977727338
100,3,CH0229,1,1,0.2857780969268898
100,3,CH0231,1,0,-0.5150067730236345
100,3,CH0249,1,1,0.5634755160933923
100,3,CH0257,1,1,0.9250999502794671
100,3,CH0262,1,0,-0.34945724519504523
100,3,CH0280,1,1,0.19619536976644608
100,3,CH0286,1,1,1.0330865582273874
100,3,CH0290,1,0,-0.212404627282501
100,3,CH0293,1,1,0.15508407389929937
100,3,CH0336,1,0,-1.28769337202169
100,3,CH0343,1,0,-0.3108842600121284
100,3,CH0366,1,0,-0.2961085456607401
100,3,CH0367,0,1,0.8035262695443945
100,3,CH0369,0,1,0.7831363103314843
100,3,CH0371,0,0,-0.48897994800976
100,3,CH0372,0,0,-1.6592145953574935
100,3,CH0373,0,0,-0.5944634558888653
100,3,CH0374,0,0,-0.2343160093037186
100,3,CH0376,0,1,0.8472245861108705
100,3,CH0378,0,1,0.5322890974052592
100,3,CH0380,0,0,-1.9513593986166025
100,3,CH0381,0,0,-1.1048467810636624
100,3,CH0382,0,1,0.07151790692121525
100,3,CH0386,0,0,-0.28716383909132376
100,3,CH0391,0,0,-1.9568352983606103
100,3,CH0393,0,0,-0.32239524820941196
100,3,CH0416,0,0,-0.5188620423657289
100,3,CH0417,0,0,-0.580049675606628
100,3,CH0418,0,1,0.4326989890956534
100,3,CH0422,0,0,-0.0011888224102536878
100,3,CH0423,0,1,0.7677674575983343
100,3,CH0424,0,0,-0.543970970907798
100,3,CH0459,0,0,-0.1607646458532226
100,3,CH0470,0,0,-0.6567583128746362
100,3,CH0484,0,0,-0.00045048656560610703
100,3,CH0490,0,0,-0.7340268261443635
100,3,CH0491,0,0,-0.6741360098171141
100,3,CH0493,0,0,-1.4533365987412958
100,3,CH0498,0,0,-0.3194975332270629
100,3,CH0512,0,0,-0.04263380420877487
100,3,CH0514,0,1,0.8146925842726729
100,3,CH0530,0,0,-0.41502218899717597
100,3,CH0531,0,1,0.5787282696077132
100,3,CH0544,0,1,0.6090145632056868
100,3,CH0552,0,0,-2.217645505573758
100,3,CH0553,0,0,-0.11136975585075208
100,3,CH0555,0,1,0.436353900994022
100,3,CH0557,0,1,0.22266050612810268
100,3,CH0559,0,0,-0.7342092063161045
100,3,CH0564,0,0,-0.11004670308720065
100,3,CH0566,0,1,0.26981767573554893
100,3,CH0568,0,1,1.5049916923162112
100,3,CH0569,0,0,-0.5314578190087546
100,3,CH0570,0,1,0.7392488425246483
100,3,CH0571,0,1,0.07137222377566575
100,3,CH0572,0,1,0.8750055333145441
100,3,CH0576,0,1,0.14924605157735255
100,3,CH0578,0,1,0.7219620423823694
100,3,CH0581,0,0,-0.6116297050465511
100,3,CH0591,0,0,-1.3567119198726225
100,3,CH0597,0,1,0.5757670462342472
100,3,CH0600,0,0,-0.1489893277318191
100,3,CH0601,0,0,-0.5350827195587594
100,3,CH0604,0,0,-1.1396784307843788
100,3,CH0612,0,1,0.3418603155785916
100,3,CH0616,0,0,-0.4771360491014028
100,3,CH0619,0,0,-0.8830233165720626
100,3,CH0622,0,0,-0.0036329900716789328
100,3,CH0623,0,1,0.5384389653180384
100,3,CH0628,0,0,-0.38362596433757545
100,3,CH0642,0,0,-0.7705005337158668
100,3,CH0644,0,0,-2.5927121753832902
100,3,CH0649,0,0,-0.8803103664803671
100,3,CH0663,0,1,0.7997506179571094
100,3,CH0682,0,1,0.020288645907389612
100,4,CH0001,1,0,-0.48703105294546695
100,4,CH0008,1,0,-0.03188871302725819
100,4,CH0022,1,1,0.3644867923440124
100,4,CH0030,1,0,-0.04928744667753588
100,4,CH0072,1,0,-0.3473193273633405
100,4,CH0091,1,1,0.8823910352749821
100,4,CH0092,1,0,-1.560081594537412
100,4,CH0100,1,1,0.2016124202748405
100,4,CH0103,1,0,-0.7157470720356829
100,4,CH0106,1,1,0.4099178145101039
100,4,CH0121,1,0,-0.8873789263609757
100,4,CH0123,1,1,0.09402228199588501
100,4,CH0124,1,0,-0.3184873251871144
100,4,CH0129,1,0,-1.3397275085087161
100,4,CH0135,1,0,-1.0330330496881797
100,4,CH0138,1,0,-0.17640140742665555
100,4,CH0145,1,1,1.2248610095531491
100,4,CH0146,1,0,-0.2939192179535901
100,4,CH0150,1,1,0.3222925731811136
100,4,CH0156,1,1,0.40007332023148345
100,4,CH0158,1,1,0.2872669931717047
100,4,CH0160,1,0,-1.228087522321547
100,4,CH0164,1,0,-1.2576154422632588
100,4,CH0167,1,1,0.3345120552049837
100,4,CH0171,1,1,0.4490281452761622
100,4,CH0178,1,0,-0.21799902341547134
100,4,CH0185,1,0,-0.18113898443431975
100,4,CH0195,1,1,0.6724675589093291
100,4,CH0198,1,0,-1.2526679739000708
100,4,CH0201,1,1,0.4289537633193522
100,4,CH0206,1,1,1.3711990682440707
100,4,CH0220,1,0,-0.2472614174831208
100,4,CH0222,1,1,0.6052994569695171
100,4,CH0225,1,0,-0.2631067011486283
100,4,CH0226,1,1,0.6127604228526367
100,4,CH0234,1,1,0.027906495339907512
100,4,CH0238,1,1,0.4390819043374443
100,4,CH0239,1,1,1.5832434167110143
100,4,CH0242,1,1,0.9985111108309837
100,4,CH0248,1,0,-1.031653570962846
100,4,CH0250,1,1,1.0158693582400455
100,4,CH0254,1,1,0.66910860207569
100,4,CH0265,1,0,-0.0032212050991571413
100,4,CH0267,1,1,1.28132303074915
100,4,CH0271,1,1,1.0359408144744646
100,4,CH0277,1,1,0.5256263050975394
100,4,CH0281,1,0,-0.1874717911608848
100,4,CH0283,1,1,0.1695282382285639
100,4,CH0287,1,1,0.7405275783046611
100,4,CH0291,1,1,0.6740761497735087
100,4,CH0299,1,0,-0.06295638497027407
100,4,CH0301,1,1,1.2917336328628997
100,4,CH0302,1,1,0.034484458009642165
100,4,CH0309,1,0,-1.4860436858320119
100,4,CH0311,1,1,1.1108982124068045
100,4,CH0322,1,1,1.2678335904306333
100,4,CH0325,1,1,0.8779972797220608
100,4,CH0345,1,1,0.3199939278176974
100,4,CH0352,1,1,1.0084956996537866
100,4,CH0355,1,1,0.8658170347990701
100,4,CH0370,0,0,-0.7750231965295145
100,4,CH0408,0,1,0.36248793249666916
100,4,CH0441,0,0,-0.34925258483035176
100,4,CH0442,0,0,-3.5751586509938815
100,4,CH0443,0,1,0.20450324557464813
100,4,CH0444,0,0,-2.5849300580136574
100,4,CH0445,0,0,-0.06918176284319351
100,4,CH0447,0,0,-0.8067800782387113
100,4,CH0448,0,0,-1.650681392880977
100,4,CH0449,0,0,-0.6451913695358789
100,4,CH0450,0,1,0.24963834399770835
100,4,CH0451,0,0,-0.678178599501948
100,4,CH0466,0,1,0.5905791114774822
100,4,CH0468,0,0,-1.344891826784209
100,4,CH0487,0,1,0.6367677492730531
100,4,CH0513,0,1,1.230490279812145
100,4,CH0516,0,1,0.45158763994839823
100,4,CH0517,0,0,-0.3137505711820482
100,4,CH0518,0,0,-0.46184075345664843
100,4,CH0519,0,1,1.0313817470430402
100,4,CH0520,0,0,-0.912762364701061
100,4,CH0522,0,1,1.0717338573494921
100,4,CH0524,0,0,-0.178745363313545
100,4,CH0535,0,1,0.027620985896711737
100,4,CH0561,0,0,-0.590262501378356
100,4,CH0562,0,1,1.7300933018359357
100,4,CH0565,0,0,-1.2754649837826615
100,4,CH0573,0,1,0.7999167600835108
100,4,CH0577,0,0,-1.8380881731143919
100,4,CH0582,0,1,0.04626218828994832
100,4,CH0583,0,0,-0.8173668406412933
100,4,CH0590,0,0,-0.5644921417384847
100,4,CH0595,0,1,0.5188810552173944
100,4,CH0596,0,1,0.23812482270834356
100,4,CH0602,0,0,-0.3249296223351024
100,4,CH0605,0,0,-0.38744663969832716
100,4,CH0608,0,1,2.0889801043425096
100,4,CH0614,0,1,1.7646981585913644
100,4,CH0618,0,1,0.7413416741867621
100,4,CH0620,0,0,-1.1041175842887598
100,4,CH0625,0,0,-0.1586491429135518
100,4,CH0627,0,1,0.1619656377378581
100,4,CH0638,0,1,0.629866161222362
100,4,CH0639,0,1,0.7392259903427231
100,4,CH0643,0,0,-0.001958594897863218
100,4,CH0645,0,0,-1.8020818043002307
100,4,CH0647,0,1,1.080335462530129
100,4,CH0653,0,1,1.284158521808806
100,4,CH0655,0,1,0.12428856776025952
100,4,CH0674,0,1,0.1861206566477318
100,4,CH0687,0,1,0.3337173985364651
100,4,CH0698,0,0,-2.096716993257836
100,4,CH0716,0,1,0.48261334720695515
100,4,CH0722,0,0,-0.22589263295921191
100,4,CH0733,0,1,0.966250848964925
100,4,CH0743,0,1,0.7312264124589197
100,4,CH0744,0,0,-0.10328161016630195
100,4,CH0749,0,1,0.7058086160640303
101,0,CH0005,1,0,-0.28246478788841667
101,0,CH0009,1,0,-1.005170497084333
101,0,CH0014,1,0,-0.303090470319184
101,0,CH0017,1,0,-0.7599115347519392
101,0,CH0019,1,1,0.03231381750772265
101,0,CH0026,1,1,1.443409524686072
101,0,CH0032,1,1,2.3007367819658646
101,0,CH0035,1,0,-0.06605860844869345
101,0,CH0045,1,1,0.6383397815868606
101,0,CH0048,1,0,-0.08329523443286292
101,0,CH0052,1,0,-0.5219604974968227
101,0,CH0061,1,1,1.4141949194999819
101,0,CH0064,1,1,0.2686698986359698
101,0,CH0071,1,0,-0.7148884307337704
101,0,CH0073,1,0,-0.15494147846163064
101,0,CH0074,1,1,0.6719936067862227
101,0,CH0085,1,0,-0.3311932567884084
101,0,CH0087,1,0,-0.3794095547578785
101,0,CH0093,1,0,-0.3024976017670058
101,0,CH0096,1,1,0.5288942667200094
101,0,CH0104,1,1,0.9547323614746334
101,0,CH0111,1,1,1.8172633348789595
101,0,CH0112,1,1,0.9816288113401623
101,0,CH0113,1,1,0.2482494786575995
101,0,CH0126,1,1,0.0484761872720441
101,0,CH0132,1,1,1.9357242857617531
101,0,CH0140,1,1,0.040509198652873196
101,0,CH0148,1,1,0.5371746539604692
101,0,CH0157,1,0,-0.3528319816198562
101,0,CH0166,1,0,-0.3232766374953321
101,0,CH0170,1,0,-0.12747508193690543
101,0,CH0179,1,0,-0.4721190447278887
101,0,CH0186,1,0,-2.9550306262243873
101,0,CH0187,1,0,-1.8793450985308715
101,0,CH0189,1,1,0.7613230381504215
101,0,CH0191,1,1,1.0910627214010205
101,0,CH0193,1,0,-1.6413475853389798
101,0,CH0200,1,1,0.7640798730093905
101,0,CH0232,1,1,0.9518463130858039
101,0,CH0236,1,1,1.2988586704972431
101,0,CH0237,1,1,2.147727418216981
101,0,CH0249,1,1,0.8278127946966259
101,0,CH0252,1,1,0.31063955474675636
101,0,CH0256,1,1,0.41729150652901303
101,0,CH0257,1,1,0.5695990405310638
101,0,CH0261,1,1,0.3637051539760776
101,0,CH0262,1,0,-0.8290486040202882
101,0,CH0263,1,1,0.149413167619256
101,0,CH0280,1,1,0.2778668060045746
101,0,CH0288,1,0,-0.6282175252408184
101,0,CH0296,1,1,0.43729488204415323
101,0,CH0312,1,1,0.5537146778388586
101,0,CH0316,1,1,0.48950402258832315
101,0,CH0329,1,1,0.07408221347021969
101,0,CH0340,1,1,1.350539141571412
101,0,CH0351,1,1,0.0027020961630298407
101,0,CH0354,1,1,0.318348999628345
101,0,CH0359,1,1,1.1590298617254016
101,0,CH0360,1,1,0.10338234343461282
101,0,CH0365,1,1,0.5719538578718077
101,0,CH0379,0,1,0.0003178703983354042
101,0,CH0387,0,1,1.708663598519414
101,0,CH0389,0,0,-0.015272766585331402
101,0,CH0391,0,0,-1.0170903072773392
101,0,CH0416,0,0,-1.0301932165754957
101,0,CH0417,0,0,-0.26717702369880136
101,0,CH0418,0,1,0.23955051908800562
101,0,CH0422,0,0,-0.3369922642214474
101,0,CH0423,0,1,0.5365597656495509
101,0,CH0424,0,0,-1.0558605060332888
101,0,CH0477,0,1,0.9355181153816268
101,0,CH0478,0,0,-0.25532933513775147
101,0,CH0484,0,0,-0.24181373673736362
101,0,CH0490,0,0,-0.906283675606548
101,0,CH0491,0,0,-0.29742013021063735
101,0,CH0500,0,1,1.3924110587925027
101,0,CH0507,0,0,-0.12885149842891053
101,0,CH0508,0,1,0.6309447828603607
101,0,CH0512,0,0,-0.887413072683805
101,0,CH0530,0,0,-0.5380793879006656
101,0,CH0531,0,1,1.2501770094649256
101,0,CH0533,0,0,-0.5211333591778171
101,0,CH0544,0,0,-0.045643674947297826
101,0,CH0560,0,0,-1.0498744003174498
101,0,CH0566,0,1,0.2484776070185548
101,0,CH0568,0,1,1.9165532621842156
101,0,CH0570,0,1,1.037955952150542
101,0,CH0572,0,1,0.2400575698632298
101,0,CH0586,0,1,1.1440220806656574
101,0,CH0591,0,0,-0.6892745217315751
101,0,CH0597,0,0,-0.8787001958887508
101,0,CH0615,0,0,-0.2842616849480343
101,0,CH0617,0,0,-0.1696195136762022
101,0,CH0626,0,0,-0.1791626535229317
101,0,CH0631,0,1,0.05494713262390914
101,0,CH0637,0,1,0.22006958327591553
101,0,CH0642,0,0,-0.8699461642564414
101,0,CH0644,0,0,-0.4919364280095353
101,0,CH0648,0,1,1.007267303030775
101,0,CH0649,0,0,-1.1979981897875696
101,0,CH0652,0,0,-0.365324386978246
101,0,CH0657,0,0,-0.02903603133667683
101,0,CH0660,0,0,-0.4134111983287194
101,0,CH0661,0,0,-0.44684999936911607
101,0,CH0664,0,1,0.0038995128794874073
101,0,CH0669,0,1,0.7047487853861883
101,0,CH0681,0,0,-0.30880557789532337
101,0,CH0686,0,0,-0.8603499029889331
101,0,CH0692,0,0,-0.251638412788272
101,0,CH0693,0,1,0.4642473973849732
101,0,CH0700,0,1,0.8276417815556166
101,0,CH0717,0,1,0.5359379792723251
101,0,CH0718,0,0,-0.4010474210294257
101,0,CH0720,0,0,-0.5416228189095198
101,0,CH0724,0,1,0.5619626982237576
101,0,CH0728,0,0,-0.46472057608962813
101,0,CH0730,0,1,0.6058391500330091
101,0,CH0737,0,0,-0.042620949269305305
101,0,CH0739,0,1,0.2965122856955172
101,0,CH0745,0,1,0.13289442733300005
101,0,CH0751,0,0,-0.4293456041402508
101,1,CH0015,1,1,0.21899837757150345
101,1,CH0016,1,1,0.8943581053226716
101,1,CH0018,1,0,-0.9184565021276265
101,1,CH0027,1,0,-0.7046488935013973
101,1,CH0034,1,0,-0.3803021225805498
101,1,CH0039,1,0,-0.29237118239758814
101,1,CH0040,1,0,-0.7094011516330697
101,1,CH0041,1,1,1.4708484689565537
101,1,CH0042,1,0,-1.8586830063732402
101,1,CH0046,1,0,-1.1027341492086586
101,1,CH0053,1,1,0.9117934266799494
101,1,CH0060,1,1,0.8482129804113834
101,1,CH0062,1,1,0.0851060772756888
101,1,CH0068,1,1,0.004283296318016595
101,1,CH0070,1,0,-0.9646100628633867
101,1,CH0075,1,0,-0.4919571999667492
101,1,CH0079,1,1,1.2752342817875375
101,1,CH0094,1,0,-1.8019541460611048
101,1,CH0095,1,0,-0.2960433865573577
101,1,CH0105,1,1,0.923639230387071
101,1,CH0107,1,0,-0.9929589812851299
101,1,CH0139,1,0,-0.07105112599799819
101,1,CH0141,1,1,1.6237750445223038
101,1,CH0144,1,1,0.774659881824861
101,1,CH0149,1,1,0.46661571575649957
101,1,CH0151,1,1,0.658007146105023
101,1,CH0155,1,1,0.0491084603483754
101,1,CH0175,1,0,-0.5552533860510424
101,1,CH0183,1,1,1.1951843383673522
101,1,CH0196,1,1,1.8557772208197356
101,1,CH0210,1,1,1.0863067458978002
101,1,CH0216,1,1,0.03254592782253068
101,1,CH0246,1,1,1.1571097147670155
101,1,CH0259,1,0,-0.9711947852323862
101,1,CH0260,1,1,1.5321198543697663
101,1,CH0270,1,1,0.6775254309943219
101,1,CH0276,1,0,-0.3115040034988424
101,1,CH0294,1,1,1.8216317910506192
101,1,CH0295,1,0,-0.6805009488588715
101,1,CH0300,1,1,0.7247471776190602
101,1,CH0305,1,1,1.4903031694169808
101,1,CH0313,1,0,-0.20678112154216882
101,1,CH0315,1,0,-0.8855237902356043
101,1,CH0318,1,1,0.40531926234042887
101,1,CH0319,1,1,0.5807193507406739
101,1,CH0320,1,0,-0.21797709508665303
101,1,CH0321,1,0,-0.38506032638709303
101,1,CH0327,1,1,0.7317144720589063
101,1,CH0331,1,1,1.092113071021793
101,1,CH0348,1,1,0.8268278811066478
101,1,CH0353,1,1,0.3571663585595585
101,1,CH0357,1,0,-1.0130765010083962
101,1,CH0362,1,1,0.4566362055924672
101,1,CH0368,0,0,-0.6607166139186199
101,1,CH0383,0,0,-0.812176619966244
101,1,CH0385,0,1,0.8980572316883907
101,1,CH0386,0,0,-0.5884495042776173
101,1,CH0388,0,0,-0.6106082959117719
101,1,CH0390,0,0,-0.85233388472694
101,1,CH0393,0,0,-0.0669043359244987
101,1,CH0412,0,1,0.6160085280693495
101,1,CH0414,0,1,1.7319222556304883
101,1,CH0428,0,0,-0.7548025124675324
101,1,CH0429,0,0,-0.8601273681261522
101,1,CH0430,0,0,-0.4478668356196235
101,1,CH0432,0,0,-1.0203186349724955
101,1,CH0433,0,0,-0.9713109407030488
101,1,CH0434,0,0,-1.3061355796364984
101,1,CH0436,0,0,-1.3877814318840755
101,1,CH0437,0,0,-0.5766275777013009
101,1,CH0438,0,0,-1.0109043154724082
101,1,CH0439,0,0,-0.46463607063736795
101,1,CH0440,0,0,-0.24491440001988146
101,1,CH0452,0,1,0.2230732999702169
101,1,CH0454,0,0,-0.2824050346664068
101,1,CH0455,0,1,1.0289840661322796
101,1,CH0458,0,0,-0.663624801848342
101,1,CH0459,0,1,0.37980203937547624
101,1,CH0463,0,1,1.0017509887256844
101,1,CH0465,0,1,0.4788115798187777
101,1,CH0470,0,0,-0.0619328022695751
101,1,CH0472,0,0,-1.0101163365203014
101,1,CH0474,0,1,0.01215859237977417
101,1,CH0479,0,1,1.2654929767318166
101,1,CH0482,0,0,-0.5559492131370578
101,1,CH0485,0,1,0.35681917751787656
101,1,CH0495,0,1,0.36493243857358904
101,1,CH0497,0,0,-1.2939506378902246
101,1,CH0498,0,0,-0.5776677851386103
101,1,CH0501,0,1,1.4433583052618175
101,1,CH0502,0,0,-0.023420070265984427
101,1,CH0503,0,0,-0.5894363339584461
101,1,CH0529,0,0,-0.828333074173896
101,1,CH0534,0,1,0.334822401522521
101,1,CH0575,0,0,-0.7285419829988377
101,1,CH0587,0,1,0.09213641268816808
101,1,CH0624,0,1,1.1535856197401446
101,1,CH0629,0,1,0.22940555797321288
101,1,CH0630,0,0,-0.09997170569846954
101,1,CH0640,0,1,0.9555652276481652
101,1,CH0641,0,1,0.8279960626138814
101,1,CH0646,0,1,0.1694626085029593
101,1,CH0651,0,1,1.8433286169560794
101,1,CH0659,0,1,0.9910913728179944
101,1,CH0670,0,1,0.6535882230448445
101,1,CH0672,0,1,0.555119596859074
101,1,CH0688,0,1,0.5438036071262036
101,1,CH0697,0,1,1.2440387373440434
101,1,CH0702,0,0,-0.12282501353229432
101,1,CH0705,0,1,0.7468861843876905
101,1,CH0706,0,0,-0.44015504485323603
101,1,CH0707,0,0,-0.030299696777701512
101,1,CH0712,0,0,-1.1150574994764266
101,1,CH0713,0,0,-0.1329647542569733
101,1,CH0715,0,1,0.6853907468320094
101,1,CH0726,0,0,-0.17778517285923062
101,1,CH0729,0,0,-0.4191477279314407
101,1,CH0738,0,1,0.10184732335887307
101,1,CH0740,0,1,0.42569616367988755
101,2,CH0008,1,0,-0.0803199445480961
101,2,CH0020,1,0,-0.6188717466710487
101,2,CH0024,1,0,-1.46743784867753
101,2,CH0031,1,1,0.02963060782279042
101,2,CH0037,1,0,-0.4715697533566572
101,2,CH0050,1,1,0.24551283438932855
101,2,CH0055,1,0,-0.00637502206452877
101,2,CH0057,1,0,-0.5742521596098638
101,2,CH0072,1,0,-0.2481719793328833
101,2,CH0078,1,0,-0.9367959084986293
101,2,CH0081,1,1,1.663781656578948
101,2,CH0082,1,0,-0.6671069136186513
101,2,CH0090,1,1,0.08295607213614258
101,2,CH0091,1,1,0.537350809784909
101,2,CH0097,1,1,0.04599429975976043
101,2,CH0106,1,0,-0.06796814842626106
101,2,CH0119,1,0,-0.6880765422080121
101,2,CH0120,1,1,0.7420966202371369
101,2,CH0121,1,0,-0.8039948416247209
101,2,CH0124,1,0,-0.20600434440241153
101,2,CH0128,1,1,1.4559526446176407
101,2,CH0137,1,1,0.6650109666191266
101,2,CH0143,1,0,-1.2379903427809233
101,2,CH0146,1,0,-0.050860587346472676
101,2,CH0156,1,1,0.5869481817508603
101,2,CH0164,1,0,-1.4039750007831249
101,2,CH0168,1,0,-0.0184084536820712
101,2,CH0171,1,0,-0.21395888171461322
101,2,CH0174,1,1,1.479530265375495
101,2,CH0176,1,1,0.22976889925343816
101,2,CH0177,1,0,-0.1420807054626487
101,2,CH0190,1,0,-0.007720504459604306
101,2,CH0198,1,0,-0.40544186191546105
101,2,CH0201,1,0,-0.2600704302444066
101,2,CH0205,1,1,1.1499359821265747
101,2,CH0208,1,1,1.577107093665832
101,2,CH0209,1,1,2.8523345156875255
101,2,CH0212,1,0,-1.116743947973554
101,2,CH0214,1,1,0.3173319079307927
101,2,CH0220,1,0,-0.19997791709287535
101,2,CH0221,1,0,-0.2837390529388629
101,2,CH0223,1,0,-0.2277001329279901
101,2,CH0225,1,1,0.15867076852795228
101,2,CH0227,1,1,0.4149066785646927
101,2,CH0240,1,1,1.0055038474745872
101,2,CH0247,1,1,0.2995198723045865
101,2,CH0251,1,1,0.11563297174004813
101,2,CH0265,1,1,0.4033444849895293
101,2,CH0282,1,1,0.41114485822143065
101,2,CH0285,1,1,0.7253538252302276
101,2,CH0303,1,1,0.12847106821072987
101,2,CH0307,1,0,-0.28860519400503004
101,2,CH0308,1,1,0.5533611064453543
101,2,CH0310,1,1,1.727673676839785
101,2,CH0350,1,1,1.5266049656820435
101,2,CH0356,1,0,-1.1653417701114586
101,2,CH0363,1,0,-0.4306649216390041
101,2,CH0370,0,0,-0.6394103656720378
101,2,CH0375,0,0,-0.32480619399690536
101,2,CH0392,0,0,-0.5876097690996921
101,2,CH0395,0,1,0.30813185589791325
101,2,CH0398,0,0,-0.6004824184171793
101,2,CH0401,0,0,-1.0715198975757294
101,2,CH0402,0,0,-0.0695287453483792
101,2,CH0403,0,0,-0.9309483582929785
101,2,CH0405,0,0,-0.664343908612453
101,2,CH0408,0,1,0.25311541878959787
101,2,CH0410,0,0,-1.2476203309971157
101,2,CH0457,0,0,-0.18161964263682004
101,2,CH0462,0,1,0.6879253152859617
101,2,CH0468,0,0,-0.7752734615446224
101,2,CH0469,0,1,0.3521401096415676
101,2,CH0473,0,1,1.1946266420226646
101,2,CH0476,0,0,-1.0084601586314506
101,2,CH0487,0,0,-0.9041273167594428
101,2,CH0494,0,1,0.747718522777038
101,2,CH0496,0,0,-0.13939234637828776
101,2,CH0504,0,1,0.19197006460137114
101,2,CH0505,0,1,0.3426426274016857
101,2,CH0510,0,1,0.5991382302223551
101,2,CH0516,0,0,-0.17598880693120458
101,2,CH0517,0,0,-0.04796986810846358
101,2,CH0520,0,0,-0.651627608209872
101,2,CH0525,0,0,-0.5855530571903023
101,2,CH0536,0,0,-0.9267354432795873
101,2,CH0541,0,0,-2.180965544080128
101,2,CH0546,0,0,-2.081845190263673
101,2,CH0547,0,0,-0.7250079481153867
101,2,CH0548,0,0,-1.4077627120888712
101,2,CH0549,0,0,-0.1465558425080036
101,2,CH0550,0,0,-1.9266346410797994
101,2,CH0551,0,0,-0.564255336960968
101,2,CH0554,0,0,-0.4346740160400349
101,2,CH0558,0,0,-0.8033066765760143
101,2,CH0561,0,0,-1.0123602173170323
101,2,CH0565,0,0,-1.5173756252691122
101,2,CH0567,0,1,0.501835075646362
101,2,CH0573,0,1,0.33395603404819796
101,2,CH0580,0,0,-1.464789728270692
101,2,CH0582,0,0,-0.3230958326816864
101,2,CH0588,0,0,-0.8107460527059956
101,2,CH0589,0,0,-0.6394384567458893
101,2,CH0593,0,0,-0.5749556964999167
101,2,CH0610,0,1,1.2601267059555743
101,2,CH0618,0,1,0.6320496125979513
101,2,CH0621,0,1,0.22615426020725762
101,2,CH0633,0,0,-0.11058451873533079
101,2,CH0639,0,1,0.49155546833151664
101,2,CH0653,0,1,0.6652003889552784
101,2,CH0654,0,0,-1.1118863765714944
101,2,CH0655,0,0,-0.0204109189571676
101,2,CH0666,0,1,1.446629913850714
101,2,CH0676,0,0,-0.4166122014404178
101,2,CH0680,0,1,0.1831890150872715
101,2,CH0683,0,0,-0.612411165288118
101,2,CH0685,0,1,0.078444082871058
101,2,CH0694,0,1,1.2703963774584912
101,2,CH0708,0,0,-1.060479010645176
101,2,CH0721,0,0,-0.09780432475380685
101,3,CH0002,1,1,0.1550845296589318
101,3,CH0003,1,0,-0.9452764001060635
101,3,CH0006,1,0,-0.3974556321397994
101,3,CH0013,1,0,-0.2213973020533905
101,3,CH0043,1,1,0.6793742967521936
101,3,CH0049,1,1,0.8604332244960061
101,3,CH0069,1,1,0.6581239317719743
101,3,CH0080,1,0,-2.514474852508468
101,3,CH0098,1,1,0.04353630333552426
101,3,CH0101,1,0,-0.4482323790252042
101,3,CH0109,1,0,-1.6263182018652285
101,3,CH0114,1,1,0.4263431042443828
101,3,CH0116,1,0,-0.45454721005067866
101,3,CH0122,1,0,-0.6373158686226844
101,3,CH0127,1,0,-0.9959774645476879
101,3,CH0130,1,0,-0.41461922314269395
101,3,CH0142,1,1,0.8997262687504886
101,3,CH0161,1,0,-0.8695355171719655
101,3,CH0165,1,1,0.2111746263825094
101,3,CH0167,1,1,0.4549214061010839
101,3,CH0169,1,1,2.061603780302696
101,3,CH0181,1,0,-2.00937607860114
101,3,CH0182,1,1,1.1012388202361587
101,3,CH0192,1,1,0.239318090536053
101,3,CH0197,1,1,0.22602683374788965
101,3,CH0202,1,1,0.41441894813434577
101,3,CH0203,1,0,-0.20425643195600693
101,3,CH0207,1,0,-1.1486584874332402
101,3,CH0211,1,0,-0.19594741703787036
101,3,CH0213,1,0,-1.9237320634900221
101,3,CH0215,1,0,-0.5222025028184689
101,3,CH0218,1,0,-0.7400264028750436
101,3,CH0219,1,0,-1.4095048333529023
101,3,CH0224,1,1,1.3166352413818272
101,3,CH0228,1,1,1.568823086119718
101,3,CH0229,1,1,0.6608265666143878
101,3,CH0231,1,0,-0.7210376289594207
101,3,CH0233,1,1,0.7338407188190735
101,3,CH0243,1,0,-1.2336563025604306
101,3,CH0244,1,1,0.7850237952246129
101,3,CH0269,1,0,-1.8307222126552165
101,3,CH0273,1,1,0.5629641105848269
101,3,CH0286,1,1,0.33297579125368915
101,3,CH0290,1,0,-1.043400646807131
101,3,CH0292,1,0,-0.140689626779281
101,3,CH0293,1,0,-0.05594523989063761
101,3,CH0297,1,1,0.4515342973886647
101,3,CH0298,1,1,0.5722693947413953
101,3,CH0324,1,1,0.355385025694245
101,3,CH0328,1,1,0.4660494786020513
101,3,CH0330,1,0,-0.9201042089912657
101,3,CH0334,1,0,-0.10696602337058982
101,3,CH0336,1,0,-1.1504470029688003
101,3,CH0337,1,1,0.20886363211232842
101,3,CH0339,1,0,-0.07714646480284072
101,3,CH0342,1,0,-1.6442384287817249
101,3,CH0343,1,1,0.2521871866728801
101,3,CH0344,1,1,1.3118945460330624
101,3,CH0346,1,1,0.2125444487595933
101,3,CH0358,1,1,0.4718403457409762
101,3,CH0366,1,0,-0.05741896043622714
101,3,CH0367,0,0,-0.4759015251067271
101,3,CH0369,0,1,1.0168603413990003
101,3,CH0371,0,0,-1.2427747324943035
101,3,CH0372,0,0,-2.4476222005653576
101,3,CH0373,0,0,-0.8648163945643401
101,3,CH0374,0,0,-0.4694309811882844
101,3,CH0376,0,0,-1.81711847818436
101,3,CH0378,0,1,0.7703609004833062
101,3,CH0380,0,0,-2.212292405685979
101,3,CH0381,0,0,-0.9545909461645796
101,3,CH0382,0,1,0.43402186016563665
101,3,CH0396,0,0,-0.7775244821913008
101,3,CH0397,0,0,-0.6967012214570836
101,3,CH0400,0,0,-0.07542987684632042
101,3,CH0456,0,1,0.3993712548232524
101,3,CH0464,0,0,-0.8753420940353697
101,3,CH0493,0,0,-3.0162003643071222
101,3,CH0506,0,0,-1.2515553865455493
101,3,CH0538,0,1,0.7425079203481819
101,3,CH0542,0,0,-0.14939379235609965
101,3,CH0543,0,1,1.4604611521824986
101,3,CH0552,0,0,-2.6244114861568892
101,3,CH0553,0,1,0.39619438284585395
101,3,CH0555,0,1,0.4046620463529016
101,3,CH0557,0,0,-0.23874749167184708
101,3,CH0559,0,1,0.48424898884563583
101,3,CH0576,0,0,-0.4034386201912735
101,3,CH0579,0,1,3.1697119789867525
101,3,CH0581,0,0,-0.15218859868037485
101,3,CH0583,0,0,-0.6786504433195893
101,3,CH0584,0,0,-0.23105510556094258
101,3,CH0585,0,0,-2.3384792051493855
101,3,CH0598,0,0,-1.6270013523183149
101,3,CH0600,0,0,-0.21648881681469725
101,3,CH0601,0,0,-0.28056375024435154
101,3,CH0603,0,1,0.39286754563348114
101,3,CH0604,0,0,-1.5246807533347146
101,3,CH0609,0,0,-0.1001544391809328
101,3,CH0612,0,1,0.3889918224013944
101,3,CH0619,0,0,-1.1800926247493528
101,3,CH0622,0,0,-1.123561317017863
101,3,CH0623,0,1,0.655321234033705
101,3,CH0628,0,0,-0.5721684188976055
101,3,CH0635,0,1,0.233961340636389
101,3,CH0636,0,0,-0.9373118830173026
101,3,CH0650,0,1,0.771192633087383
101,3,CH0658,0,1,1.0525838283449613
101,3,CH0662,0,1,0.555518042257577
101,3,CH0663,0,1,0.2748104199211132
101,3,CH0671,0,0,-0.1834894337087333
101,3,CH0677,0,1,1.5367531143329527
101,3,CH0678,0,0,-1.2632920332627866
101,3,CH0682,0,1,0.808744007099105
101,3,CH0690,0,0,-1.3691195069760504
101,3,CH0699,0,0,-0.7083535337252548
101,3,CH0703,0,0,-1.9168381272517119
101,3,CH0704,0,0,-0.3241652166943896
101,3,CH0711,0,1,0.4891551708973012
101,3,CH0719,0,0,-0.13061515916057628
101,3,CH0731,0,0,-1.3126271592557965
101,3,CH0732,0,1,0.06501103074976976
101,3,CH0747,0,0,-0.6267221999002927
101,3,CH0748,0,0,-0.20797152794694185
101,4,CH0001,1,0,-0.3867741997459471
101,4,CH0022,1,1,0.5220339718447067
101,4,CH0030,1,0,-0.24496316813585015
101,4,CH0076,1,0,-0.05190796043526739
101,4,CH0092,1,0,-1.5410691818379278
101,4,CH0099,1,0,-1.2506720357082857
101,4,CH0100,1,1,0.3989713256432422
101,4,CH0103,1,0,-0.7000106930206638
101,4,CH0110,1,0,-1.020608848305665
101,4,CH0123,1,0,-0.43969037021504054
101,4,CH0129,1,0,-1.4608445393020137
101,4,CH0133,1,0,-0.3178301531731759
101,4,CH0135,1,0,-0.37065015512335314
101,4,CH0136,1,0,-0.5434214196229814
101,4,CH0138,1,1,0.004705987927693855
101,4,CH0145,1,1,1.215006125030895
101,4,CH0150,1,1,0.0627660722006578
101,4,CH0152,1,0,-0.40843237662492465
101,4,CH0154,1,0,-0.6657185870988902
101,4,CH0158,1,1,0.42023409535757017
101,4,CH0160,1,0,-1.1416282268475513
101,4,CH0163,1,1,1.0316006466650087
101,4,CH0173,1,0,-0.05703439235369523
101,4,CH0178,1,1,0.08848024030538873
101,4,CH0180,1,0,-1.4390982901711304
101,4,CH0185,1,0,-0.2862316393627806
101,4,CH0195,1,1,0.5677224109513951
101,4,CH0199,1,1,0.13951355925955586
101,4,CH0206,1,1,1.5003253994225811
101,4,CH0222,1,1,0.07751236175983742
101,4,CH0226,1,1,0.9934641596979152
101,4,CH0234,1,1,0.24127699460633115
101,4,CH0238,1,1,0.9947271274996834
101,4,CH0239,1,1,1.831229973075281
101,4,CH0242,1,1,1.2030917171078004
101,4,CH0248,1,0,-0.26926459873968267
101,4,CH0250,1,1,1.2307237562486024
101,4,CH0254,1,1,0.60582619541776
101,4,CH0267,1,1,1.3133744604246333
101,4,CH0271,1,1,1.0069182770815168
101,4,CH0277,1,1,0.37179634774638287
101,4,CH0281,1,1,0.19669478105374152
101,4,CH0283,1,0,-0.20642701371566843
101,4,CH0287,1,1,0.576231062705793
101,4,CH0291,1,1,1.0982061474098355
101,4,CH0299,1,1,0.06605374690231344
101,4,CH0301,1,1,1.392291456898591
101,4,CH0302,1,1,0.1513041383897341
101,4,CH0309,1,0,-1.278569469161807
101,4,CH0311,1,1,1.1704912109383716
101,4,CH0322,1,1,1.00541044201874
101,4,CH0325,1,1,1.0290747260111213
101,4,CH0332,1,1,0.2613337423583262
101,4,CH0338,1,0,-0.2617423590982706
101,4,CH0341,1,1,2.342766249777884
101,4,CH0345,1,1,0.008109148650369317
101,4,CH0347,1,1,0.5380352212588864
101,4,CH0352,1,1,1.2543982724382488
101,4,CH0355,1,1,0.9343518923982262
101,4,CH0394,0,1,0.13632216066046152
101,4,CH0441,0,0,-0.37891317084234544
101,4,CH0442,0,0,-3.285157173478693
101,4,CH0443,0,1,0.39741061513873693
101,4,CH0444,0,0,-2.215509950183577
101,4,CH0445,0,0,-0.07903797090672451
101,4,CH0447,0,0,-0.8496511483156649
101,4,CH0448,0,0,-1.6039037784154426
101,4,CH0449,0,0,-0.8670444192197686
101,4,CH0450,0,0,-0.26642210551610285
101,4,CH0451,0,0,-0.7743552164558418
101,4,CH0466,0,1,0.4102211331067571
101,4,CH0481,0,1,0.39031587447935323
101,4,CH0492,0,1,1.2716203248859872
101,4,CH0509,0,1,0.46226665703631015
101,4,CH0513,0,1,1.1052834056251017
101,4,CH0514,0,0,-0.6452113033417817
101,4,CH0518,0,0,-0.7558630347656828
101,4,CH0519,0,1,0.7138452917952252
101,4,CH0522,0,1,0.7495231555982844
101,4,CH0524,0,0,-0.18002143506843754
101,4,CH0535,0,0,-0.12187812128338524
101,4,CH0562,0,1,2.2591272305992245
101,4,CH0564,0,0,-0.21142803962091702
101,4,CH0569,0,0,-0.6949099212614456
101,4,CH0571,0,1,0.16364335195171917
101,4,CH0577,0,0,-2.079086756291048
101,4,CH0578,0,1,0.9083537518964216
101,4,CH0590,0,0,-0.3401951017245209
101,4,CH0592,0,1,1.0975260310648995
101,4,CH0595,0,1,0.4669164930936631
101,4,CH0596,0,1,0.29287847655326166
101,4,CH0602,0,0,-0.14488816678378477
101,4,CH0605,0,1,0.08821407243873305
101,4,CH0607,0,1,0.008010099859034898
101,4,CH0608,0,1,1.9587157053388928
101,4,CH0613,0,0,-1.0924617673151957
101,4,CH0614,0,1,2.372147907087253
101,4,CH0616,0,0,-0.35902020557280456
101,4,CH0620,0,0,-0.9600119578843425
101,4,CH0625,0,1,0.059260506394047695
101,4,CH0627,0,0,-0.014849631219984706
101,4,CH0638,0,1,0.48839797156221554
101,4,CH0643,0,1,0.13204798421646483
101,4,CH0645,0,0,-1.889898471062902
101,4,CH0647,0,1,0.98430428351656
101,4,CH0674,0,1,0.05586613454677549
101,4,CH0687,0,1,0.054100670432179386
101,4,CH0698,0,0,-2.413878335260612
101,4,CH0716,0,1,0.432162811309041
101,4,CH0722,0,1,0.248869053521122
101,4,CH0733,0,1,0.8493239281615204
101,4,CH0743,0,1,0.792735841484573
101,4,CH0744,0,1,0.05110479934321018
101,4,CH0749,0,1,0.551016581865227
102,0,CH0005,1,0,-0.10252417258444932
102,0,CH0014,1,0,-0.7314860537550517
102,0,CH0024,1,0,-1.4490187451951524
102,0,CH0026,1,1,0.8874547185288847
102,0,CH0031,1,0,-0.03582659689500708
102,0,CH0043,1,1,1.184749221787325
102,0,CH0049,1,1,0.7254385698511473
102,0,CH0050,1,0,-0.36168204752035976
102,0,CH0055,1,0,-0.004887894922228469
102,0,CH0057,1,0,-1.2792600705085064
102,0,CH0080,1,0,-2.0825820332057217
102,0,CH0082,1,0,-0.5181222467757177
102,0,CH0087,1,0,-0.2614458863902707
102,0,CH0109,1,0,-2.133240724894985
102,0,CH0133,1,0,-0.4379055503116509
102,0,CH0136,1,0,-0.13121810291512923
102,0,CH0137,1,1,0.27422794683493384
102,0,CH0148,1,1,0.4936912971022757
102,0,CH0152,1,0,-0.0870671534449409
102,0,CH0154,1,0,-1.018190201015169
102,0,CH0157,1,0,-0.004612909864068782
102,0,CH0163,1,1,0.8538911640389536
102,0,CH0170,1,1,0.0050777014582710275
102,0,CH0173,1,0,-0.002321487062452882
102,0,CH0180,1,0,-1.6052240965594788
102,0,CH0187,1,0,-1.8454306126127813
102,0,CH0189,1,1,1.0356440031311962
102,0,CH0191,1,1,1.086696571775855
102,0,CH0193,1,0,-1.3114117086767632
102,0,CH0200,1,1,1.3665435792651686
102,0,CH0236,1,1,1.0596191116993676
102,0,CH0237,1,1,3.5142587020014084
102,0,CH0244,1,1,1.0541985831936838
102,0,CH0252,1,1,0.21876125894656204
102,0,CH0256,1,1,0.08188447683602326
102,0,CH0261,1,1,0.5787460040085065
102,0,CH0263,1,0,-0.29057583307417817
102,0,CH0273,1,1,0.32603387977430087
102,0,CH0288,1,0,-0.740206671308905
102,0,CH0296,1,1,0.2922410612919954
102,0,CH0297,1,1,0.4649552321150467
102,0,CH0305,1,1,1.7564740768620595
102,0,CH0312,1,1,1.2812187376027429
102,0,CH0319,1,1,0.7239301524557006
102,0,CH0324,1,1,0.5007840429164699
102,0,CH0328,1,1,0.3912612621907309
102,0,CH0329,1,1,0.25728699088984636
102,0,CH0330,1,1,0.48061168292280554
102,0,CH0332,1,1,0.4059031664402198
102,0,CH0334,1,1,0.44703838458051764
102,0,CH0338,1,0,-0.348439530580864
102,0,CH0340,1,1,1.265389574824
102,0,CH0341,1,1,2.6510772456789806
102,0,CH0342,1,0,-1.9220091977619647
102,0,CH0347,1,1,0.37370273511850854
102,0,CH0351,1,0,-0.27439612411834774
102,0,CH0354,1,1,0.7696345933479335
102,0,CH0359,1,1,1.242384942847628
102,0,CH0360,1,1,0.28138575534981863
102,0,CH0365,1,1,0.48431232867283636
102,0,CH0391,0,0,-0.6091981589230849
102,0,CH0392,0,0,-0.6695017622926459
102,0,CH0395,0,0,-0.16387180048466563
102,0,CH0398,0,0,-2.152434400763198
102,0,CH0402,0,0,-0.5885455259465163
102,0,CH0416,0,0,-0.6882181126776145
102,0,CH0417,0,0,-0.36430531648209574
102,0,CH0418,0,1,0.2167187128089492
102,0,CH0422,0,0,-0.4428124435693103
102,0,CH0423,0,1,0.4871622468037859
102,0,CH0424,0,0,-1.425407400704438
102,0,CH0456,0,1,0.45459459556358545
102,0,CH0457,0,0,-0.7726049004129314
102,0,CH0464,0,0,-1.0203195661403606
102,0,CH0492,0,1,1.2375280520980367
102,0,CH0496,0,1,0.029955474316732213
102,0,CH0505,0,1,0.5873235394513029
102,0,CH0508,0,1,0.654959065564248
102,0,CH0533,0,0,-0.6456635621316958
102,0,CH0543,0,1,0.798880940455481
102,0,CH0560,0,0,-0.6472335750079325
102,0,CH0586,0,1,1.5506559347664473
102,0,CH0592,0,1,1.575358686048955
102,0,CH0598,0,0,-1.6229175388513153
102,0,CH0607,0,0,-0.33349068588205594
102,0,CH0609,0,0,-0.5153788141063412
102,0,CH0613,0,0,-1.0458269765906785
102,0,CH0615,0,1,0.25833458011923777
102,0,CH0617,0,1,0.6296716493133838
102,0,CH0626,0,1,0.26288875168257425
102,0,CH0631,0,1,0.29811554404614055
102,0,CH0636,0,0,-0.3987534753716179
102,0,CH0648,0,1,1.07274313397121
102,0,CH0650,0,1,1.1468195226059628
102,0,CH0652,0,1,0.09176077307005406
102,0,CH0657,0,0,-0.27150903258116327
102,0,CH0658,0,1,1.134327982982417
102,0,CH0660,0,0,-0.10777607870215644
102,0,CH0661,0,0,-0.5343984068454924
102,0,CH0664,0,1,0.21009660986983228
102,0,CH0669,0,1,0.6826248528491967
102,0,CH0671,0,1,0.4160254861250829
102,0,CH0686,0,0,-0.9747609488491676
102,0,CH0690,0,0,-0.8087431853201261
102,0,CH0692,0,0,-0.5176411349871959
102,0,CH0700,0,1,0.6827340508431217
102,0,CH0702,0,0,-0.18603992819774415
102,0,CH0703,0,0,-1.0104291069546192
102,0,CH0717,0,1,0.3980548944159315
102,0,CH0718,0,1,0.2482326762940307
102,0,CH0719,0,1,0.5239688324710198
102,0,CH0720,0,0,-0.39592228918226513
102,0,CH0724,0,1,0.7550030463206842
102,0,CH0728,0,1,0.08471067206129348
102,0,CH0730,0,1,0.8498097811512838
102,0,CH0731,0,0,-1.1402480002851507
102,0,CH0737,0,1,0.1486415406529419
102,0,CH0739,0,1,0.10825680527982717
102,0,CH0745,0,1,0.08712589688343463
102,0,CH0751,0,0,-0.6123293961420303
102,1,CH0002,1,1,0.16184018161730246
102,1,CH0003,1,0,-0.487205711854216
102,1,CH0006,1,0,-0.6388872610086479
102,1,CH0009,1,0,-1.16877800802971
102,1,CH0013,1,0,-0.8708921276945338
102,1,CH0015,1,0,-0.12597745691932274
102,1,CH0017,1,0,-0.9880773722016302
102,1,CH0018,1,0,-0.8635199750662239
102,1,CH0027,1,0,-0.1776293680575645
102,1,CH0034,1,0,-0.6288780240932531
102,1,CH0039,1,1,0.6035998761292363
102,1,CH0040,1,0,-0.37985441524827146
102,1,CH0041,1,1,1.1336219707209216
102,1,CH0042,1,0,-1.9326767736486232
102,1,CH0045,1,1,0.30911476432211904
102,1,CH0046,1,0,-1.5934635503472485
102,1,CH0048,1,0,-0.6328981379928962
102,1,CH0053,1,1,0.19571618142532363
102,1,CH0061,1,1,0.1005274827324196
102,1,CH0062,1,1,0.03330077505391102
102,1,CH0064,1,1,0.6239616229130919
102,1,CH0068,1,1,0.47138231261465724
102,1,CH0070,1,0,-0.9964504626449161
102,1,CH0076,1,0,-0.6673066620694835
102,1,CH0096,1,1,0.08308391136113782
102,1,CH0098,1,0,-0.8870707361661613
102,1,CH0099,1,0,-0.8958474859510563
102,1,CH0101,1,0,-0.5788394490231892
102,1,CH0110,1,0,-0.9472473535319145
102,1,CH0113,1,0,-0.24988506432779936
102,1,CH0121,1,0,-0.9700264071625223
102,1,CH0124,1,0,-1.059298772654802
102,1,CH0139,1,0,-0.25466464365234254
102,1,CH0144,1,1,0.7497754589696293
102,1,CH0167,1,1,0.2734627958568092
102,1,CH0175,1,0,-0.17543743175378615
102,1,CH0181,1,0,-2.59654633977798
102,1,CH0182,1,1,1.197181743402
102,1,CH0199,1,0,-0.034642825905578434
102,1,CH0207,1,0,-1.6245020565320796
102,1,CH0216,1,0,-0.32665570604227057
102,1,CH0224,1,1,1.3687594299408934
102,1,CH0228,1,1,1.3856044079186352
102,1,CH0233,1,1,0.5784370788886755
102,1,CH0292,1,1,0.7570539451275957
102,1,CH0294,1,1,1.3244816914109343
102,1,CH0298,1,1,0.5714225368474275
102,1,CH0320,1,1,0.24262171602442048
102,1,CH0337,1,0,-0.04154289750388951
102,1,CH0339,1,0,-0.34728323396858174
102,1,CH0346,1,1,0.20407302661677326
102,1,CH0348,1,1,0.547668880295468
102,1,CH0357,1,0,-0.8979819064226536
102,1,CH0358,1,0,-0.07888745924717114
102,1,CH0362,1,1,0.5692112563638124
102,1,CH0379,0,0,-0.38423391139084007
102,1,CH0383,0,0,-0.6784899822061793
102,1,CH0386,0,0,-0.17143956064232993
102,1,CH0387,0,1,1.0519457047391942
102,1,CH0390,0,0,-0.8325612718041095
102,1,CH0393,0,0,-0.35332770891177023
102,1,CH0394,0,0,-0.19166318379490174
102,1,CH0396,0,0,-1.1150674697382934
102,1,CH0397,0,0,-0.20197542077854888
102,1,CH0400,0,0,-0.010996305653449029
102,1,CH0428,0,0,-0.08219319126604477
102,1,CH0429,0,0,-0.4856920109872245
102,1,CH0430,0,0,-0.4511144521883431
102,1,CH0432,0,0,-1.1815911615388046
102,1,CH0433,0,0,-0.47704406302558133
102,1,CH0434,0,0,-1.59490403318283
102,1,CH0436,0,0,-1.8517409330626906
102,1,CH0437,0,0,-0.893438024065327
102,1,CH0438,0,0,-0.6812797259356774
102,1,CH0439,0,0,-0.1896486741337919
102,1,CH0440,0,1,0.25577043541234434
102,1,CH0452,0,0,-0.14131125435711736
102,1,CH0454,0,1,0.22540935703687112
102,1,CH0458,0,0,-0.6355698901786127
102,1,CH0459,0,0,-0.32134192608990075
102,1,CH0465,0,1,0.02583115384098547
102,1,CH0470,0,1,0.3599345632723654
102,1,CH0472,0,0,-0.3676692336629589
102,1,CH0474,0,1,0.13500246640831284
102,1,CH0477,0,1,0.2873178506263986
102,1,CH0481,0,1,0.2747882744248181
102,1,CH0482,0,0,-0.5135897169722609
102,1,CH0485,0,1,0.07166107220904291
102,1,CH0487,0,1,1.4186004463870712
102,1,CH0498,0,0,-0.3542634064009942
102,1,CH0500,0,1,0.5400114941291565
102,1,CH0506,0,0,-1.5384029350896749
102,1,CH0509,0,1,0.7027345243708126
102,1,CH0514,0,0,-0.42910446417531467
102,1,CH0564,0,0,-0.37413122884708117
102,1,CH0565,0,0,-1.0146015436112488
102,1,CH0569,0,0,-0.25121547625744517
102,1,CH0571,0,1,0.1002025741134471
102,1,CH0573,0,1,1.0544891151582996
102,1,CH0578,0,1,0.49652723682381195
102,1,CH0583,0,0,-0.2989427675340517
102,1,CH0585,0,0,-1.7190787694417766
102,1,CH0587,0,0,-0.054165552750719465
102,1,CH0603,0,1,0.016153310050886466
102,1,CH0616,0,0,-0.3478037028179808
102,1,CH0635,0,1,0.8479012569391521
102,1,CH0662,0,1,0.47017754712692195
102,1,CH0678,0,0,-1.8118088271372823
102,1,CH0688,0,1,0.9666469574455803
102,1,CH0704,0,0,-0.28207341880574055
102,1,CH0705,0,1,0.4180341218961665
102,1,CH0706,0,0,-0.22698643113785597
102,1,CH0712,0,0,-0.9597979315278546
102,1,CH0713,0,0,-0.10794863707059713
102,1,CH0726,0,0,-0.21575157864831798
102,1,CH0738,0,1,0.4214514820320191
102,2,CH0019,1,1,0.2043471031080971
102,2,CH0020,1,0,-0.745001871309089
102,2,CH0032,1,1,2.178967932329369
102,2,CH0037,1,0,-1.3585683205386752
102,2,CH0071,1,0,-0.4893470561459681
102,2,CH0073,1,1,0.003535985992905385
102,2,CH0074,1,1,1.962915244305333
102,2,CH0075,1,1,0.017236204541861474
102,2,CH0078,1,0,-1.5232372867088309
102,2,CH0081,1,1,2.222859633491914
102,2,CH0085,1,1,0.10178904117250837
102,2,CH0090,1,0,-0.08774760158498562
102,2,CH0093,1,1,0.011423654244926414
102,2,CH0094,1,0,-0.5809086177290023
102,2,CH0095,1,0,-0.009780426914429461
102,2,CH0097,1,1,0.28138600735529773
102,2,CH0104,1,1,1.9076896336237903
102,2,CH0111,1,1,0.8221669546962203
102,2,CH0116,1,0,-0.7103690886182468
102,2,CH0119,1,0,-0.8859234412472621
102,2,CH0120,1,1,0.7765735863109806
102,2,CH0122,1,0,-1.5890501690216519
102,2,CH0126,1,0,-0.30825113559962347
102,2,CH0127,1,0,-0.4384993307716916
102,2,CH0128,1,1,1.0936413328419345
102,2,CH0132,1,1,0.7593103512447513
102,2,CH0142,1,0,-0.22986251336202934
102,2,CH0166,1,0,-0.3811607359978004
102,2,CH0168,1,0,-0.4686492163401701
102,2,CH0174,1,1,0.4747932133275446
102,2,CH0176,1,1,0.10663604989298148
102,2,CH0177,1,0,-0.5770326026636284
102,2,CH0179,1,0,-0.09115140473971106
102,2,CH0186,1,0,-3.1728212457873495
102,2,CH0190,1,1,0.05833042111025011
102,2,CH0203,1,1,0.715494770629417
102,2,CH0205,1,1,1.3316513521288313
102,2,CH0208,1,1,0.9311457530912444
102,2,CH0209,1,1,2.1820623538029635
102,2,CH0212,1,0,-0.4996614073705255
102,2,CH0213,1,1,0.18704045773371036
102,2,CH0215,1,1,1.226218324256013
102,2,CH0218,1,0,-1.9899305442030797
102,2,CH0223,1,1,0.08725008438449144
102,2,CH0227,1,1,0.39996392549223314
102,2,CH0247,1,1,0.1692573514572122
102,2,CH0249,1,1,0.6353165650071584
102,2,CH0257,1,1,0.753911472009143
102,2,CH0262,1,0,-0.6355907420158335
102,2,CH0280,1,1,0.19145033222627403
102,2,CH0282,1,1,0.3236911586329569
102,2,CH0285,1,1,0.3414310102640977
102,2,CH0295,1,1,0.30877854634327595
102,2,CH0303,1,0,-0.046083943113273435
102,2,CH0310,1,1,1.1528253365467158
102,2,CH0327,1,0,-0.23240310281114307
102,2,CH0367,0,1,1.2040934793219598
102,2,CH0369,0,1,1.090292661657275
102,2,CH0371,0,0,-0.011892972775336078
102,2,CH0372,0,0,-1.8514767473445835
102,2,CH0373,0,0,-0.11411258000371505
102,2,CH0374,0,0,-0.22172908703602923
102,2,CH0375,0,1,0.13262785170885527
102,2,CH0376,0,1,0.8389637875358451
102,2,CH0378,0,1,0.2672658280562924
102,2,CH0380,0,0,-1.2660087031317566
102,2,CH0381,0,0,-0.9767668312079614
102,2,CH0382,0,1,0.36631407595890486
102,2,CH0401,0,0,-1.1958204046884884
102,2,CH0403,0,0,-0.251959590673861
102,2,CH0405,0,0,-0.41186085316104887
102,2,CH0410,0,0,-1.5765771763385206
102,2,CH0462,0,1,0.5699955949357115
102,2,CH0469,0,1,0.14693878321262877
102,2,CH0476,0,0,-1.3147945005614459
102,2,CH0479,0,1,1.6250086052312605
102,2,CH0484,0,1,0.44604326482195433
102,2,CH0490,0,0,-0.12507451968336403
102,2,CH0491,0,1,0.22937391174659516
102,2,CH0495,0,0,-0.8310735496194303
102,2,CH0502,0,1,1.1311238914095572
102,2,CH0512,0,1,0.12541911953453255
102,2,CH0525,0,0,-0.2162294817895798
102,2,CH0530,0,0,-0.6004044371689172
102,2,CH0531,0,1,0.292437461646176
102,2,CH0536,0,0,-0.7944135876089564
102,2,CH0541,0,0,-0.6500799477448888
102,2,CH0544,0,1,0.4593984306727962
102,2,CH0546,0,0,-1.2866121203389154
102,2,CH0547,0,0,-0.6655409967189592
102,2,CH0548,0,0,-1.0046387596836732
102,2,CH0549,0,0,-0.22474010040413672
102,2,CH0551,0,0,-0.6263610825046623
102,2,CH0554,0,0,-0.5310008879576714
102,2,CH0558,0,0,-0.2313775827820309
102,2,CH0566,0,1,0.31156822031693365
102,2,CH0567,0,0,-0.0791539803780591
102,2,CH0568,0,1,1.8821823913893705
102,2,CH0570,0,1,0.7672829169945161
102,2,CH0572,0,1,0.5395210419551262
102,2,CH0580,0,0,-1.6762085762651355
102,2,CH0588,0,0,-0.4781919576194699
102,2,CH0589,0,0,-0.6999829121107427
102,2,CH0591,0,0,-0.2298210356243402
102,2,CH0593,0,0,-0.7455106881515032
102,2,CH0597,0,1,0.11606817431949334
102,2,CH0622,0,1,0.4838878544768626
102,2,CH0633,0,1,0.051103502410864615
102,2,CH0642,0,0,-0.7356673564979481
102,2,CH0644,0,0,-2.406338664285828
102,2,CH0649,0,0,-1.0513075745713492
102,2,CH0659,0,1,1.3407825078598106
102,2,CH0666,0,1,1.9004547367951823
102,2,CH0676,0,0,-0.6837239070475025
102,2,CH0683,0,0,-0.836723382721148
102,2,CH0685,0,1,0.2389606729075311
102,2,CH0694,0,0,-0.18801123944996495
102,2,CH0729,0,0,-0.09121172340605305
102,3,CH0001,1,0,-0.5256621506838408
102,3,CH0008,1,1,0.07422836321700267
102,3,CH0022,1,1,0.401801621599121
102,3,CH0030,1,1,0.07553737677411872
102,3,CH0072,1,0,-0.39079747066690146
102,3,CH0091,1,1,0.7353952055487047
102,3,CH0092,1,0,-1.7555794960370572
102,3,CH0100,1,1,0.32880702888266683
102,3,CH0103,1,0,-0.786264789510269
102,3,CH0106,1,1,0.21599284796322454
102,3,CH0123,1,1,0.11774345078017436
102,3,CH0129,1,0,-1.2639724578390332
102,3,CH0135,1,0,-0.9942187610410383
102,3,CH0138,1,0,-0.09952189740144439
102,3,CH0145,1,1,1.0825253198949758
102,3,CH0146,1,0,-0.3994148509514914
102,3,CH0150,1,1,0.14643988967203075
102,3,CH0156,1,1,0.27019768942926903
102,3,CH0158,1,1,0.20816319956053286
102,3,CH0160,1,0,-1.199923886169343
102,3,CH0164,1,0,-1.2912558186713445
102,3,CH0171,1,1,0.29945121114982604
102,3,CH0178,1,0,-0.19861993916063478
102,3,CH0185,1,1,0.03818988441220341
102,3,CH0195,1,1,0.5937984378066837
102,3,CH0198,1,0,-1.2706061608792245
102,3,CH0201,1,1,0.46847268001662107
102,3,CH0206,1,1,1.49774482919907
102,3,CH0220,1,0,-0.176974156029658
102,3,CH0222,1,1,0.5834872819511762
102,3,CH0225,1,0,-0.2078092469917438
102,3,CH0226,1,1,0.5738109522687243
102,3,CH0232,1,1,0.6477444534261743
102,3,CH0234,1,1,0.362407810729009
102,3,CH0238,1,1,0.07078554563384627
102,3,CH0239,1,1,1.3769061648787007
102,3,CH0242,1,1,1.0403559134031697
102,3,CH0248,1,0,-0.9508411565296857
102,3,CH0250,1,1,1.143414562502625
102,3,CH0254,1,1,0.6015901222150593
102,3,CH0265,1,0,-0.08227703540071434
102,3,CH0267,1,1,1.1413675730916122
102,3,CH0271,1,1,0.9969144580751154
102,3,CH0277,1,1,0.4299279678382493
102,3,CH0281,1,0,-0.3390949349465669
102,3,CH0283,1,1,0.0506626379403625
102,3,CH0287,1,1,0.9191356108714659
102,3,CH0291,1,1,0.5337960693691864
102,3,CH0299,1,0,-0.12258487884929152
102,3,CH0301,1,1,1.3230411414942231
102,3,CH0302,1,1,0.1790010466395703
102,3,CH0309,1,0,-1.5837058303931022
102,3,CH0311,1,1,0.957528723584908
102,3,CH0316,1,1,0.282817035877813
102,3,CH0322,1,1,1.3287684611340855
102,3,CH0325,1,1,0.7788960112656573
102,3,CH0345,1,1,0.2998177931816029
102,3,CH0352,1,1,1.086309209247535
102,3,CH0355,1,1,0.5366663911065624
102,3,CH0370,0,0,-0.7095395552802719
102,3,CH0408,0,1,0.32951471769687063
102,3,CH0441,0,0,-0.1920984938695638
102,3,CH0442,0,0,-3.752816010446745
102,3,CH0443,0,1,0.08589088680886271
102,3,CH0444,0,0,-2.340407730136963
102,3,CH0445,0,1,0.002889233950711344
102,3,CH0447,0,0,-0.9310818723384977
102,3,CH0448,0,0,-2.0207532846813305
102,3,CH0449,0,0,-0.5318630888593047
102,3,CH0450,0,0,-0.001134620881874483
102,3,CH0451,0,0,-0.8046470881134556
102,3,CH0466,0,1,0.4621147919712343
102,3,CH0468,0,0,-1.519120367973826
102,3,CH0478,0,1,0.5417832800586839
102,3,CH0513,0,1,1.4755236839006893
102,3,CH0516,0,1,0.5195347539132337
102,3,CH0517,0,0,-0.17755478205268366
102,3,CH0518,0,0,-0.3315085484179288
102,3,CH0519,0,1,1.031900781989079
102,3,CH0520,0,0,-0.9866685917379076
102,3,CH0522,0,1,1.3197534224149772
102,3,CH0524,0,0,-0.1908630837397478
102,3,CH0535,0,1,0.26104399717584076
102,3,CH0561,0,0,-0.5233869882648594
102,3,CH0562,0,1,1.5696137272367423
102,3,CH0577,0,0,-1.5461370484596322
102,3,CH0582,0,1,0.033010586317536346
102,3,CH0590,0,0,-0.585725797805803
102,3,CH0595,0,1,0.2756468968847901
102,3,CH0596,0,1,0.22821078681210105
102,3,CH0602,0,0,-0.05085367516989444
102,3,CH0605,0,0,-0.6505490954172625
102,3,CH0608,0,1,2.289355201464355
102,3,CH0614,0,1,1.6612683451555759
102,3,CH0618,0,1,0.8055882494856675
102,3,CH0620,0,0,-0.9447658665500953
102,3,CH0625,0,0,-0.18187584733267642
102,3,CH0627,0,1,0.2716502680650584
102,3,CH0637,0,1,0.3231862681920695
102,3,CH0638,0,1,0.642754734509056
102,3,CH0639,0,1,1.1972670786148178
102,3,CH0643,0,1,0.1087923678389245
102,3,CH0645,0,0,-1.7336419173325899
102,3,CH0647,0,1,1.2427057771290002
102,3,CH0653,0,1,1.373325003318155
102,3,CH0655,0,1,0.28383442547437787
102,3,CH0674,0,0,-0.04981897852376315
102,3,CH0681,0,1,1.4613351627676114
102,3,CH0687,0,1,0.470535815797175
102,3,CH0693,0,0,-1.1338378233892512
102,3,CH0698,0,0,-2.1936950852876334
102,3,CH0716,0,1,0.4073918742271592
102,3,CH0722,0,0,-0.35022171468292
102,3,CH0733,0,1,0.9920542955747512
102,3,CH0743,0,1,0.8773248940119307
102,3,CH0744,0,0,-0.043357513806152596
102,3,CH0749,0,1,0.7365950129127729
102,4,CH0016,1,1,0.4530196097695657
102,4,CH0035,1,1,0.5878629133854606
102,4,CH0052,1,0,-1.004699517370387
102,4,CH0060,1,1,0.6447938568088879
102,4,CH0069,1,1,0.8974335931726075
102,4,CH0079,1,1,0.5697908205049913
102,4,CH0105,1,1,1.1502944446106893
102,4,CH0107,1,0,-0.8211704517069621
102,4,CH0112,1,1,0.6652318120626329
102,4,CH0114,1,1,1.4412342204365745
102,4,CH0130,1,0,-0.756332795629707
102,4,CH0140,1,1,0.46373205878656326
102,4,CH0141,1,1,0.9809048562651618
102,4,CH0143,1,0,-1.5943353644655462
102,4,CH0149,1,1,0.5270131082126824
102,4,CH0151,1,1,0.43193188819201594
102,4,CH0155,1,1,0.05540527471974248
102,4,CH0161,1,0,-0.9757660788674025
102,4,CH0165,1,0,-0.17494195549487088
102,4,CH0169,1,1,1.7174746527331788
102,4,CH0183,1,1,0.906788045441172
102,4,CH0192,1,1,0.026326820623639124
102,4,CH0196,1,1,1.9102429872332736
102,4,CH0197,1,1,0.594743818506085
102,4,CH0202,1,1,1.0286058583737976
102,4,CH0210,1,1,1.1070751868256468
102,4,CH0211,1,0,-0.3530484903898213
102,4,CH0214,1,1,0.8483371526990053
102,4,CH0219,1,0,-1.3979531057604775
102,4,CH0221,1,1,0.036351894991740394
102,4,CH0229,1,1,0.8391301252521709
102,4,CH0231,1,1,0.02197686569801009
102,4,CH0240,1,1,1.5845491096276925
102,4,CH0243,1,0,-0.7825429064040114
102,4,CH0246,1,1,1.4708320257954703
102,4,CH0251,1,1,0.5696545362216506
102,4,CH0259,1,0,-1.2179907256365126
102,4,CH0260,1,1,1.048319537776056
102,4,CH0269,1,0,-1.6652835193921192
102,4,CH0270,1,1,0.16316236334452464
102,4,CH0276,1,0,-0.559906965146121
102,4,CH0286,1,1,0.7014923368437664
102,4,CH0290,1,0,-0.34907356823190167
102,4,CH0293,1,1,0.5994974971178068
102,4,CH0300,1,1,0.3950405835543064
102,4,CH0307,1,0,-0.5888484651393682
102,4,CH0308,1,1,0.3910995636444165
102,4,CH0313,1,0,-0.7599780127112833
102,4,CH0315,1,0,-1.0753285660507825
102,4,CH0318,1,1,0.17296301586197763
102,4,CH0321,1,0,-0.21896443590245815
102,4,CH0331,1,1,1.6560239001312873
102,4,CH0336,1,0,-0.8143730195200637
102,4,CH0343,1,1,0.6175829822767464
102,4,CH0344,1,1,0.83472150771496
102,4,CH0350,1,1,1.6838813875130643
102,4,CH0353,1,1,1.6525139449566286
102,4,CH0356,1,0,-1.2249175669846177
102,4,CH0363,1,0,-0.608357322022366
102,4,CH0366,1,0,-0.14754554937105582
102,4,CH0368,0,0,-0.9899766007806716
102,4,CH0385,0,1,0.8684377190257713
102,4,CH0388,0,0,-0.1439082408204215
102,4,CH0389,0,1,1.8798939696525143
102,4,CH0412,0,1,0.06859868505192117
102,4,CH0414,0,1,1.6162452559404712
102,4,CH0455,0,0,-0.18516111276476113
102,4,CH0463,0,1,1.3865763336846246
102,4,CH0473,0,1,0.8340748766506991
102,4,CH0493,0,0,-1.6397780026557587
102,4,CH0494,0,1,1.159990508905555
102,4,CH0497,0,0,-1.0908422048305082
102,4,CH0501,0,1,1.151933217042077
102,4,CH0503,0,0,-0.39706435617964
102,4,CH0504,0,0,-0.5308648863595261
102,4,CH0507,0,0,-0.578242204335537
102,4,CH0510,0,0,-0.06811489861590649
102,4,CH0529,0,0,-0.39521130417536915
102,4,CH0534,0,1,0.427809065295897
102,4,CH0538,0,1,0.8212876978263697
102,4,CH0542,0,0,-0.15758833205399034
102,4,CH0550,0,0,-1.6606445915424763
102,4,CH0552,0,0,-1.9436016007157444
102,4,CH0553,0,1,0.021397897921808167
102,4,CH0555,0,1,0.3647574543599459
102,4,CH0557,0,0,-0.42810753124949114
102,4,CH0559,0,1,0.2827116270191075
102,4,CH0575,0,0,-0.8833059204310428
102,4,CH0576,0,0,-0.15925590874435205
102,4,CH0579,0,1,3.5744193946029426
102,4,CH0581,0,0,-0.8752828628220993
102,4,CH0584,0,1,0.10999720715567972
102,4,CH0600,0,0,-0.2566142837733056
102,4,CH0601,0,0,-0.6552314186741202
102,4,CH0604,0,0,-1.2798902173870368
102,4,CH0610,0,1,1.40220621774691
102,4,CH0612,0,1,0.15007425260347998
102,4,CH0619,0,0,-0.7299106011780955
102,4,CH0621,0,1,0.2551010002497626
102,4,CH0623,0,1,0.8118639821624178
102,4,CH0624,0,1,0.6747014925684003
102,4,CH0628,0,0,-1.4851901015054838
102,4,CH0629,0,1,0.46538965123375914
102,4,CH0630,0,0,-0.021878788885399476
102,4,CH0640,0,1,0.670721335797584
102,4,CH0641,0,1,0.8394620895949158
102,4,CH0646,0,0,-0.3726980221482628
102,4,CH0651,0,1,1.899970063649483
102,4,CH0654,0,0,-1.667001471460968
102,4,CH0663,0,1,1.1145364358544625
102,4,CH0670,0,1,0.7702609343092666
102,4,CH0672,0,1,0.6011941175253807
102,4,CH0677,0,1,0.5536136387064162
102,4,CH0680,0,1,0.22592208569609276
102,4,CH0682,0,1,0.42332590692158284
102,4,CH0697,0,1,1.0922927537084361
102,4,CH0699,0,0,-1.439444356798475
102,4,CH0707,0,0,-0.17526822135532602
102,4,CH0708,0,0,-1.052233060895863
102,4,CH0711,0,1,0.6297493860626924
102,4,CH0715,0,1,0.2526170809954504
102,4,CH0721,0,1,0.34822604354919545
102,4,CH0732,0,1,0.2519893449479165
102,4,CH0740,0,0,-0.08637605835145067
102,4,CH0747,0,0,-0.5724238726637477
102,4,CH0748,0,0,-0.37446259313126684
