track_id,artist,title,label,prediction,score
CH0004,Lil Nas X,Montero (Call Me By Your Name),1,1,0.7720457453211204
CH0007,Ariana Grande,Positions,1,0,-0.02239526593975849
CH0010,Pop Smoke,What You Know Bout Love,1,0,-0.20388755049786708
CH0011,Billie Eilish,Therefore I Am,1,1,1.8028809748478312
CH0012,Cardi B,Up,1,1,0.5884688054135522
CH0021,Ariana Grande,pov,1,1,0.18283074602495747
CH0023,Billie Eilish,Happier Than Ever,1,0,-0.9475801558682588
CH0025,Harry Styles,Adore You,1,0,-0.8059853114342874
CH0028,Billie Eilish,Everything I Wanted,1,1,0.5986431255861228
CH0029,Harry Styles,Watermelon Sugar,1,0,-0.44127710122630914
CH0033,Morgan Wallen,Chasin' You,1,0,-1.5388285436137166
CH0036,Billie Eilish,Bad Guy,1,1,0.08868428111076918
CH0038,Lil Nas X,Panini,1,1,0.1880315835460375
CH0044,Pop Smoke,Dior,1,0,-0.035394484252279444
CH0047,Morgan Wallen,More Than My Hometown,1,1,0.9056579081351452
CH0051,Ariana Grande,7 Rings,1,0,-1.5648413082932158
CH0054,Ariana Grande,"Thank U, Next",1,1,1.1184978656094973
CH0056,Shawn Mendes,If I Can't Have You,1,0,-0.4099384835350847
CH0058,Ariana Grande,"Break Up With Your Girlfriend, I'm Bored",1,0,-0.09479237786091507
CH0059,Cardi B,Money,1,0,-1.4106305372994428
CH0063,Morgan Wallen,Whiskey Glasses,1,1,1.464211324858621
CH0065,Billie Eilish,When The Party's Over,1,0,-1.566185298709308
CH0066,Ariana Grande,Breathin,1,0,-0.5467778736865766
CH0067,Billie Eilish,Bury A Friend,1,0,-0.940917435974966
CH0077,Ariana Grande,No Tears Left To Cry,1,0,-1.1410929581244635
CH0083,Shawn Mendes,In My Blood,1,1,0.7282251239268844
CH0084,Sam Smith,Too Good At Goodbyes,1,1,1.7997339227164306
CH0086,Cardi B,Bodak Yellow (Money Moves),1,0,-0.036960910706741144
CH0088,Cardi B,Be Careful,1,1,0.33635981787272
CH0089,Ariana Grande,God Is A Woman,1,1,0.6028721112847419
CH0102,Shawn Mendes,There's Nothing Holdin' Me Back,1,0,-0.5201887541103806
CH0108,Shawn Mendes,Mercy,1,0,-0.11315766620520629
CH0115,Harry Styles,Sign Of The Times,1,0,-0.6670409951941486
CH0117,Miley Cyrus,Malibu,1,0,-0.6042407080364371
CH0118,Shawn Mendes,Treat You Better,1,1,0.5557583158360033
CH0125,Shawn Mendes,Stitches,1,1,0.30619556702192957
CH0131,Ariana Grande,Dangerous Woman,1,0,-0.6012718135059851
CH0134,Ariana Grande,Into You,1,1,0.8879343898826181
CH0147,Fetty Wap,Trap Queen,1,0,-1.1812739051821846
CH0153,Sam Smith,I'm Not The Only One,1,1,0.6114271108219608
CH0159,Sam Smith,Stay With Me,1,0,-0.9836792458865603
CH0162,Ariana Grande,One Last Time,1,1,1.2538363610129166
CH0172,Miley Cyrus,Wrecking Ball,1,1,0.7271841085557673
CH0184,Miley Cyrus,We Can't Stop,1,0,-0.91451507547807
CH0188,Lady Gaga,Applause,1,1,0.27975672281820513
CH0194,Eminem,Berzerk,1,1,0.23141288493680817
CH0204,LMFAO,Sexy And I Know It,1,1,1.223214812815826
CH0217,Carrie Underwood,Blown Away,1,0,-1.7996360687827984
CH0230,Lady Gaga,Born This Way,1,1,0.511797201624797
CH0235,Lady Gaga,The Edge Of Glory,1,0,-0.028137791220622273
CH0241,Kanye West,All Of The Lights,1,1,1.080361087424141
CH0245,Lady Gaga,You And I,1,0,-0.28150820632228374
CH0253,Lady Gaga,Bad Romance,1,0,-0.3282910733722761
CH0255,Eminem,Not Afraid,1,0,-0.09131421989918173
CH0258,Lady Gaga,Alejandro,1,1,0.012197139559529425
CH0264,Lady Gaga,Paparazzi,1,0,-2.1921197022378935
CH0266,Miley Cyrus,Party In The U.S.A.,1,1,1.8548738415108657
CH0268,Alicia Keys,Un-Thinkable (I'm Ready),1,0,-0.1611997875405354
CH0272,Carrie Underwood,Undo It,1,1,0.545036565863476
CH0274,Alicia Keys,Try Sleeping With A Broken Heart,1,0,-0.16987181969230772
CH0275,Lady Gaga,Poker Face,1,1,0.4026426668965518
CH0278,The Fray,You Found Me,1,1,0.35635006665039853
CH0279,Miley Cyrus,The Climb,1,1,0.06398439708746265
CH0284,Lady Gaga,LoveGame,1,0,-0.3861924721446385
CH0289,Kanye West,Love Lockdown,1,1,1.6436047012644994
CH0304,The Fray,Never Say Never,1,1,0.17173746108624824
CH0306,Alicia Keys,No One,1,0,-0.05365702485353281
CH0314,Miley Cyrus,See You Again,1,1,0.4140412715373459
CH0317,Alicia Keys,Like You'll Never See Me Again,1,0,-1.0031227486721777
CH0323,Miley Cyrus,7 Things,1,0,-0.6433741318209178
CH0326,Carrie Underwood,Before He Cheats,1,1,0.2785795968018997
CH0333,The Fray,How To Save A Life,1,0,-1.1808402197523964
CH0335,Kanye West,Stronger,1,0,-0.05300804051932647
CH0349,The Fray,Over My Head (Cable Car),1,1,0.9078133077852807
CH0361,Carrie Underwood,"Jesus, Take The Wheel",1,0,-0.44686389559377326
CH0364,Eminem,When I'm Gone,1,1,0.16109048611722912
CH0377,Lil Nas X,Thats What I Want,0,1,0.6486491690411453
CH0384,Morgan Wallen,Sand In My Boots,0,1,0.40002991805310206
CH0399,Billie Eilish,NDA,0,1,0.47216280355770396
CH0404,Morgan Wallen,Wasted On You,0,0,-0.09521992035098689
CH0406,Ariana Grande,Santa Tell Me,0,1,1.2156307230984107
CH0407,Lil Nas X,Holiday,0,0,-0.03240695462792539
CH0409,Eminem,Gnat,0,0,-0.5941400003420322
CH0411,Carrie Underwood,Favorite Time Of Year,0,1,2.030813057339903
CH0413,Morgan Wallen,7 Summers,0,0,-0.7804552058319894
CH0415,Harry Styles,Golden,0,1,0.49749473882834433
CH0419,Morgan Wallen,Somebody's Problem,0,0,-0.23799566853558507
CH0420,Morgan Wallen,Still Goin Down,0,0,-1.0225106994593154
CH0421,Shawn Mendes,Wonder,0,0,-0.3931979574658903
CH0425,Miley Cyrus,Midnight Sky,0,0,-1.339621859529769
CH0426,Morgan Wallen,Livin' The Dream,0,1,0.21393924365287625
CH0427,Morgan Wallen,Cover Me Up,0,0,-0.8293104660928365
CH0431,Pop Smoke,Got It On Me,0,1,0.5778457456085634
CH0435,Pop Smoke,Something Special,0,0,-0.3189095808622685
CH0446,Lady Gaga,Stupid Love,0,1,0.07070785597194654
CH0453,Sam Smith,To Die For,0,0,-1.4339957880070802
CH0460,Billie Eilish,All The Good Girls Go To Hell,0,1,0.49561888765535694
CH0461,Kanye West,Follow God,0,1,0.3010984304258552
CH0467,Carrie Underwood,Southbound,0,0,-0.6048546872608543
CH0471,Billie Eilish,Wish You Were Gay,0,0,-0.4882964846958145
CH0475,Carrie Underwood,Love Wins,0,0,-1.1417731845192185
CH0480,Ariana Grande,Imagine,0,0,-0.5348570394721069
CH0483,Billie Eilish,Ocean Eyes,0,1,0.6420004061538599
CH0486,Carrie Underwood,Cry Pretty,0,1,0.8202342101345788
CH0488,Kanye West,All Mine,0,0,-0.5982624079910273
CH0489,Billie Eilish,You Should See Me In A Crown,0,1,1.1217715076059742
CH0499,Eminem,Believe,0,1,0.0625603721002723
CH0511,Lady Gaga,The Cure,0,0,-0.480779430190685
CH0515,Lady Gaga,Million Reasons,0,0,-0.8785617967172402
CH0521,Carrie Underwood,Dirty Laundry,0,1,0.9553251651904907
CH0523,Kanye West,Fade,0,1,0.06470581832883424
CH0526,Carrie Underwood,Church Bells,0,1,1.051301708580263
CH0527,Fetty Wap,Wake Up,0,0,-1.0835134826399828
CH0528,Kanye West,Famous,0,0,-1.1922954094465938
CH0532,Carrie Underwood,Heartbeat,0,1,0.8671887227345486
CH0537,Fetty Wap,Jimmy Choo,0,0,-1.7606460182744847
CH0539,Ariana Grande,Focus,0,1,0.9909640823153388
CH0540,Fetty Wap,Again,0,0,-0.7368446708807993
CH0545,Carrie Underwood,Smoke Break,0,1,1.136487195491791
CH0556,Fetty Wap,RGF Island,0,1,1.364698479028559
CH0563,Carrie Underwood,Little Toy Guns,0,1,0.45897820202666156
CH0574,Carrie Underwood,Something In The Water,0,0,-1.0201680914870999
CH0594,Kanye West,Bound 2,0,0,-0.3798551792168448
CH0599,Eminem,Survival,0,1,0.3222691463907808
CH0606,Ariana Grande,Last Christmas,0,0,-1.0484998772789451
CH0611,Carrie Underwood,Two Black Cadillacs,0,1,1.2814706416986452
CH0632,LMFAO,Sorry For Party Rocking,0,0,-0.29736390099395943
CH0634,Lady Gaga,Marry The Night,0,1,0.3035903540398645
CH0656,Carrie Underwood,Mama's Song,0,1,0.7449529720517764
CH0665,Miley Cyrus,Can't Be Tamed,0,0,-0.5556857851845045
CH0667,Carrie Underwood,Temporary Home,0,0,-0.5100076715360754
CH0668,Miley Cyrus,When I Look At You,0,1,0.742711847128429
CH0673,Carrie Underwood,Cowboy Casanova,0,1,0.13751897902354135
CH0675,Alicia Keys,Empire State Of Mind (Part II) Broken Down,0,0,-0.5925294045612141
CH0679,Eminem,Elevator,0,1,0.23187191524680878
CH0684,Alicia Keys,Doesn't Mean Anything,0,0,-0.23757396340206624
CH0689,LMFAO,I'm In Miami Trick,0,0,-0.15246673379243528
CH0691,Eminem,Beautiful,0,1,0.19892470993836223
CH0695,Carrie Underwood,Home Sweet Home,0,1,0.5052392268851248
CH0696,Miley Cyrus,Hoedown Throwdown,0,1,0.8060981299712341
CH0701,Carrie Underwood,Just A Dream,0,0,-1.1844640311183317
CH0709,Alicia Keys,Teenage Love Affair,0,0,-0.26097874949005434
CH0710,Carrie Underwood,Last Name,0,1,0.051356743783113924
CH0714,Carrie Underwood,All-American Girl,0,1,0.36657482233315264
CH0723,Carrie Underwood,So Small,0,0,-0.4135020633781597
CH0725,Mary J. Blige,Work That,0,0,-0.03167834450193128
CH0727,Carrie Underwood,Do You Hear What I Hear,0,0,-1.937658666587041
CH0734,Kanye West,Can't Tell Me Nothing,0,1,0.09806472611984204
CH0735,Carrie Underwood,Wasted,0,1,0.7618359035541883
CH0736,The Fray,Look After You,0,0,-0.9762029871188772
CH0741,The Fray,Happy Xmas (War Is Over),0,0,-1.9384427118601442
CH0742,Mary J. Blige,Take Me As I Am,0,1,0.5890560652031933
CH0746,Carrie Underwood,Don't Forget To Remember Me,0,0,-0.6340104464041854
CH0750,Alicia Keys,Unbreakable,0,0,-0.5650922009125207
