track_id,id,artist,title,album_name,label,artist_group,fold
CH0049,FuVju35v7B0jtKeU,Halsey,Without Me,Without Me,1,halsey,3
CH0050,kfiD4pEhO7oZ1gFm,Post Malone,Wow.,Wow.,1,post malone,3
CH0052,MwnVtpCds5ncb4zO,Travis Scott,Sicko Mode,ASTROWORLD,1,travis scott,1
CH0053,0tQW05lczfbYpBtL,Jonas Brothers,Sucker,Sucker,1,jonas brothers,1
CH0055,ir03pZ2iEvbAqK9r,DaBaby,Suge,Baby On Baby,1,dababy,1
CH0057,87Ct1HWIQ8QBLuP9,Post Malone,Better Now,beerbongs & bentleys,1,post malone,3
CH0062,LkpZOWQt3SGE01IR,Juice WRLD,Lucid Dreams,Goodbye & Good Riddance,1,juice wrld,1
CH0071,VM3RBqr4ZElBswPN,Drake,God's Plan,Scorpion,1,drake,4
CH0072,cKMsg1zEPu3ZG2sG,Ed Sheeran,Perfect,÷ (Deluxe),1,ed sheeran,0
CH0073,HsR3z8KwJkVfx3II,Drake,In My Feelings,Scorpion,1,drake,4
CH0074,AbsruohDUlU7EpR9,Drake,Nice For What,Scorpion,1,drake,4
CH0075,QtuzX5aq5liCw5hm,XXXTENTACION,Sad!,?,1,xxxtentacion,4
CH0076,EShXQGuruxMA1cRN,Camila Cabello,Never Be The Same,Camila,1,camila cabello,0
CH0078,MVdLRZiR3M35J4b0,Imagine Dragons,Thunder,Evolve,1,imagine dragons,4
CH0080,lpdZcQBamA2fn19d,Halsey,Bad At Love,hopeless fountain kingdom (Deluxe),1,halsey,3
CH0081,sP0L6JGZHJ075alT,Imagine Dragons,Whatever It Takes,Evolve,1,imagine dragons,4
CH0082,WGVP381aoqJBb29l,Post Malone,I Fall Apart,Stoney (Deluxe),1,post malone,3
CH0085,LddxFra3eYoXPfiX,Drake,Nonstop,Scorpion,1,drake,4
CH0090,lS6K0SWtwlyvEMdz,Imagine Dragons,Natural,Origins (Deluxe),1,imagine dragons,4
CH0091,7bbCXbz5k2bdp6Kx,Ed Sheeran,Shape Of You,÷ (Deluxe),1,ed sheeran,0
CH0092,S4aRmaABYzoRFxBg,The Weeknd,Call Out My Name,"My Dear Melancholy,",1,the weeknd,4
CH0093,plT79gE2b2qrFeAv,Drake,I'm Upset,Scorpion,1,drake,4
CH0094,IC3AMRdFGbAPSuJT,XXXTENTACION,Moonlight,?,1,xxxtentacion,4
CH0096,MXpocmcURRU9eBOz,Luke Combs,One Number Away,This One's for You,1,luke combs,1
CH0097,TEoUTsR0WANQyvaQ,Imagine Dragons,Believer,Evolve,1,imagine dragons,4
CH0098,fdnDKcXqLvq6Azrk,Bruno Mars,That's What I Like,24K Magic,1,bruno mars,2
CH0099,XdMAiUWFbd7FzJcd,Kendrick Lamar,Humble.,DAMN.,1,kendrick lamar,1
CH0100,zxqKvtGMOMGE2ZeX,Future,Mask Off,FUTURE,1,future,4
CH0101,wQLIfkQd9Cf02IB3,Bruno Mars,24K Magic,24K Magic,1,bruno mars,2
CH0103,hTw4SMjYA2gvcRd1,Rihanna,Love On The Brain,ANTI,1,rihanna,4
CH0105,W76HHMmaR55GOdKo,Taylor Swift,Look What You Made Me Do,reputation (Big Machine Radio Release Special),1,taylor swift,2
CH0106,e7ucWjKm5ASO5yjC,Ed Sheeran,Castle On The Hill,÷ (Deluxe),1,ed sheeran,0
CH0107,DwXutrVwvlDgpXLY,The Chainsmokers,Paris,Paris,1,the chainsmokers,2
CH0109,W9su7UQNvcg81Mbn,Halsey,Now Or Never,hopeless fountain kingdom (Deluxe),1,halsey,3
CH0110,fVau64tLkXfmkKLr,Kendrick Lamar,DNA.,DAMN.,1,kendrick lamar,1
CH0111,Up6cy8jvX0EPQBty,Drake,Passionfruit,More Life,1,drake,4
CH0113,UaqxtsBcHJzo5XGD,Luke Combs,Hurricane,This One's for You,1,luke combs,1
CH0116,Uj90mai6ZEP6Qwwh,Adele,Water Under The Bridge,25,1,adele,3
CH0119,UPLD6S6eyvsZN4gr,Justin Bieber,Love Yourself,Purpose (Deluxe),1,justin bieber,2
CH0120,MHsjV1WqZlvw886d,Justin Bieber,Sorry,Purpose (Deluxe),1,justin bieber,2
CH0121,BBaha1obZecGL5TC,twenty one pilots,Stressed Out,Blurryface,1,twenty one pilots,0
CH0122,ovi7JfEwHwZVac7L,Adele,Hello,25,1,adele,3
CH0123,OCKjtIMrPY1rdtMr,Rihanna,Needed Me,ANTI,1,rihanna,4
CH0124,0yECeqcY1EWblSB0,twenty one pilots,Ride,Blurryface,1,twenty one pilots,0
CH0127,sdvsFE6Y4ChQFw53,Adele,Send My Love (To Your New Lover),25,1,adele,3
CH0129,A1Wrlr0DH4rVbfhA,The Weeknd,The Hills,Beauty Behind The Madness,1,the weeknd,4
CH0133,gN3HJyEplNIpIQ22,Meghan Trainor,No,NO EXCUSES,1,meghan trainor,1
CH0135,NzGo15jodGnYtchR,The Weeknd,In The Night,Beauty Behind The Madness,1,the weeknd,4
CH0136,4bwo9eFS7kpKIyCk,Meghan Trainor,Me Too,Thank You (Deluxe Version),1,meghan trainor,1
CH0137,3ddGJ4TmenmyC5Fj,Post Malone,White Iverson,Stoney (Deluxe),1,post malone,3
CH0138,xXuRT5zDQRwT35Fa,The Weeknd,Can't Feel My Face,Beauty Behind The Madness,1,the weeknd,4
CH0139,HcZW5mmVF38SUU38,Coldplay,Hymn For The Weekend,A Head Full of Dreams,1,coldplay,0
CH0141,RXEHRfLp7BRlMWtj,Taylor Swift,Wildest Dreams,1989,1,taylor swift,2
CH0142,T50g9cJbtZkzxeES,Adele,When We Were Young,25,1,adele,3
CH0144,LqeJ6YtImxR8UnlT,Coldplay,Adventure Of A Lifetime,A Head Full of Dreams,1,coldplay,0
CH0145,D5gynt2NOGjvQd43,Future,Wicked,EVOL,1,future,4
CH0146,8xFD1UO8nr1qwOg6,Ed Sheeran,Thinking Out Loud,x (Deluxe Edition),1,ed sheeran,0
CH0148,GPRFim1IjN2iLmHs,Maroon 5,Sugar,V,1,maroon 5,0
CH0149,xJMtUAy5Lfck6yxG,Taylor Swift,Blank Space,1989 (Big Machine Radio Release Special),1,taylor swift,2
CH0151,WMPyZbE6EvI5f4wF,Taylor Swift,Shake It Off,1989,1,taylor swift,2
CH0152,uM14EEhx6FZThjmK,Meghan Trainor,Lips Are Movin,Title (Deluxe),1,meghan trainor,1
CH0154,Qzl8XpFfFJVn74Hc,Meghan Trainor,All About That Bass,Title (Deluxe),1,meghan trainor,1
CH0155,aUK9S7VD2EMvvqXt,Taylor Swift,Style,1989,1,taylor swift,2
CH0156,LGqB2vDEBsIZsPi1,Ed Sheeran,Photograph,x (Deluxe Edition),1,ed sheeran,0
CH0157,sgncZroLY6icxhBv,Maroon 5,Animals,V,1,maroon 5,0
CH0161,0l74rMivq4JRIW5W,One Direction,Drag Me Down,Made In The A.M. (Deluxe Edition),1,one direction,3
CH0163,1OAeEHzoQXvoQOOz,Meghan Trainor,Dear Future Husband,Title (Deluxe),1,meghan trainor,1
CH0164,nVLWvWpV6nx9yHYv,Ed Sheeran,Don't,I Don't Care (with Justin Bieber),1,ed sheeran,0
CH0165,vxWFZbu91hL3u4cw,One Direction,Night Changes,FOUR (Deluxe),1,one direction,3
CH0167,AhYFhuki4kduBRta,Pharrell Williams,Happy,G I R L,1,pharrell williams,4
CH0168,lZDk11KaRskQqhWf,Imagine Dragons,Demons,Night Visions,1,imagine dragons,4
CH0169,DQVENBtrk6aOa7Or,One Direction,Story Of My Life,Midnight Memories (Deluxe),1,one direction,3
CH0170,X9AB542GPGgUycCq,Maroon 5,Maps,V,1,maroon 5,0
CH0171,Av9Dn4LKlLkHmmRY,Nicki Minaj,Anaconda,The Pinkprint (Deluxe),1,nicki minaj,3
CH0173,PuvanYmZ7IV6JDYv,Justin Timberlake,Not A Bad Thing,The 20/20 Experience - 2 of 2 (Deluxe),1,justin timberlake,4
CH0174,3uW7vRPZg1rDThEV,Katy Perry,Roar,PRISM (Deluxe),1,katy perry,1
CH0175,ODcj49nwgvXhA46v,Coldplay,A Sky Full Of Stars,Ghost Stories,1,coldplay,0
CH0176,0ng9VQtWuSjd0arq,Imagine Dragons,Radioactive,Night Visions,1,imagine dragons,4
CH0177,CiQyG0hK4rZuXdYY,Katy Perry,Birthday,PRISM (Deluxe),1,katy perry,1
CH0180,9z2L8uD3GjNoXSRs,Justin Timberlake,Mirrors,The 20/20 Experience (Deluxe Version),1,justin timberlake,4
CH0181,U5F4JMfzI49fpU4E,Bruno Mars,When I Was Your Man,Unorthodox Jukebox,1,bruno mars,2
CH0182,C6fiS8F49bg4R1lt,Bruno Mars,Locked Out Of Heaven,Unorthodox Jukebox,1,bruno mars,2
CH0183,Du6H3gaehf6JfGWR,Taylor Swift,I Knew You Were Trouble.,Red,1,taylor swift,2
CH0185,9EERk7bPIn9HNBvE,Rihanna,Diamonds,Unapologetic (Edited Version),1,rihanna,4
CH0186,r11CJyIEc7DHVPTm,Drake,Started From The Bottom,Nothing Was The Same,1,drake,4
CH0187,D0AdTflgurMzFo8y,Maroon 5,Daylight,Overexposed (Deluxe),1,maroon 5,0
CH0189,SmIac9nz6QDTDs0g,Maroon 5,One More Night,Overexposed (Deluxe),1,maroon 5,0
CH0190,I2lCqZd4A54SxAVB,Imagine Dragons,It's Time,Night Visions,1,imagine dragons,4
CH0191,uiKPMS3jXFnOpKZd,Maroon 5,Love Somebody,Overexposed (Deluxe),1,maroon 5,0
CH0195,kkLmZhNtRCtbcCHQ,Rihanna,Pour It Up,Unapologetic (Deluxe),1,rihanna,4
CH0196,qq4R5A0FFDwUtNsW,Taylor Swift,22,Red (Deluxe Edition),1,taylor swift,2
CH0197,kFfzTUS5cZ1VSkqU,One Direction,Best Song Ever,Midnight Memories (Deluxe),1,one direction,3
CH0198,Fmee1lN2yst7Qy0r,Ed Sheeran,The A Team,+,1,ed sheeran,0
CH0199,boG2Is4YcDe4oYLw,Kendrick Lamar,Swimming Pools (Drank),Swimming Pools (Drank),1,kendrick lamar,1
CH0200,aquQ8esYSmTJujuN,Ne-Yo,Let Me Love You (Until You Learn To Love Yourself),R.E.D. (Deluxe Edition),1,ne-yo,0
CH0201,9ZtfD8gBZXonrJKX,Nicki Minaj,Starships,Pink Friday ... Roman Reloaded,1,nicki minaj,3
CH0202,UVuQ21NbCCexmYsi,One Direction,What Makes You Beautiful,Up All Night,1,one direction,3
CH0203,FgglYlWMesX5FDdq,Adele,Set Fire To The Rain,21,1,adele,3
CH0205,emfrFnthPWX2mGuU,Katy Perry,Wide Awake,Katy Perry - Teenage Dream: The Complete Confection,1,katy perry,1
CH0206,lfh4KdUXOLvYYrTi,Rihanna,Where Have You Been,Talk That Talk,1,rihanna,4
CH0207,JAWJrd3LcrC89Ds9,Bruno Mars,It Will Rain,The Twilight Saga: Breaking Dawn - Part 1 (Original Motion Picture Soundtrack),1,bruno mars,2
CH0208,i363dXMqUcqyV0hj,Justin Bieber,Boyfriend,Believe,1,justin bieber,2
CH0209,8xrJB9uhruYJUVAL,Katy Perry,Part Of Me,Katy Perry - Teenage Dream: The Complete Confection,1,katy perry,1
CH0210,HO2ezRzEO9zoRR0M,Taylor Swift,We Are Never Ever Getting Back Together,Red,1,taylor swift,2
CH0212,aCDXOqUk2VuEZBCZ,Katy Perry,The One That Got Away,Katy Perry - Teenage Dream: The Complete Confection,1,katy perry,1
CH0213,rKhKGhLTw5HRbpZ7,Adele,Someone Like You,21,1,adele,3
CH0214,pXfTFyMzBZ9CYblQ,Chris Brown,Don't Wake Me Up,Fortune (Expanded Edition),1,chris brown,1
CH0215,j6itkKH2MZQ2UP9H,Adele,Rumour Has It,21,1,adele,3
CH0216,bU9zsndJzZ8fRZ92,Coldplay,Paradise,Mylo Xyloto,1,coldplay,0
CH0218,4U4OVmmnenJ5xGrp,Adele,Rolling In The Deep,21,1,adele,3
CH0219,gMPBZluEUBf0SHsi,Usher,Climax,Looking 4 Myself (Expanded Edition),1,usher,2
CH0220,qSLs0sc2gDwMqSa0,Nicki Minaj,Pound The Alarm,Pink Friday ... Roman Reloaded,1,nicki minaj,3
CH0221,PEFaEAWlOfoqxM3u,Chris Brown,Turn Up The Music,Fortune (Expanded Edition),1,chris brown,1
CH0222,nr99Pb1SEvKMWZb9,Rihanna,You Da One,Talk That Talk,1,rihanna,4
CH0223,X90FM1k6kIL08QcO,Katy Perry,Firework,Katy Perry - Teenage Dream: The Complete Confection,1,katy perry,1
CH0224,i6sQnvbs1wdujJbo,Bruno Mars,Grenade,Doo-Wops & Hooligans,1,bruno mars,2
CH0225,iG3kLv8ql5d7Qkev,Nicki Minaj,Super Bass,Pink Friday (Deluxe),1,nicki minaj,3
CH0226,KzEexvXpWTukDZhx,Rihanna,S&M,Loud,1,rihanna,4
CH0228,OlMgiYbFuwQNGl7B,Bruno Mars,Just The Way You Are,Doo-Wops & Hooligans,1,bruno mars,2
CH0232,lC6vonkApPQMR5ah,Lil Wayne,How To Love,Tha Carter IV (Deluxe),1,lil wayne,3
CH0233,vqFYS6LzsyiT21RG,Bruno Mars,The Lazy Song,Doo-Wops & Hooligans,1,bruno mars,2
CH0234,LgyYrae7q9zE3WBM,Britney Spears,Till The World Ends,Femme Fatale (Deluxe Version),1,britney spears,0
CH0236,lRLghnaPyAvhhXFy,Ke$ha,We R Who We R,Ultimate Pop Hits 2010,1,ke$ha,0
CH0237,dxt2nA8f7iplzpKZ,Ke$ha,Blow,Karaoke The Best Collection,1,ke$ha,0
CH0238,9Fo06iJXGdiHd66n,Rihanna,Only Girl (In The World),Loud,1,rihanna,4
CH0239,7ybFOESP4YA8HJ5Q,Britney Spears,I Wanna Go,Femme Fatale (Deluxe Version),1,britney spears,0
CH0244,WFgdVZA6oKnMGP84,Avril Lavigne,What The Hell,Goodbye Lullaby (Expanded Edition),1,avril lavigne,0
CH0246,Wk8yYIWx81WiAK6M,Taylor Swift,Back To December,Speak Now,1,taylor swift,2
CH0247,bgaW0PAE9g3ndI3H,Katy Perry,Teenage Dream,Katy Perry - Teenage Dream: The Complete Confection,1,katy perry,1
CH0249,NB1WV5meJ08E9EhN,Drake,Headlines,Take Care (Deluxe),1,drake,4
CH0254,KO5bV2cN61zILYqO,Rihanna,Rude Boy,Rated R,1,rihanna,4
CH0256,lEPUm2Z9Egqr8wYl,Ke$ha,Your Love Is My Drug,Your love is my drug,1,ke$ha,0
CH0259,qrsBXgg2VPF46UJj,Taylor Swift,Mine,Speak Now,1,taylor swift,2
CH0260,BrIybqVN8jwIa1gG,Taylor Swift,You Belong With Me,Fearless,1,taylor swift,2
CH0261,5XKFX0jst81vYl6V,Ke$ha,Take It Off,Take it off,1,ke$ha,0
CH0262,9uChJlLyGUsMWo1P,Drake,Over,Thank Me Later,1,drake,4
CH0263,KcpmD9WHlBFuLLim,Maroon 5,Misery,Hands All Over (Deluxe),1,maroon 5,0
CH0265,l1ShwBBWLIceEXPv,Nicki Minaj,Your Love,Pink Friday (Deluxe),1,nicki minaj,3
CH0267,5RdNYioboZLvRYPC,Britney Spears,3,The Singles Collection,1,britney spears,0
CH0270,qTnKN7r0c5brSb3u,Taylor Swift,Today Was A Fairytale,Today Was A Fairytale,1,taylor swift,2
CH0273,oqTZIxQWETZyiWzn,Daughtry,Life After You,Leave This Town,1,daughtry,2
CH0276,0ZawKMwMandsCEtE,Taylor Swift,Love Story,Fearless,1,taylor swift,2
CH0280,qCw5UDycGtIVP3rZ,Drake,Best I Ever Had,Thank Me Later (Int'l Version),1,drake,4
CH0282,IgXQdMxxkraQWevO,Katy Perry,Hot N Cold,One Of The Boys,1,katy perry,1
CH0283,cWXpvnMaoOLOcPZx,Britney Spears,Circus,Circus (Deluxe Version),1,britney spears,0
CH0285,2gEq8ocry6T8fyFv,Katy Perry,Waking Up In Vegas,One Of The Boys,1,katy perry,1
CH0287,Y8DBMCKgxRL5sF71,Britney Spears,Womanizer,Circus (Deluxe Version),1,britney spears,0
CH0288,TwtFpQa2IRpriRlK,Ne-Yo,Mad,Year Of The Gentleman (Bonus Track Edition),1,ne-yo,0
CH0292,0Lgc4YsFJTKIOTZQ,Nickelback,Gotta Be Somebody,Dark Horse,1,nickelback,2
CH0294,gX7Wjq4qPvzzqp96,Coldplay,Viva La Vida,Viva La Vida or Death and All His Friends,1,coldplay,0
CH0295,TuKbKlvprrYRsHl6,Akon,Right Now (Na Na Na),Freedom,1,akon,4
CH0296,04iitW3ffa0mhpx3,Ne-Yo,Miss Independent,Year Of The Gentleman (Bonus Track Edition),1,ne-yo,0
CH0297,X7bQrZDxfVGK3aVV,Daughtry,No Surprise,It's Not Over....The Hits So Far,1,daughtry,2
CH0298,WGkNJ03DtUyOmUCZ,Nickelback,If Today Was Your Last Day,Dark Horse,1,nickelback,2
CH0299,liugCPDXGe12SMjq,Britney Spears,If U Seek Amy,Circus (Deluxe Version),1,britney spears,0
CH0301,sEGBgaw9QdOHu2ht,Rihanna,Disturbia,Good Girl Gone Bad: Reloaded,1,rihanna,4
CH0303,ml67gbxgASBRLhdG,Justin Bieber,One Time,My World,1,justin bieber,2
CH0305,7kVURZXnP9Qtb7Ib,Leona Lewis,Bleeding Love,Spirit,1,leona lewis,1
CH0307,yLvUie5PmwKD0erG,Chris Brown,With You,Exclusive (Expanded Edition),1,chris brown,1
CH0308,TL8X5uSVhhOgSbP6,Chris Brown,Forever,Forever,1,chris brown,1
CH0309,ofy6eLfSBggG4NNK,Rihanna,Take A Bow,Good Girl Gone Bad: Reloaded,1,rihanna,4
CH0310,DgRKwcViR1h461OP,Katy Perry,I Kissed A Girl,One Of The Boys,1,katy perry,1
CH0311,Lh1PgK2c9VRI3eYR,Rihanna,Don't Stop The Music,Good Girl Gone Bad: Reloaded,1,rihanna,4
CH0312,gwqCQK5DuEi239Mx,Ne-Yo,Closer,Year Of The Gentleman (Bonus Track Edition),1,ne-yo,0
CH0313,foewEpGywgeJql6J,Fergie,Clumsy,The Dutchess,1,fergie,1
CH0315,CovyQ9KZ9gOB04WT,Taylor Swift,Our Song,Taylor Swift,1,taylor swift,2
CH0318,dyJChe0hyCgAjMoK,Taylor Swift,Teardrops On My Guitar,Taylor Swift (Big Machine Radio Release Special),1,taylor swift,2
CH0319,0LKmbA8Jhf0HyVJ9,Leona Lewis,Better In Time,Spirit,1,leona lewis,1
CH0320,r5jALadk5xMgqXOK,Jonas Brothers,Burnin' Up,A Little Bit Longer,1,jonas brothers,1
CH0321,HqwHNAy1DQlJ8fGe,Fergie,Big Girls Don't Cry,The Dutchess,1,fergie,1
CH0322,6Wa3pHMOGYEw6OQx,Britney Spears,Piece Of Me,Blackout,1,britney spears,0
CH0324,xdKiahNTvCwfhzdN,Daughtry,Feels Like Tonight,Daughtry,1,daughtry,2
CH0327,DPGhN6RAvGYvEVYY,Akon,Don't Matter,Konvicted,1,akon,4
CH0328,VAfPQbtXvfEQaFr0,Avril Lavigne,Girlfriend,The Best Damn Thing (Expanded Edition),1,avril lavigne,0
CH0329,4z8DhptSBrDOmbbP,Maroon 5,Makes Me Wonder,It Won't Be Soon Before Long.,1,maroon 5,0
CH0330,TWZuGhL5aVxqNhdV,Daughtry,It's Not Over,Daughtry (Deluxe Edition),1,daughtry,2
CH0331,EQ1QVyEwtzNWfDWV,Fergie,Fergalicious,The Dutchess,1,fergie,1
CH0332,8bTBkUBYlO7DInop,Justin Timberlake,What Goes Around...Comes Around,FutureSex/LoveSounds Deluxe Edition,1,justin timberlake,4
CH0334,1d0rrZRbKBwrZZgz,Daughtry,Home,Daughtry (Deluxe Edition),1,daughtry,2
CH0337,XwN0rgXz1jrR6RMD,Nickelback,Rockstar,All the Right Reasons (Special Edition),1,nickelback,2
CH0338,0sOOmeyHQK7leJQT,Justin Timberlake,Summer Love,FutureSex/LoveSounds Deluxe Edition,1,justin timberlake,4
CH0339,cobqPU5dWFN2g6ky,Nickelback,If Everyone Cared,All the Right Reasons (Special Edition),1,nickelback,2
CH0340,o47Doa0bvshJMKF1,Ne-Yo,Because Of You,Because Of You,1,ne-yo,0
CH0341,x9kgSfSN5b2LtZCX,Justin Timberlake,SexyBack,50 Pop Sensations,1,justin timberlake,4
CH0342,nwCwIkN83De1v9tK,Avril Lavigne,Keep Holding On,The Best Damn Thing (Expanded Edition),1,avril lavigne,0
CH0344,HVfEjOVx2RkooC3u,Gwen Stefani,Wind It Up,The Sweet Escape,1,gwen stefani,0
CH0345,dQ7foH0M8vkZuY7u,Rihanna,Shut Up And Drive,Good Girl Gone Bad: Reloaded,1,rihanna,4
CH0346,fOk0vT4HTI4QtWwF,Nickelback,Far Away,All the Right Reasons,1,nickelback,2
CH0347,dWRyYHx9pzv6ySxb,Justin Timberlake,LoveStoned,FutureSex/LoveSounds Deluxe Edition,1,justin timberlake,4
CH0348,DG4F2woJYh1Ig81S,Sean Paul,Temperature,The Trinity,1,sean paul,2
CH0350,i5U72S57vzbzvebC,Chris Brown,Run It!,Chris Brown (Expanded Edition),1,chris brown,1
CH0351,GiYQuPMcMHpOLuaP,Ne-Yo,So Sick,In My Own Words,1,ne-yo,0
CH0352,GD2tddH1GpFJrynx,Rihanna,SOS,A Girl Like Me,1,rihanna,4
CH0353,leHzgHWsFghOXEYN,Fergie,London Bridge,The Dutchess,1,fergie,1
CH0355,v0t30sSQq271FX84,Rihanna,Unfaithful,A Girl Like Me,1,rihanna,4
CH0356,Xd4m18FmyiGLfJaJ,Chris Brown,Yo (Excuse Me Miss),Chris Brown (Expanded Edition),1,chris brown,1
CH0357,mjvZLcQCLTeo1J55,T.I.,What You Know,King,1,t.i.,3
CH0358,o3akKJSNEEv4zgWo,Nickelback,Savin' Me,All the Right Reasons,1,nickelback,2
CH0359,i7O1MXqGItc1peRD,Ne-Yo,Sexy Love,In My Own Words,1,ne-yo,0
CH0360,nbI5EmAsR3uIqp9G,Rascal Flatts,Life Is A Highway,Me And My Gang,1,rascal flatts,0
CH0363,w1DNGoZLFFnLQO7L,Chris Brown,Say Goodbye,Chris Brown (Expanded Edition),1,chris brown,1
CH0469,mGgpJi5DgKSn3qKl,Imagine Dragons,Bad Liar,Origins (Deluxe),0,imagine dragons,4
CH0472,AkLsPFsWyNXZLk0u,Juice WRLD,Hear Me Calling,Death Race For Love,0,juice wrld,1
CH0478,mx4JZ59v8FYgxblg,Lil Wayne,Uproar,Tha Carter V,0,lil wayne,3
CH0479,YlyMFadB7mkG4K8t,XXXTENTACION,BAD!,BAD!,0,xxxtentacion,4
CH0482,Y9MLLewiXNuZWQyF,Juice WRLD,Armed And Dangerous,Goodbye & Good Riddance,0,juice wrld,1
CH0484,rewGUIQQu7XqvY1j,Drake,Mob Ties,Scorpion,0,drake,4
CH0485,rDNYBGHtNbCQzHu8,Juice WRLD,All Girls Are The Same,Goodbye & Good Riddance,0,juice wrld,1
CH0487,COMGz452z4yxC8Sx,twenty one pilots,Jumpsuit,Trench,0,twenty one pilots,0
CH0490,SuoCWL5SysFFarIZ,Drake,Emotionless,Scorpion,0,drake,4
CH0492,T0oHOguSciW7gOsa,Meghan Trainor,No Excuses,NO EXCUSES,0,meghan trainor,1
CH0495,ZPGlYKsTblbyJPiD,XXXTENTACION,The Remedy For A Broken Heart (Why Am I So In Love),?,0,xxxtentacion,4
CH0496,dVLg34HafHN2B9lW,Post Malone,Candy Paint,beerbongs & bentleys,0,post malone,3
CH0497,Bcu5LoBHKJGgE3wO,Taylor Swift,...Ready For It?,reputation,0,taylor swift,2
CH0500,vM19ZgX2PKiP6P4w,Luke Combs,When It Rains It Pours,This One's for You,0,luke combs,1
CH0502,QWFOaJ0JJClAntBg,XXXTENTACION,Jocelyn Flores,17,0,xxxtentacion,4
CH0503,RLr5e7MmIsMyGzLR,Taylor Swift,Gorgeous,reputation,0,taylor swift,2
CH0505,9w9gcgpKBBcZMXHL,Post Malone,Go Flex,Stoney (Deluxe),0,post malone,3
CH0506,kWGPFJxd2ZNw2vxO,Bruno Mars,Versace On The Floor,24K Magic,0,bruno mars,2
CH0509,oH3X6iO8y0mtFLjL,Camila Cabello,Crying In The Club,Crying in the Club,0,camila cabello,0
CH0513,P7uU05NIUWOrnRi2,The Weeknd,Reminder,Starboy,0,the weeknd,4
CH0514,aKrK1ilNBUJmFyFc,Kendrick Lamar,Element.,DAMN.,0,kendrick lamar,1
CH0516,9Iojy4zbIfaYYqDX,Nicki Minaj,Regret In Your Tears,Regret In Your Tears,0,nicki minaj,3
CH0517,7I0SNqYAVs4StrdH,Ed Sheeran,Galway Girl,÷ (Deluxe),0,ed sheeran,0
CH0520,6vKQhLVmnH9prxNT,Ed Sheeran,Dive,÷ (Deluxe),0,ed sheeran,0
CH0525,R04V6BMT4lFq1Mcj,Katy Perry,Rise,Rise,0,katy perry,1
CH0529,CDYHskmt3s9anoMP,Fergie,M.I.L.F. $,Double Dutchess,0,fergie,1
CH0534,YYttFoloC0q8XXEx,Taylor Swift,New Romantics,1989 (Deluxe Edition),0,taylor swift,2
CH0536,HXsF0S8VlJD4aEoa,Justin Bieber,Company,Purpose (Deluxe),0,justin bieber,2
CH0538,x6FmWdQmnikxX4Md,Gwen Stefani,Make Me Like You,This Is What The Truth Feels Like,0,gwen stefani,0
CH0541,wi08y7b74j31Ywn2,Justin Bieber,I'll Show You,Purpose (Deluxe),0,justin bieber,2
CH0542,J4IE1dKL7swenCvG,Gwen Stefani,Used To Love You,This Is What The Truth Feels Like,0,gwen stefani,0
CH0543,B4fJRWgsQ3f0D7yZ,Halsey,New Americana,BADLANDS,0,halsey,3
CH0547,NTNVEBvtGPK2pCVh,Justin Bieber,Mark My Words,Purpose (Deluxe),0,justin bieber,2
CH0549,ZSiAHiay6ZLlgjeP,Justin Bieber,Children,Purpose (Deluxe),0,justin bieber,2
CH0551,vN785Sseuza5Pyiy,Justin Bieber,Been You,Purpose (Deluxe),0,justin bieber,2
CH0552,kaTWQ3nrtosEWVFl,One Direction,If I Could Fly,Made In The A.M. (Deluxe Edition),0,one direction,3
CH0553,IOVRWAEM4YKRZbR4,One Direction,Olivia,Made In The A.M. (Deluxe Edition),0,one direction,3
CH0554,iD9paQje51Kae4mX,Justin Bieber,Get Used To It,Purpose (Deluxe),0,justin bieber,2
CH0555,ZqkKQJ0LkofetMs4,One Direction,A.M.,Made In The A.M. (Deluxe Edition),0,one direction,3
CH0557,qEK60KgB2K85OqKT,One Direction,Temporary Fix,Made In The A.M. (Deluxe Edition),0,one direction,3
CH0561,lULVeecap4xtvarT,Nicki Minaj,The Night Is Still Young,The Pinkprint (Deluxe),0,nicki minaj,3
CH0564,ms5Y6HGhKJRgAEfe,Kendrick Lamar,Alright,To Pimp A Butterfly,0,kendrick lamar,1
CH0565,VCFEdiDe9DmaHTQl,twenty one pilots,Tear In My Heart,Blurryface,0,twenty one pilots,0
CH0567,oj8ts8pbJ638PBwU,Imagine Dragons,I Bet My Life,Smoke + Mirrors,0,imagine dragons,4
CH0569,DKfqiNeEU6glhLtz,Kendrick Lamar,King Kunta,To Pimp A Butterfly,0,kendrick lamar,1
CH0573,RQ4ZF9bRVhym115p,twenty one pilots,Fairly Local,Blurryface,0,twenty one pilots,0
CH0575,dYjPnZ76Pj0fe2Av,Fergie,L.A.LOVE (la la),Double Dutchess,0,fergie,1
CH0576,OWpUk8iwm6l2Tmdg,One Direction,Steal My Girl,FOUR (Deluxe),0,one direction,3
CH0578,ZzEbCHIWNhs3KO2i,Kendrick Lamar,i,i,0,kendrick lamar,1
CH0579,1xmP49cWq6k1JhaJ,Gwen Stefani,Baby Don't Lie,Baby Don't Lie,0,gwen stefani,0
CH0582,j1KyMX4qo1xhFIqE,Nicki Minaj,Pills N Potions,The Pinkprint (Deluxe),0,nicki minaj,3
CH0583,KOT0B31EpP6yZIv1,Pharrell Williams,Come Get It Bae,G I R L,0,pharrell williams,4
CH0584,c80eWCAaTlLlJPXX,Usher,Good Kisser,Good Kisser,0,usher,2
CH0585,y6hGYhYO75plpoZG,Bruno Mars,Young Girls,Unorthodox Jukebox,0,bruno mars,2
CH0587,zs8HfoDBJLYAtDrU,Coldplay,Magic,Ghost Stories,0,coldplay,0
CH0588,nlgMHNZ0qCS2vdmV,Imagine Dragons,On Top Of The World,Night Visions (Deluxe),0,imagine dragons,4
CH0589,oed874gCtftyvvV9,Katy Perry,Unconditionally,PRISM (Deluxe),0,katy perry,1
CH0591,HJak8rJJr5v8RRqW,Drake,The Language,Nothing Was The Same,0,drake,4
CH0592,jQBtgQK0UoRTMZqc,Justin Timberlake,TKO,The 20/20 Experience - 2 of 2 (Deluxe),0,justin timberlake,4
CH0593,gyXgfQKk3xIuMn6n,Justin Bieber,All That Matters,Journals,0,justin bieber,2
CH0596,EW0SFqwiE6dxE0J2,Britney Spears,Perfume,Britney Jean (Deluxe Version),0,britney spears,0
CH0597,CKT0RcoGLqZWz5Bk,Drake,Worst Behavior,Nothing Was The Same,0,drake,4
CH0598,twZa5028OAb1bOmd,Daughtry,Waiting For Superman,Baptized (Deluxe Version),0,daughtry,2
CH0601,x3wfcyxEQjeCrl8b,One Direction,Midnight Memories,Midnight Memories (Deluxe),0,one direction,3
CH0602,42xjjaDcSkA3Qwe0,Rihanna,What Now,Unapologetic (Deluxe),0,rihanna,4
CH0603,CxnfN2DoTEkvoOfE,Bruno Mars,Gorilla,Unorthodox Jukebox,0,bruno mars,2
CH0607,GVOsPltnnQI3R4bN,Justin Timberlake,Take Back The Night,The 20/20 Experience - 2 of 2 (Deluxe),0,justin timberlake,4
CH0608,FhqidprAFQuWLsdr,Britney Spears,Ooh La La,"Ooh La La (from ""The Smurfs 2"")",0,britney spears,0
CH0609,RgyVvABSfX0n0IRY,Avril Lavigne,Here's To Never Growing Up,Avril Lavigne (Expanded Edition),0,avril lavigne,0
CH0610,kyPo9opsPE542zTX,Chris Brown,Fine China,X (Expanded Edition),0,chris brown,1
CH0612,JssRsjqbYK0pxhNt,One Direction,Kiss You,Take Me Home: Yearbook Edition,0,one direction,3
CH0613,3WKpA7U7eqvNLMte,Justin Timberlake,Pusher Love Girl,The 20/20 Experience (Deluxe Version),0,justin timberlake,4
CH0614,SXOftMeTB6uzalYw,Future,Neva End,Pluto,0,future,4
CH0616,TYzE3GZ09bemtB4Y,Kendrick Lamar,"Bitch, Don't Kill My Vibe","good kid, m.A.A.d city (Deluxe)",0,kendrick lamar,1
CH0618,lGyL0iMHYyOrk5nR,Nicki Minaj,Va Va Voom,Pink Friday ... Roman Reloaded (Deluxe),0,nicki minaj,3
CH0619,3sYGKEcdzPJb3MUD,One Direction,Little Things,Take Me Home: Yearbook Edition,0,one direction,3
CH0620,3XjZWZ3sqHQotnyS,The Weeknd,Wicked Games,Trilogy,0,the weeknd,4
CH0622,fyTPYIaKV4tfEYvk,Adele,Skyfall,Skyfall (Full Length),0,adele,3
CH0623,SsgJQdIi3BfhW3m3,One Direction,Live While We're Young,Take Me Home: Yearbook Edition,0,one direction,3
CH0624,GS9sA7w27UQ992Pm,Taylor Swift,Begin Again,Red,0,taylor swift,2
CH0625,vBZlNObQdxem1CeC,Future,Turn On The Lights,Pluto 3D,0,future,4
CH0628,CU6NaaE7sTBOesXT,One Direction,One Thing,Up All Night,0,one direction,3
CH0629,VSx4dyV7xeMsTltE,Taylor Swift,Eyes Open,The Hunger Games: Songs From District 12 And Beyond,0,taylor swift,2
CH0630,d9eV13r4muvEHBGZ,Taylor Swift,Ours,Speak Now (Deluxe Edition),0,taylor swift,2
CH0633,q4lQaiyJV4n3IrvT,Justin Bieber,Mistletoe,Under The Mistletoe (Deluxe Edition),0,justin bieber,2
CH0635,Kg9bo7DtSfUG4B1Q,Nickelback,When We Stand Together,Here and Now (Audio Only Version),0,nickelback,2
CH0636,5fz08CJx42Ia7DrS,Avril Lavigne,Wish You Were Here,Goodbye Lullaby (Expanded Edition),0,avril lavigne,0
CH0639,sJ1U8EUHksZcyFW8,Nicki Minaj,Stupid Hoe,Pink Friday ... Roman Reloaded,0,nicki minaj,3
CH0640,2NSju7FYSA1ggOJ7,Taylor Swift,If This Was A Movie,Speak Now (Deluxe Edition),0,taylor swift,2
CH0641,Sby9Znztm2WXgqfK,Taylor Swift,Sparks Fly,Speak Now (Deluxe Edition),0,taylor swift,2
CH0643,Ms2pWank5m6KEsp9,Britney Spears,Criminal,Femme Fatale (Deluxe Version),0,britney spears,0
CH0644,j58UUT5phAeHaWwd,Drake,Shot For Me,Take Care (Deluxe),0,drake,4
CH0645,s1EqdNLL9dsDrt8K,Rihanna,California King Bed,Loud,0,rihanna,4
CH0646,iubJ7paGnrLWcuop,Taylor Swift,Mean,Speak Now,0,taylor swift,2
CH0647,4rZKXzz2T8WDhrZS,Rihanna,Man Down,Loud,0,rihanna,4
CH0649,0cuo4JAsQZ337r1q,Drake,Marvins Room,Take Care (Deluxe),0,drake,4
CH0650,d7vF3ohcsKQRg5ii,Avril Lavigne,Smile,Goodbye Lullaby (Expanded Edition),0,avril lavigne,0
CH0651,GmHwPwdzci39Corm,Taylor Swift,The Story Of Us,Speak Now,0,taylor swift,2
CH0655,YK8s7Bz2QIY7Da0H,Nicki Minaj,Right Thru Me,Pink Friday (Deluxe),0,nicki minaj,3
CH0658,Pg3QzxAKzcqReEGB,Daughtry,September,Leave This Town,0,daughtry,2
CH0659,YPuPzSCKYc6wHkms,Akon,Angel,Angel,0,akon,4
CH0661,m8XEbrVUsdAMvB3i,Ne-Yo,Beautiful Monster,Libra Scale,0,ne-yo,0
CH0662,PChWhhZzDyNERVxT,Nickelback,This Afternoon,Dark Horse,0,nickelback,2
CH0666,VGT0ejbkVQVAOuqU,Justin Bieber,U Smile,My World 2.0,0,justin bieber,2
CH0670,e8NYNKrOvLenLEz8,Taylor Swift,Fearless,Fearless,0,taylor swift,2
CH0671,WlbMwCSHTEc1frGa,Avril Lavigne,Alice,Goodbye Lullaby (Expanded Edition),0,avril lavigne,0
CH0672,7YUu0uDtV3y8I3em,Taylor Swift,Fifteen,Fearless,0,taylor swift,2
CH0674,5GiHEAuvIpIpahEi,Rihanna,Russian Roulette,Rated R,0,rihanna,4
CH0676,Lh9OREengDyz8Grp,Justin Bieber,One Less Lonely Girl,My World,0,justin bieber,2
CH0678,fZtRkgwruZl0WRgw,Nickelback,Never Gonna Be Alone,Dark Horse,0,nickelback,2
CH0680,vHyf1G6okQOJSrUJ,Chris Brown,Crawl,Graffiti (Expanded Edition),0,chris brown,1
CH0685,u069Vg5qEJPEvkmv,Justin Bieber,Bigger,My World,0,justin bieber,2
CH0690,RIQzXwyUjJWYzu7s,Daughtry,You Don't Belong,Leave This Town,0,daughtry,2
CH0694,MihR2t8dMX9eOEOv,Katy Perry,Thinking Of You,One Of The Boys,0,katy perry,1
CH0697,Bqw7QggGdglxwqu4,Taylor Swift,You're Not Sorry,Fearless,0,taylor swift,2
CH0698,BBsYY7cGJGl0lsMF,Rihanna,Rehab,Good Girl Gone Bad,0,rihanna,4
CH0702,Fy1UkIfu8wWdQBlU,Leona Lewis,Run,Sing Me to Sleep,0,leona lewis,1
CH0703,okBibb3Q0k6xhWUl,Daughtry,What About Now,Daughtry,0,daughtry,2
CH0704,w27Z0tEdYFJJVg86,Nickelback,I'd Come For You,Dark Horse,0,nickelback,2
CH0705,ubWdv3Z9CRVQWbTq,Jonas Brothers,Lovebug,A Little Bit Longer,0,jonas brothers,1
CH0706,Jf1SxBDpOZaNuFLp,Jonas Brothers,Pushin' Me Away,A Little Bit Longer,0,jonas brothers,1
CH0707,d9lbCfoluX4nL1nF,Taylor Swift,Should've Said No,Taylor Swift,0,taylor swift,2
CH0712,HBgCbCYmDkKH3QGq,Jonas Brothers,Play My Music,Camp Rock,0,jonas brothers,1
CH0713,BDiA9MPcnVIeHMGQ,Jonas Brothers,When You Look Me In The Eyes,Jonas Brothers,0,jonas brothers,1
CH0715,NLDnWLcmYl9vluUM,Taylor Swift,Picture To Burn,Taylor Swift,0,taylor swift,2
CH0716,qr7l3zZju9kS4Azs,Britney Spears,Break The Ice,Blackout,0,britney spears,0
CH0717,Hseuo3G6TyErbkmt,Maroon 5,Won't Go Home Without You,It Won't Be Soon Before Long.,0,maroon 5,0
CH0719,JPt3d6I02o8NZlOl,Daughtry,Over You,Daughtry,0,daughtry,2
CH0720,Nlh671ChEHYhVhH2,Maroon 5,Wake Up Call,It Won't Be Soon Before Long.,0,maroon 5,0
CH0722,l37cVEDES82eQsD9,Britney Spears,Gimme More,Blackout,0,britney spears,0
CH0726,zESQLjDpIo5GGYOM,Jonas Brothers,S.O.S.,Jonas Brothers,0,jonas brothers,1
CH0729,YU8nKJzUhEYopLrZ,Akon,"Sorry, Blame It On Me",Konvicted,0,akon,4
CH0731,ZkL7v5NORrgvR7eo,Avril Lavigne,When You're Gone,The Best Damn Thing (Expanded Edition),0,avril lavigne,0
CH0732,V1kh2D4q08uK6wGh,Gwen Stefani,4 In The Morning,The Sweet Escape,0,gwen stefani,0
CH0738,tn1zaGGsAY7gDc6G,Jonas Brothers,Year 3000,Music From Chasing Happiness,0,jonas brothers,1
CH0739,02cqDSNdfTyOD1AI,Rascal Flatts,My Wish,Me And My Gang,0,rascal flatts,0
CH0740,mb3gfWnBLSFu2ynL,Taylor Swift,Tim McGraw,Taylor Swift,0,taylor swift,2
CH0748,o3qYQhwTtW8TnTok,Gwen Stefani,Luxurious,Love Angel Music Baby,0,gwen stefani,0
CH0749,WQ8Hw0kLgQSYhuLy,Rihanna,If It's Lovin' That You Want,Music Of The Sun,0,rihanna,4
