track_id,artist_group,label,fold,legacy_mi50,legacy_mi50_score,musicnn,musicnn_score,combined,combined_score
CH0049,halsey,1,3,1,0.557008625633552,1,0.674432083168504,1,0.7033632887736251
CH0050,post malone,1,3,1,0.5882869628870877,1,0.667776705583352,1,0.5534651030964337
CH0052,travis scott,1,1,1,0.8576232615400596,1,0.6144709026648594,1,0.8310473746637045
CH0053,jonas brothers,1,1,1,0.5425853788874805,1,0.6472627104497194,1,0.548947810918836
CH0055,dababy,1,1,0,0.4770546209918091,1,0.6517117598780141,1,0.6120224092443274
CH0057,post malone,1,3,1,0.8016194414147099,1,0.6748570655652079,1,0.8777532423250134
CH0062,juice wrld,1,1,1,0.615411982618107,1,0.6194688891158839,1,0.5521253450683389
CH0071,drake,1,4,1,0.673268928420706,0,0.4519406908215635,1,0.5087248839268781
CH0072,ed sheeran,1,0,1,0.6439146732381602,0,0.4533272059561928,1,0.5598526009509271
CH0073,drake,1,4,1,0.9044043421058918,1,0.6968745591194192,1,0.8997958982280373
CH0074,drake,1,4,0,0.24988116430622478,1,0.6478154948147813,0,0.24721813782758886
CH0075,xxxtentacion,1,4,1,0.7499433946622281,1,0.6897445239962684,1,0.7905967486765695
CH0076,camila cabello,1,0,0,0.3729160137785882,0,0.46889440492060275,0,0.211632863597652
CH0078,imagine dragons,1,4,0,0.4629412754081267,1,0.5597233850016403,0,0.44555677289980467
CH0080,halsey,1,3,1,0.7649100512378749,0,0.468664902542255,1,0.6157674173708297
CH0081,imagine dragons,1,4,1,0.6176770267768467,0,0.4748940645140534,1,0.5544658545049901
CH0082,post malone,1,3,1,0.8712089238820369,1,0.712214965671115,1,0.8414006486961972
CH0085,drake,1,4,0,0.4269806047694858,1,0.7396244028012328,1,0.5084648277627781
CH0090,imagine dragons,1,4,1,0.6495612833095518,1,0.5379138964806657,1,0.5454226387593503
CH0091,ed sheeran,1,0,0,0.47164540654044584,1,0.6806680690268763,1,0.6490718819990412
CH0092,the weeknd,1,4,0,0.38030064309026695,1,0.7165118670798206,0,0.4612976088420419
CH0093,drake,1,4,1,0.8334805330414423,1,0.6446338877421292,1,0.7751999289011184
CH0094,xxxtentacion,1,4,1,0.7387559684530034,1,0.7457308205683395,1,0.8483736883115309
CH0096,luke combs,1,1,0,0.22334669187092102,1,0.5998683639925241,0,0.24884475717804216
CH0097,imagine dragons,1,4,1,0.559832048433222,1,0.5794467309861262,1,0.5775095395852431
CH0098,bruno mars,1,2,1,0.8325159926431998,1,0.7225493826394987,1,0.8964830093119196
CH0099,kendrick lamar,1,1,1,0.6056353824873567,1,0.6204254344701586,1,0.5431067791324597
CH0100,future,1,4,1,0.650635417141564,1,0.7357886645100915,1,0.7338183156309384
CH0101,bruno mars,1,2,1,0.6501706399876711,1,0.5196362659858438,0,0.4718672546625509
CH0103,rihanna,1,4,0,0.29228761842886286,0,0.20115244576401917,0,0.05615666593475365
CH0105,taylor swift,1,2,1,0.7013668941620578,1,0.6591756195523463,1,0.5916549750025589
CH0106,ed sheeran,1,0,0,0.40921312213805805,0,0.43440312400819847,0,0.3903059131851903
CH0107,the chainsmokers,1,2,1,0.5741614388174543,0,0.464963101761835,1,0.5324572899128188
CH0109,halsey,1,3,0,0.4478265868812979,0,0.27688037688211026,0,0.1970224497023217
CH0110,kendrick lamar,1,1,1,0.7823679436160322,1,0.5797557476852996,1,0.8277909784614929
CH0111,drake,1,4,1,0.8137927220896322,1,0.6596407454251969,1,0.8314693961957763
CH0113,luke combs,1,1,1,0.6433283131355557,0,0.4963169773803874,1,0.5489372047345435
CH0116,adele,1,3,1,0.7101806516856123,1,0.5845260722601766,1,0.7565070833940706
CH0119,justin bieber,1,2,1,0.7484242137793741,1,0.5082485253284871,1,0.586986493198591
CH0120,justin bieber,1,2,1,0.5832341106006776,1,0.5697969362198853,1,0.6868264988151431
CH0121,twenty one pilots,1,0,0,0.29841679604599664,1,0.6798996014685229,0,0.42527206128237605
CH0122,adele,1,3,1,0.7379465436252934,0,0.23559074387809628,0,0.4285088888266919
CH0123,rihanna,1,4,1,0.6558777997114346,1,0.6303799807699444,1,0.636228411774563
CH0124,twenty one pilots,1,0,1,0.7625927998708013,1,0.5960228529552019,1,0.8449745182023143
CH0127,adele,1,3,0,0.3692910533072508,1,0.7649883482482154,1,0.5337261893664098
CH0129,the weeknd,1,4,0,0.4645399349181538,0,0.48866998745767354,0,0.3712597227978335
CH0133,meghan trainor,1,1,0,0.4617142432826144,1,0.5367087555882317,0,0.39187090679509623
CH0135,the weeknd,1,4,0,0.3985314726755525,0,0.4281302294869866,0,0.295362310255024
CH0136,meghan trainor,1,1,0,0.30236400437266703,1,0.568097857223202,0,0.2710525945745525
CH0137,post malone,1,3,1,0.5611627161287251,1,0.5000305533196922,0,0.42330653919283673
CH0138,the weeknd,1,4,1,0.7120848529241062,1,0.5767534789300033,1,0.6590168212201882
CH0139,coldplay,1,0,1,0.5738584365536522,1,0.8223799758282959,1,0.8104362870398785
CH0141,taylor swift,1,2,1,0.5983737139287141,0,0.44151617262975684,0,0.4679807654821733
CH0142,adele,1,3,1,0.7656275282957086,0,0.3526400826144611,1,0.5890784290515623
CH0144,coldplay,1,0,0,0.4646969388492412,1,0.6039867886509007,1,0.5036858262161323
CH0145,future,1,4,1,0.6022871435859084,1,0.7581923576888318,1,0.7556034051953938
CH0146,ed sheeran,1,0,0,0.3918388363919649,0,0.3182492995058134,0,0.15293167630946883
CH0148,maroon 5,1,0,0,0.4435069200892032,0,0.47562114473510314,0,0.31155794329005226
CH0149,taylor swift,1,2,1,0.7670381717359569,1,0.659864514996589,1,0.8042717487024679
CH0151,taylor swift,1,2,1,0.7571308140095646,0,0.4670724314082789,1,0.6604275156194768
CH0152,meghan trainor,1,1,0,0.44563430459692815,1,0.7704586552332691,1,0.5676895609171722
CH0154,meghan trainor,1,1,0,0.2945857223350527,1,0.5666127493965402,0,0.3285310511424462
CH0155,taylor swift,1,2,0,0.2705056166526829,1,0.7730551162546325,1,0.5759558950042302
CH0156,ed sheeran,1,0,0,0.3128925489267693,0,0.41366468509683546,0,0.22245058292040099
CH0157,maroon 5,1,0,0,0.3366130751479171,1,0.586499833009319,0,0.35614670183676095
CH0161,one direction,1,3,1,0.8118677986699264,1,0.5614604705935728,1,0.7937684824326443
CH0163,meghan trainor,1,1,1,0.6458913369903142,1,0.5723552189920504,1,0.6447373407806574
CH0164,ed sheeran,1,0,0,0.4724612360745329,1,0.7337137981909765,1,0.5566130399107443
CH0165,one direction,1,3,1,0.8136624050295195,0,0.43807328682519825,1,0.6387672592044256
CH0167,pharrell williams,1,4,1,0.7982992110564595,1,0.8902587583190607,1,0.9572016452252441
CH0168,imagine dragons,1,4,1,0.5969105303972403,1,0.5564963929134259,1,0.663703682119264
CH0169,one direction,1,3,1,0.8392666206056476,1,0.5729238443998329,1,0.7999496312838167
CH0170,maroon 5,1,0,1,0.5016910562509422,1,0.7267118721215002,1,0.7348437367870119
CH0171,nicki minaj,1,3,1,0.5076385078550454,1,0.6349472651875399,0,0.48609783056091177
CH0173,justin timberlake,1,4,1,0.5241722360088477,1,0.6739118543974353,1,0.5496486076110265
CH0174,katy perry,1,1,1,0.7597359423277167,1,0.5681273752850371,1,0.8193398517040128
CH0175,coldplay,1,0,1,0.5365456279782665,1,0.5280431744791197,1,0.5767438061982688
CH0176,imagine dragons,1,4,0,0.43906734702948186,0,0.3913553106996213,0,0.3104328795697317
CH0177,katy perry,1,1,0,0.4793888236598964,0,0.471849506327738,0,0.3000781205360258
CH0180,justin timberlake,1,4,1,0.5086067358008592,1,0.5530752473290734,0,0.3105939055391916
CH0181,bruno mars,1,2,0,0.41170674522330175,1,0.7834552122122491,1,0.813538534398619
CH0182,bruno mars,1,2,1,0.7262653933443848,1,0.7996300368536455,1,0.9265432857267066
CH0183,taylor swift,1,2,1,0.6292196654459893,1,0.773202211562447,1,0.8448634840741596
CH0185,rihanna,1,4,1,0.8152467419586067,1,0.8319697622683488,1,0.9205622762013116
CH0186,drake,1,4,0,0.42797099006179345,1,0.7071512292648173,1,0.5696014676553938
CH0187,maroon 5,1,0,0,0.3451954563953238,0,0.4257492298909719,0,0.31435944819963596
CH0189,maroon 5,1,0,1,0.6007783818285216,1,0.6289467895005659,1,0.5774192341201092
CH0190,imagine dragons,1,4,1,0.595373901392542,1,0.5674670645361336,1,0.6739225816446659
CH0191,maroon 5,1,0,1,0.5860242522817047,1,0.8685929291590916,1,0.9048813524691992
CH0195,rihanna,1,4,1,0.5728359060201683,1,0.8309956732883939,1,0.8352500630020064
CH0196,taylor swift,1,2,1,0.6970869320189342,1,0.6479024128046327,1,0.6251491248805063
CH0197,one direction,1,3,1,0.5795524026262585,1,0.5206257799841818,0,0.40801479201831703
CH0198,ed sheeran,1,0,1,0.7163594827197857,0,0.34707115415885903,0,0.48970434431528376
CH0199,kendrick lamar,1,1,0,0.3342307619613151,1,0.707721348567705,0,0.44885870178303594
CH0200,ne-yo,1,0,1,0.5595860711013021,0,0.4973231219159862,0,0.37324589448468865
CH0201,nicki minaj,1,3,0,0.3477438188202536,1,0.5612955844030003,0,0.42486844016787284
CH0202,one direction,1,3,1,0.6741962309922085,0,0.4530874501084987,1,0.5684991412897734
CH0203,adele,1,3,0,0.44572390728274547,1,0.7185051707564574,1,0.5720856574209886
CH0205,katy perry,1,1,1,0.5168403816518221,1,0.6311904400650317,1,0.566598154009425
CH0206,rihanna,1,4,1,0.9862155198876383,1,0.8621138045620225,1,0.9958156535594944
CH0207,bruno mars,1,2,1,0.7270450938553368,1,0.8234664418514253,1,0.9029899316417916
CH0208,justin bieber,1,2,0,0.4746798756042419,1,0.6186592541576047,0,0.40979707202183097
CH0209,katy perry,1,1,1,0.8435480037388687,1,0.5356276027341084,1,0.8038776746823693
CH0210,taylor swift,1,2,0,0.436656221901691,1,0.6747789352140396,1,0.6747098704593687
CH0212,katy perry,1,1,0,0.22760987805411315,1,0.6006807057081752,0,0.17647916498856422
CH0213,adele,1,3,1,0.7709538611048853,0,0.4727987145362823,1,0.7042912365715744
CH0214,chris brown,1,1,1,0.7518757987850024,0,0.3874567796146696,1,0.6748824632192774
CH0215,adele,1,3,1,0.6291811862112233,1,0.8487768578443988,1,0.8825007730460234
CH0216,coldplay,1,0,0,0.2457854682437629,0,0.46029746529155124,0,0.3148721147501073
CH0218,adele,1,3,1,0.8484395669210892,1,0.9063122286384963,1,0.9751021590264942
CH0219,usher,1,2,0,0.42980543690641604,0,0.28364690930545544,0,0.16008834782779105
CH0220,nicki minaj,1,3,1,0.551440351199053,1,0.7072084713191793,1,0.7164482144209939
CH0221,chris brown,1,1,1,0.8654975111191007,1,0.5286858438376179,1,0.8785508529573716
CH0222,rihanna,1,4,0,0.48003972459487587,1,0.7827327975142835,1,0.71049826252743
CH0223,katy perry,1,1,1,0.7627944459664363,1,0.6796957517530643,1,0.8626633706945992
CH0224,bruno mars,1,2,1,0.5974431202163245,1,0.6371103996406576,1,0.6666955414769832
CH0225,nicki minaj,1,3,0,0.4622803478434386,1,0.6390088510839252,1,0.5088399448050756
CH0226,rihanna,1,4,1,0.6074286002343411,1,0.776280731946752,1,0.8786762217284332
CH0228,bruno mars,1,2,1,0.9420132018199872,1,0.9020534844709028,1,0.9923986036416557
CH0232,lil wayne,1,3,1,0.5716350839291188,1,0.8217689785220229,1,0.8001307408252665
CH0233,bruno mars,1,2,1,0.558538599885979,1,0.6687538210771379,1,0.5355702162154957
CH0234,britney spears,1,0,1,0.6590385951053885,1,0.7079426895026203,1,0.727175180758349
CH0236,ke$ha,1,0,1,0.6471509882838066,1,0.823568120403054,1,0.8567733619468808
CH0237,ke$ha,1,0,1,0.7751036819978737,1,0.6334098868713552,1,0.7866898867289609
CH0238,rihanna,1,4,1,0.9251941257884201,1,0.7406023215506989,1,0.9348306534167644
CH0239,britney spears,1,0,1,0.6377574529212002,1,0.7353142833285513,1,0.7851868673584436
CH0244,avril lavigne,1,0,1,0.834580128294032,1,0.7264744885512975,1,0.8448646951252267
CH0246,taylor swift,1,2,1,0.59818963086049,1,0.59328859964518,1,0.7111813945717976
CH0247,katy perry,1,1,1,0.6388793264898085,1,0.7583425932590578,1,0.8627991640506325
CH0249,drake,1,4,1,0.5671253925875153,1,0.7073486894011847,1,0.7062290738807427
CH0254,rihanna,1,4,0,0.433986758226355,1,0.7737210679811412,1,0.6111618669812625
CH0256,ke$ha,1,0,1,0.7291905936727507,1,0.5178644395431917,1,0.615471781803751
CH0259,taylor swift,1,2,1,0.7435186956670263,1,0.6231021263297952,1,0.7281261454136589
CH0260,taylor swift,1,2,1,0.6637871684401087,1,0.6895699720764292,1,0.721189612527644
CH0261,ke$ha,1,0,1,0.8498734764237588,1,0.7279861089355409,1,0.8788291716243342
CH0262,drake,1,4,1,0.7950665602136165,1,0.546526995975126,1,0.7763042921546597
CH0263,maroon 5,1,0,1,0.5393828341807837,0,0.4512211211459728,0,0.42987646633289867
CH0265,nicki minaj,1,3,1,0.5232842620345268,1,0.5590012588509581,1,0.5033107758599428
CH0267,britney spears,1,0,0,0.3952918171195993,1,0.680263932484463,0,0.45812353361529473
CH0270,taylor swift,1,2,1,0.5353197068470757,1,0.5275762817969715,1,0.5837340521058678
CH0273,daughtry,1,2,1,0.6062905998284248,0,0.27762222315898627,0,0.38138738173813347
CH0276,taylor swift,1,2,1,0.6454532055050201,1,0.8448809474221881,1,0.8602597806737593
CH0280,drake,1,4,1,0.6591722473693343,0,0.033711007153604276,0,0.04438766139744665
CH0282,katy perry,1,1,1,0.6831435230944378,1,0.6397253304818913,1,0.7515761146589532
CH0283,britney spears,1,0,1,0.5626570533665067,1,0.7087195259323359,1,0.7345018335950665
CH0285,katy perry,1,1,1,0.7131089468509191,0,0.4226450879463579,1,0.6119478599110609
CH0287,britney spears,1,0,1,0.7111795940240013,1,0.6963867053400582,1,0.7797496072576541
CH0288,ne-yo,1,0,1,0.6083730414534367,1,0.5527575969596861,1,0.6265347435232503
CH0292,nickelback,1,2,0,0.42807527549287366,1,0.5517978134254868,0,0.29376883511063234
CH0294,coldplay,1,0,1,0.7378796294273353,1,0.5011351749914436,1,0.815898170024393
CH0295,akon,1,4,1,0.6132623843526478,1,0.7969439263153583,1,0.7885344801409339
CH0296,ne-yo,1,0,0,0.4990186332450483,1,0.6044448838823888,1,0.5070166995640947
CH0297,daughtry,1,2,1,0.6204436751929079,1,0.5361685710025003,0,0.47148401078497465
CH0298,nickelback,1,2,1,0.5348989604532831,0,0.40387040759949505,0,0.4051530211550197
CH0299,britney spears,1,0,1,0.7414609068130131,0,0.3707360986495637,1,0.5439333520492463
CH0301,rihanna,1,4,0,0.38275755609696716,1,0.7990991990407346,1,0.5663021074375576
CH0303,justin bieber,1,2,1,0.6812316808026323,1,0.7711174352484386,1,0.8672369535504092
CH0305,leona lewis,1,1,1,0.6450530542832402,1,0.5143463341829655,1,0.5955450804736722
CH0307,chris brown,1,1,1,0.5969494428061217,1,0.6173740993869723,1,0.6406407949088339
CH0308,chris brown,1,1,1,0.664468730924817,1,0.5029358307878071,1,0.5916036217002282
CH0309,rihanna,1,4,0,0.19479001771491725,1,0.6501961167009114,0,0.2927611274593531
CH0310,katy perry,1,1,0,0.4929736475412669,1,0.5414949948035238,1,0.5501108558692714
CH0311,rihanna,1,4,0,0.48470708148737796,1,0.8042842748077657,1,0.571366415781323
CH0312,ne-yo,1,0,0,0.39258305906655316,1,0.8747810408144178,1,0.8201810434248111
CH0313,fergie,1,1,1,0.5072979858751073,1,0.7396873825321273,1,0.5275887994748149
CH0315,taylor swift,1,2,1,0.628519397949058,1,0.7484757774872147,1,0.8018055207730621
CH0318,taylor swift,1,2,1,0.7652049096241433,0,0.40303861413892195,1,0.518601682415113
CH0319,leona lewis,1,1,1,0.8191478290322081,1,0.5404318606601118,1,0.8337406941120493
CH0320,jonas brothers,1,1,1,0.6590100057579533,0,0.452036968229997,1,0.5698363790693335
CH0321,fergie,1,1,0,0.4387371095130078,0,0.4314137068465123,0,0.34140454825761707
CH0322,britney spears,1,0,1,0.6184852303030784,1,0.5948129543724798,1,0.678353480475812
CH0324,daughtry,1,2,1,0.5703910151898313,0,0.31125962130579765,0,0.3378446490258283
CH0327,akon,1,4,1,0.8599151582745806,1,0.8894206963436754,1,0.93907974100652
CH0328,avril lavigne,1,0,1,0.7790990938410133,0,0.40023988934928706,0,0.3276530850323166
CH0329,maroon 5,1,0,0,0.4589574630977754,1,0.5897238294270556,0,0.4284287669917005
CH0330,daughtry,1,2,1,0.8160515162653523,1,0.628507579713245,1,0.8180085406938776
CH0331,fergie,1,1,1,0.6237824411326028,1,0.7572441009485149,1,0.7459739097047836
CH0332,justin timberlake,1,4,1,0.7525371937720547,1,0.590424477042809,1,0.7321373669728439
CH0334,daughtry,1,2,0,0.45479863705831125,1,0.5685385872608776,0,0.41503606144977495
CH0337,nickelback,1,2,1,0.5298271946337267,1,0.5408171560932602,1,0.5106634102393931
CH0338,justin timberlake,1,4,0,0.34166386860991527,0,0.3855131492781071,0,0.17457179798101058
CH0339,nickelback,1,2,1,0.5593034325485423,0,0.29074889374830143,0,0.3245428738620416
CH0340,ne-yo,1,0,1,0.7171802979683652,1,0.6830309242064034,1,0.7164332167014291
CH0341,justin timberlake,1,4,1,0.5996049857122746,1,0.691494838112005,1,0.6149028397819267
CH0342,avril lavigne,1,0,1,0.5379841349218555,0,0.36095043934114207,0,0.4530817351141707
CH0344,gwen stefani,1,0,1,0.8685411755799549,1,0.8763643574274889,1,0.9694178409437468
CH0345,rihanna,1,4,0,0.02334150522975183,1,0.6845075465521294,0,0.049209301697809155
CH0346,nickelback,1,2,0,0.44746236278648727,0,0.4359892888382886,0,0.26357925944590865
CH0347,justin timberlake,1,4,0,0.4934952491857383,1,0.8701047932775783,1,0.7968771718948492
CH0348,sean paul,1,2,0,0.4921495426111499,1,0.7289879274952624,1,0.7073447832699076
CH0350,chris brown,1,1,1,0.6564407063042208,1,0.5576779713887852,1,0.5662102694398691
CH0351,ne-yo,1,0,1,0.61058894019834,0,0.4440439689446899,0,0.34381455982560566
CH0352,rihanna,1,4,1,0.8298410726388409,1,0.6532323277573467,1,0.8193560864747724
CH0353,fergie,1,1,1,0.5023087702396583,1,0.6021025042431605,1,0.6588702835290543
CH0355,rihanna,1,4,0,0.42384719217147215,1,0.6973909935561214,1,0.6258524259169401
CH0356,chris brown,1,1,1,0.6126085179070616,1,0.5864194222661127,1,0.5169439418096811
CH0357,t.i.,1,3,1,0.6000097119982888,0,0.4692392983686734,0,0.49503038887888484
CH0358,nickelback,1,2,1,0.6121531434652534,0,0.4753217213708147,0,0.4025941666190139
CH0359,ne-yo,1,0,1,0.6432515970856999,1,0.6596395905215247,1,0.6102906975100815
CH0360,rascal flatts,1,0,1,0.619139334385207,1,0.5782591757742506,1,0.5823385533639339
CH0363,chris brown,1,1,1,0.726999170238148,1,0.6010027482256468,1,0.8171475229119037
CH0469,imagine dragons,0,4,0,0.44426461604910916,1,0.5908252987215136,0,0.3947776724674219
CH0472,juice wrld,0,1,1,0.5779598426365204,1,0.6527834278701734,1,0.6317359311302643
CH0478,lil wayne,0,3,1,0.6316454010320649,1,0.5370390929274462,0,0.4747874080847075
CH0479,xxxtentacion,0,4,1,0.6497395685547098,1,0.6544774762023525,1,0.7273540570072548
CH0482,juice wrld,0,1,1,0.5860594178108337,1,0.5838492218423925,1,0.6547781233670934
CH0484,drake,0,4,1,0.6938223351455028,1,0.7719098555832791,1,0.7779541381555034
CH0485,juice wrld,0,1,1,0.5807602174124011,0,0.4436189302016254,0,0.3328627543210297
CH0487,twenty one pilots,0,0,1,0.5469961547722177,0,0.15893146513825385,0,0.24242853833201447
CH0490,drake,0,4,1,0.9433456819739839,1,0.6136123629435846,1,0.9499882830339019
CH0492,meghan trainor,0,1,1,0.7594771879130311,0,0.44086783861229834,1,0.5425353859631219
CH0495,xxxtentacion,0,4,1,0.8597488907925216,1,0.6355855325041136,1,0.8829775740554071
CH0496,post malone,0,3,1,0.529243270674397,1,0.6511255356811556,0,0.4901725386780848
CH0497,taylor swift,0,2,0,0.4542560899719279,1,0.5027712465080167,0,0.3324098852796733
CH0500,luke combs,0,1,1,0.6911126089241553,1,0.662413551357465,1,0.7604516362101947
CH0502,xxxtentacion,0,4,1,0.7505250580816856,1,0.5992147019724408,1,0.8361428731825749
CH0503,taylor swift,0,2,0,0.36543336962816286,1,0.6186491226820666,0,0.4999685786376595
CH0505,post malone,0,3,1,0.8680611722119373,1,0.5704260077220565,1,0.8675594625863646
CH0506,bruno mars,0,2,1,0.6111876644880007,1,0.8199212031512895,1,0.8994483591414608
CH0509,camila cabello,0,0,1,0.9027160876555421,1,0.5501744410739038,1,0.88709476934729
CH0513,the weeknd,0,4,1,0.6871099014099078,1,0.6730375469090375,1,0.6820899413104962
CH0514,kendrick lamar,0,1,0,0.49730572144395463,1,0.593525161743881,0,0.4724731879450383
CH0516,nicki minaj,0,3,1,0.7448695083216191,0,0.44048502551422725,1,0.6630897550195239
CH0517,ed sheeran,0,0,0,0.3854125565968236,1,0.5760935330888648,0,0.3553530157983857
CH0520,ed sheeran,0,0,0,0.30943788057300425,0,0.4173458503804102,0,0.17113574418089714
CH0525,katy perry,0,1,1,0.7009577375800798,0,0.35423288315768675,1,0.5413933627565837
CH0529,fergie,0,1,0,0.3277958308969994,1,0.5655765261948126,0,0.28722951460165846
CH0534,taylor swift,0,2,1,0.6728221642509291,1,0.5123438806993554,1,0.5700175878224405
CH0536,justin bieber,0,2,0,0.4646061473279799,1,0.6575888172504127,0,0.3831679195952199
CH0538,gwen stefani,0,0,1,0.6493913722793331,1,0.5986591170714817,1,0.5051852911019363
CH0541,justin bieber,0,2,1,0.9315294765182934,0,0.17742861953330397,1,0.5805607740600859
CH0542,gwen stefani,0,0,1,0.5527748217980031,0,0.4062643607959679,0,0.39901862467418847
CH0543,halsey,0,3,1,0.9004910546826947,1,0.6716429036461197,1,0.9406310152228101
CH0547,justin bieber,0,2,1,0.5509755587075188,1,0.9550026716258763,1,0.9733063191242911
CH0549,justin bieber,0,2,1,0.7017191080543805,0,0.4768968331159507,1,0.5534543503894699
CH0551,justin bieber,0,2,1,0.7859708724430372,1,0.7094160891775175,1,0.822176515021839
CH0552,one direction,0,3,1,0.5270398830960148,1,0.6141705086323236,1,0.6013214447956461
CH0553,one direction,0,3,1,0.6025000724774914,1,0.5943966627082453,1,0.5944095566814921
CH0554,justin bieber,0,2,1,0.7424440309118415,1,0.6523216290887046,1,0.8306718019834929
CH0555,one direction,0,3,1,0.8620464875627152,0,0.44849659572693445,1,0.8404966698966475
CH0557,one direction,0,3,1,0.6870604235971629,1,0.5210875504225125,1,0.5375956448770625
CH0561,nicki minaj,0,3,1,0.5245986721581822,1,0.5904235668835198,1,0.5677195543782283
CH0564,kendrick lamar,0,1,1,0.6735426578712475,1,0.593756156535252,1,0.6814264868891513
CH0565,twenty one pilots,0,0,0,0.4305014164804762,1,0.539354547759542,0,0.35005778495740203
CH0567,imagine dragons,0,4,1,0.9888693856917697,0,0.49391984048200605,1,0.9541984341380896
CH0569,kendrick lamar,0,1,1,0.7648450602655915,1,0.6122068146001837,1,0.8254273714378045
CH0573,twenty one pilots,0,0,1,0.6908573577977065,1,0.6809037290333374,1,0.8079269330109857
CH0575,fergie,0,1,0,0.34161629985829517,1,0.6239909605851057,0,0.3386017915457663
CH0576,one direction,0,3,1,0.8550223383547447,1,0.6157610729113387,1,0.8930432569063763
CH0578,kendrick lamar,0,1,1,0.7495756461204501,1,0.6940662797794125,1,0.836530951632997
CH0579,gwen stefani,0,0,1,0.8102348548658277,1,0.6972508529634177,1,0.8212243381377384
CH0582,nicki minaj,0,3,1,0.5418394086240711,1,0.6262698213559266,1,0.6092005884736462
CH0583,pharrell williams,0,4,1,0.5533785953698884,1,0.5619761299207523,0,0.48499031059776937
CH0584,usher,0,2,1,0.8370471058580918,1,0.759303136021467,1,0.9100258406494145
CH0585,bruno mars,0,2,1,0.8176614638511143,1,0.5923298574420015,1,0.8052617829566033
CH0587,coldplay,0,0,0,0.4221498097899439,1,0.6571000299098484,0,0.36804640188145055
CH0588,imagine dragons,0,4,0,0.40082650788023644,0,0.3197549341612556,0,0.1985170894763307
CH0589,katy perry,0,1,0,0.40745511898705733,0,0.4551445843995753,0,0.2957431157409162
CH0591,drake,0,4,0,0.4429271435396554,1,0.7071512292648173,0,0.4513216776232683
CH0592,justin timberlake,0,4,1,0.6688481943810727,1,0.5068843823573902,1,0.6326568412645329
CH0593,justin bieber,0,2,1,0.9153580936415318,1,0.7469165392496421,1,0.9601391447556746
CH0596,britney spears,0,0,0,0.43883548083482266,0,0.4219561275426495,0,0.3692931243875959
CH0597,drake,0,4,1,0.804644999247795,1,0.8312308429090134,1,0.9204225191975655
CH0598,daughtry,0,2,0,0.40619373376237106,1,0.5617576148695483,0,0.3091483736569895
CH0601,one direction,0,3,1,0.6422991708797001,1,0.7119201978223888,1,0.7816495527482462
CH0602,rihanna,0,4,0,0.30325188732725256,0,0.4568531274120484,0,0.23226481981861863
CH0603,bruno mars,0,2,1,0.5947731318224097,0,0.35859974990835436,0,0.46367441542960264
CH0607,justin timberlake,0,4,0,0.3877241169256074,1,0.6029904452151358,0,0.28993439369577034
CH0608,britney spears,0,0,0,0.45344981976750537,0,0.47131040229605103,0,0.3797283618850756
CH0609,avril lavigne,0,0,1,0.5244262215657195,1,0.6398488337168149,0,0.4608807656166186
CH0610,chris brown,0,1,1,0.649158940633452,1,0.5381464943820771,1,0.5874546954599003
CH0612,one direction,0,3,0,0.405887515908708,0,0.497524507340342,0,0.3451476152056818
CH0613,justin timberlake,0,4,0,0.4434164956895719,1,0.5347060449923823,0,0.49531939952478715
CH0614,future,0,4,1,0.8521572445350806,1,0.6573365836547628,1,0.8876838250649883
CH0616,kendrick lamar,0,1,1,0.6716972912296016,1,0.7767444069982841,1,0.8225109810183269
CH0618,nicki minaj,0,3,1,0.7790065170115736,1,0.6497398182597962,1,0.759386187924712
CH0619,one direction,0,3,1,0.6232562124295257,0,0.4136489871594189,1,0.5352880060881712
CH0620,the weeknd,0,4,1,0.6596613873219388,0,0.41298281043059415,1,0.5759505684589532
CH0622,adele,0,3,1,0.6669764627944839,0,0.3492204602667342,0,0.4533431883575077
CH0623,one direction,0,3,1,0.6461436524647431,1,0.5440516744860112,1,0.5032666117256498
CH0624,taylor swift,0,2,1,0.6400107606998804,0,0.47065188698075716,1,0.620068432118634
CH0625,future,0,4,1,0.9165185657919498,1,0.6815810871381838,1,0.8927465530147501
CH0628,one direction,0,3,0,0.34738731526490224,0,0.47396730882379917,0,0.2717027437646377
CH0629,taylor swift,0,2,0,0.4160050633541408,1,0.7020335467778209,1,0.6715915523551225
CH0630,taylor swift,0,2,1,0.5615198153113842,1,0.52914989224858,1,0.5204261809991019
CH0633,justin bieber,0,2,1,0.7564428209555065,1,0.7383407817909543,1,0.86458865566993
CH0635,nickelback,0,2,1,0.5316145272094007,1,0.596880964857996,1,0.5833953674895456
CH0636,avril lavigne,0,0,0,0.34974311600389707,0,0.4846873136012677,0,0.3846399840839532
CH0639,nicki minaj,0,3,0,0.4579290173218298,1,0.6123297202313283,0,0.4207999248666265
CH0640,taylor swift,0,2,0,0.46781588712742617,0,0.43447075313585415,0,0.4877943747144886
CH0641,taylor swift,0,2,1,0.7655774187492732,1,0.6562437433605781,1,0.8172980535606574
CH0643,britney spears,0,0,0,0.4883676546248227,1,0.7005737762415315,1,0.7362719230719166
CH0644,drake,0,4,1,0.6747645177539261,1,0.6364667226642859,1,0.7285640663692686
CH0645,rihanna,0,4,1,0.5721514936183788,0,0.4289552494685383,1,0.7151474385412068
CH0646,taylor swift,0,2,1,0.6395183833045065,1,0.7635752635603801,1,0.7490980304028171
CH0647,rihanna,0,4,1,0.7928802555334,1,0.8682463573535606,1,0.9291522844876582
CH0649,drake,0,4,0,0.3195427831425507,1,0.6048518040778507,0,0.3567343490174693
CH0650,avril lavigne,0,0,1,0.7987857310665347,1,0.5077791964171358,1,0.7950113508895372
CH0651,taylor swift,0,2,1,0.5993349473803994,1,0.5405285830208144,1,0.5835328427175379
CH0655,nicki minaj,0,3,1,0.7972098156586858,1,0.7073960719684906,1,0.8214590824089976
CH0658,daughtry,0,2,1,0.8136865983789159,1,0.8524597726055252,1,0.8925368182680213
CH0659,akon,0,4,1,0.7442421724679361,0,0.38445747156465154,0,0.479022225240664
CH0661,ne-yo,0,0,1,0.818571711401971,1,0.6929096562369718,1,0.8384831535279279
CH0662,nickelback,0,2,1,0.5707099946667562,0,0.4394515857313315,0,0.4933423722963875
CH0666,justin bieber,0,2,1,0.7293954811922553,1,0.7294939773911471,1,0.7959740162055213
CH0670,taylor swift,0,2,1,0.6319797463016936,1,0.6428570295647956,1,0.7007434979508469
CH0671,avril lavigne,0,0,0,0.4098143564138551,0,0.013011405413383529,0,0.00650763541758052
CH0672,taylor swift,0,2,0,0.4160374067990409,1,0.554881236365772,0,0.435804899339603
CH0674,rihanna,0,4,1,0.6076397617415513,1,0.6604999733850794,1,0.6450164062249284
CH0676,justin bieber,0,2,0,0.452408070563503,1,0.835422980977806,1,0.6886748058003318
CH0678,nickelback,0,2,0,0.0903480004585329,0,0.44205723776636185,0,0.05000560951987964
CH0680,chris brown,0,1,1,0.6085884781347068,1,0.5170344385854748,1,0.5763942259937519
CH0685,justin bieber,0,2,1,0.6927183813961695,1,0.768206833372057,1,0.7043980492219628
CH0690,daughtry,0,2,1,0.5753594358502995,0,0.27762222315898627,0,0.2949895945626691
CH0694,katy perry,0,1,0,0.2921803401495726,0,0.45441848181086164,0,0.3006327167123219
CH0697,taylor swift,0,2,1,0.7182310678070009,0,0.43952237835478797,1,0.6725584623487559
CH0698,rihanna,0,4,0,0.35228113099481545,1,0.7220117480276227,1,0.5230633363861026
CH0702,leona lewis,0,1,0,0.4985891561341545,0,0.3744306700953423,0,0.35644829260692634
CH0703,daughtry,0,2,1,0.7361602060099807,1,0.9842323660535368,1,0.9901649119452871
CH0704,nickelback,0,2,1,0.5271310120596487,1,0.5638777138542178,1,0.613447552614434
CH0705,jonas brothers,0,1,1,0.5323411544456685,1,0.5896276813213766,1,0.6220143164366705
CH0706,jonas brothers,0,1,1,0.70599281227526,1,0.6152081817420683,1,0.7000042826041124
CH0707,taylor swift,0,2,0,0.3085449058494861,1,0.5575052064133534,0,0.4085229611078329
CH0712,jonas brothers,0,1,1,0.5744027632090867,1,0.5848271241413501,1,0.7493662135473503
CH0713,jonas brothers,0,1,1,0.6276525017051476,0,0.46168372253573353,1,0.5910038617563398
CH0715,taylor swift,0,2,1,0.5478804270886862,1,0.6695114001074075,1,0.7217906648759514
CH0716,britney spears,0,0,1,0.7732317217263599,1,0.5335697786863892,1,0.8174924097661967
CH0717,maroon 5,0,0,1,0.6048421010062526,1,0.6409366717674236,1,0.6476975966580026
CH0719,daughtry,0,2,1,0.773689754631345,1,0.7440553842928533,1,0.7911072930621137
CH0720,maroon 5,0,0,0,0.4536098862570511,0,0.43976632057055304,0,0.3022347435047597
CH0722,britney spears,0,0,1,0.8539916448574488,1,0.6749142833690559,1,0.8156345861596784
CH0726,jonas brothers,0,1,1,0.6389928936589937,0,0.40041916256523624,0,0.4124707096664182
CH0729,akon,0,4,0,0.4527186818683928,1,0.8538976258302667,1,0.6377792678155373
CH0731,avril lavigne,0,0,0,0.4179111179556139,0,0.3574516728615155,0,0.38830964580397775
CH0732,gwen stefani,0,0,1,0.9226795950794185,1,0.6273920564734211,1,0.9296519755167659
CH0738,jonas brothers,0,1,0,0.2851929503428102,1,0.5503780928299263,0,0.2416277225768877
CH0739,rascal flatts,0,0,0,0.47272307008084113,0,0.37705796834960625,0,0.3507822241617019
CH0740,taylor swift,0,2,1,0.5687987040670747,1,0.5231444756651645,1,0.6103952226047659
CH0748,gwen stefani,0,0,0,0.2166274264318382,1,0.6873456194089329,0,0.394725371652487
CH0749,rihanna,0,4,0,0.384021400773278,1,0.6424935273349718,0,0.34270521696505746
