recording_id,title,artist,album,proposed_label,legacy_track_id,audio_path,permission_basis,permission_reference,reviewer,recording_matches,chorus_start_seconds,chorus_confirmed
mb-0a8e8d55-4b83-4f8a-9732-fbb5ded9f344,Hello,Adele,25,1,CH0122,,,,,,,
mb-20594682-fa10-43e8-80fa-b116c68f1b7f,I Miss You,Adele,25,0,,,,,,,,
mb-83fa4748-2c91-4981-b480-23a764d69fc7,No One,Alicia Keys,As I Am,1,CH0306,,,,,,,
mb-32def48b-ae72-40fd-8e1d-55a247d0206b,The Thing About Love,Alicia Keys,As I Am,0,,,,,,,,
mb-0ce4a1ba-4439-4756-8f7a-a4c1d7257332,If I Were a Boy,Beyoncé,I Am… Sasha Fierce,1,CH0291,,,,,,,
mb-37cbd807-2cf7-429b-b660-9b5b6f7302d2,Broken‐Hearted Girl,Beyoncé,I Am… Sasha Fierce,0,,,,,,,,
mb-028eb5ad-3eba-4e8f-ac50-4cbc21c0c11e,Therefore I Am,Billie Eilish,Happier Than Ever,1,CH0011,,,,,,,
mb-2f7a6b23-341a-4560-a007-c2cfe37c4f46,Everybody Dies,Billie Eilish,Happier Than Ever,0,,,,,,,,
mb-dd7cd19f-6c32-4a6d-bd97-cc7b5862c957,Piece of Me,Britney Spears,Blackout,1,CH0322,,,,,,,
mb-0897dfea-0393-4735-bb9a-9f3263b44970,Hot as Ice,Britney Spears,Blackout,0,,,,,,,,
mb-661e19b7-5c69-48af-bee9-9c2110495d45,That’s What I Like,Bruno Mars,24K Magic,1,CH0098,,,,,,,
mb-b610490e-f477-4445-a508-6e499e217d04,Chunky,Bruno Mars,24K Magic,0,,,,,,,,
mb-20570c16-560b-406a-9c38-50ac75e352fc,Blown Away,Carrie Underwood,Blown Away,1,CH0217,,,,,,,
mb-a4e4e9e8-c6a5-47b3-9e7f-138a8283687c,Cupid’s Got a Shotgun,Carrie Underwood,Blown Away,0,,,,,,,,
mb-ddca5a69-f6ac-4eaf-827a-d084746b79d2,With You,Chris Brown,Exclusive,1,CH0307,,,,,,,
mb-a64f7720-da19-4046-95f0-5ca92b0bc058,Down,Chris Brown,Exclusive,0,,,,,,,,
mb-77c6fb53-dc60-496b-a6a0-218b7c377487,Adventure of a Lifetime,Coldplay,A Head Full of Dreams,1,CH0144,,,,,,,
mb-c538e2fa-59e4-4022-93fd-1fd32cfb53af,Kaleidoscope,Coldplay,A Head Full of Dreams,0,,,,,,,,
mb-be92fe6d-2a84-4aae-83e7-ce5ebf249ce4,Started From the Bottom,Drake,Nothing Was the Same,1,CH0186,,,,,,,
mb-d3a2d55c-259a-4222-9e64-41c5383e2754,305 to My City,Drake,Nothing Was the Same,0,,,,,,,,
mb-17eb8cd6-7bb0-4579-90af-dc38c1b3fc6a,The A Team,Ed Sheeran,+,1,CH0198,,,,,,,
mb-ca8bc972-15fe-4e2e-82dc-e578f88e64a4,Grade 8,Ed Sheeran,+,0,,,,,,,,
mb-09442fa5-70ed-4c81-b4c8-9c8878f516ed,London Bridge,Fergie,The Dutchess,1,CH0353,,,,,,,
mb-13d11df3-8512-47b9-8a0e-eb39f4079f21,Mary Jane Shoes,Fergie,The Dutchess,0,,,,,,,,
mb-b27b9bf4-08cc-43da-83fd-11665d5c159e,Natural,Imagine Dragons,Origins,1,CH0090,,,,,,,
mb-c5213fce-009d-49f7-86fe-07267f374caf,Love,Imagine Dragons,Origins,0,,,,,,,,
mb-c01bd40c-5f23-4c34-9238-7a5f226f6c0e,Mirrors,Justin Timberlake,The 20/20 Experience,1,CH0180,,,,,,,
mb-59ff3d3f-2119-4109-812b-902f09b0ca49,Tunnel Vision,Justin Timberlake,The 20/20 Experience,0,,,,,,,,
mb-3cb1a5a0-2a10-4bf5-96fb-7211703936ed,Roar,Katy Perry,PRISM,1,CH0174,,,,,,,
mb-ed6322ea-6294-4835-9f09-458a03b6817f,This Moment,Katy Perry,PRISM,0,,,,,,,,
mb-36119119-c128-4c87-bdc8-83af13021534,The Edge of Glory,Lady Gaga,Born This Way,1,CH0235,,,,,,,
mb-d7e713aa-3467-4865-85a2-b603484b76ee,Highway Unicorn (Road to Love),Lady Gaga,Born This Way,0,,,,,,,,
mb-cdd5c79d-9fe2-4853-be63-01cb3948a953,Emotionally Scarred,Lil Baby,My Turn,1,CH0039,,,,,,,
mb-f9129d73-2891-4cc6-8d76-c2a69f6c7ed3,Forget That,Lil Baby,My Turn,0,,,,,,,,
mb-a6f2f24c-05e9-46b1-80db-a3a57ca9de97,Hurricane,Luke Combs,This One’s for You,1,CH0113,,,,,,,
mb-67b5b6b0-6daf-4e51-8df4-c0205ac33489,Beer Can,Luke Combs,This One’s for You,0,,,,,,,,
mb-7c0ed007-5118-4086-917a-fd9cfb0d338e,Animals,Maroon 5,V,1,CH0157,,,,,,,
mb-e630e579-c023-4bbe-bb2f-1ba28ba6168a,Leaving California,Maroon 5,V,0,,,,,,,,
mb-8886cad5-f348-48fe-8fc6-099a2b2df297,Me Too,Meghan Trainor,Thank You,1,CH0136,,,,,,,
mb-e2413406-3058-48f2-9ebd-c23b61591fa8,I Love Me,Meghan Trainor,Thank You,0,,,,,,,,
mb-25fe93c8-6aa3-4b0e-aa8a-77980f17ce35,If Today Was Your Last Day,Nickelback,Dark Horse,1,CH0298,,,,,,,
mb-b91c01d8-ec3d-42eb-8543-8660e68f0876,Burn It to the Ground,Nickelback,Dark Horse,0,,,,,,,,
mb-25e3ba87-d019-4c67-bb2b-f2eeda75d202,Pound the Alarm,Nicki Minaj,Pink Friday: Roman Reloaded (deluxe edition),1,CH0220,,,,,,,
mb-d4e21e47-eae6-4c3e-82df-3d90c6d9aaed,HOV Lane,Nicki Minaj,Pink Friday: Roman Reloaded (deluxe edition),0,,,,,,,,
mb-f4fb45d5-a3c7-4da8-9bcc-8ae65d6b64a5,Night Changes,One Direction,Four,1,CH0165,,,,,,,
mb-e7ebbb99-7346-4323-9541-dffae9e1003b,Fool’s Gold,One Direction,Four,0,,,,,,,,
mb-655a2a0e-fb49-4539-bd85-a325baca8a37,Try,P!nk,The Truth About Love,1,CH0192,,,,,,,
mb-febf4d27-dbf4-4f98-930e-252bd45481a5,Where Did the Beat Go?,P!nk,The Truth About Love,0,,,,,,,,
mb-40ff435c-cfed-4bfd-bd5c-e11232032229,I Fall Apart,Post Malone,Stoney,1,CH0082,,,,,,,
mb-93aa84f2-5283-403c-99f3-49d8efc774d8,Feel,Post Malone,Stoney,0,,,,,,,,
mb-3d409b8b-7161-4787-8c89-ccee7b232d5d,Where Have You Been?,Rihanna,Talk That Talk,1,CH0206,,,,,,,
mb-1cf9f2fc-b55a-4787-b49e-5844a5bd4141,We All Want Love,Rihanna,Talk That Talk,0,,,,,,,,
mb-67e8d7b9-1306-4b41-9d00-b06370b6dc57,You Found Me,The Fray,The Fray,1,CH0278,,,,,,,
mb-5e2a4bfb-5481-46c3-a906-a70da3ae8ba3,Syndicate,The Fray,The Fray,0,,,,,,,,
mb-05b394e8-3b2c-4cc4-9a2c-cbe2814d362c,goosebumps,Travis Scott,Birds in the Trap Sing McKnight,1,CH0112,,,,,,,
mb-0a7e93a0-e573-4d45-89c6-ea0d5465b3c8,outside,Travis Scott,Birds in the Trap Sing McKnight,0,,,,,,,,
mb-1e74cd4c-cfa7-4bdb-99da-41869f5f1171,Send My Love (To Your New Lover),Adele,25,1,CH0127,,,,,,,
mb-dedf519d-8eca-4756-9f93-c390308e0c1b,Love in the Dark,Adele,25,0,,,,,,,,
mb-c0b9c59a-e8f9-46c2-a5a3-54a09a316ad4,Like You’ll Never See Me Again,Alicia Keys,As I Am,1,CH0317,,,,,,,
mb-68d524d7-8696-4f8b-a560-1ecd84ebde8f,Sure Looks Good to Me,Alicia Keys,As I Am,0,,,,,,,,
mb-67dc066b-d84e-444c-b250-82917db7281e,Single Ladies (Put a Ring on It),Beyoncé,I Am… Sasha Fierce,1,CH0277,,,,,,,
mb-c168e9c0-bd0d-4466-965e-fdafa37d7b6a,Disappear,Beyoncé,I Am… Sasha Fierce,0,,,,,,,,
mb-24134481-599d-4e30-bffd-3080739f3d58,Happier Than Ever,Billie Eilish,Happier Than Ever,1,CH0023,,,,,,,
mb-d853e25f-068c-47d5-a70a-9ccc71f2227e,GOLDWING,Billie Eilish,Happier Than Ever,0,,,,,,,,
mb-258bc802-8111-4d16-b081-fae0ea6aecba,If U Seek Amy,Britney Spears,Circus,1,CH0299,,,,,,,
mb-e65f2a50-27f1-4d0b-b892-e1b3834c91bc,Mannequin,Britney Spears,Circus,0,,,,,,,,
mb-716f0fa1-c526-4995-a8ad-ff57c44bf9b1,24K Magic,Bruno Mars,24K Magic,1,CH0101,,,,,,,
mb-ec8cde84-35f5-438e-aec0-42b3b016269f,Calling All My Lovelies,Bruno Mars,24K Magic,0,,,,,,,,
mb-2abeb766-72f1-4481-8f94-ae12f0831331,Undo It,Carrie Underwood,Play On,1,CH0272,,,,,,,
mb-27e578ba-d7db-4300-a427-33f4e9890376,Play On,Carrie Underwood,Play On,0,,,,,,,,
mb-29cf773f-a1e1-4a1a-b63d-50366aceb0ee,She Ain’t You,Chris Brown,F.A.M.E.,1,CH0251,,,,,,,
mb-be6658bd-229c-48f2-8e39-a4ec18d0e060,Say It With Me,Chris Brown,F.A.M.E.,0,,,,,,,,
mb-ea9f40ba-837a-4bf9-96a2-0639d98beb06,Hymn for the Weekend,Coldplay,A Head Full of Dreams,1,CH0139,,,,,,,
mb-b9963369-5fa7-472a-9c42-9d59b28635fa,Amazing Day,Coldplay,A Head Full of Dreams,0,,,,,,,,
mb-3d94d514-9ac4-4ddd-bb19-f92a4ebf52b7,Home,Daughtry,Daughtry,1,CH0334,,,,,,,
mb-19a60fb7-8769-448d-92c8-5f6278c3bfb9,Breakdown,Daughtry,Daughtry,0,,,,,,,,
mb-2552ab2d-3470-4764-997f-99ae22c4dad3,Controlla,Drake,Views,1,CH0132,,,,,,,
mb-2ca9724a-b2d6-4ddc-aedb-652b47edd37f,Summers Over (interlude),Drake,Views,0,,,,,,,,
mb-7dcbc1be-4257-4d64-b915-045dfb23ae88,Photograph,Ed Sheeran,×,1,CH0156,,,,,,,
mb-bb31cc9b-5816-4bee-afa4-84e60d390d26,The Man,Ed Sheeran,×,0,,,,,,,,
mb-655b8f77-15f3-453e-8607-63f5ad1d4c13,Big Girls Don’t Cry,Fergie,The Dutchess,1,CH0321,,,,,,,
mb-952e1461-f1c1-44b6-b476-0539ccd1552a,Here I Come,Fergie,The Dutchess,0,,,,,,,,
mb-2199bf89-2583-4368-8f85-3b0bb8f994d4,Thunder,Imagine Dragons,Evolve,1,CH0078,,,,,,,
mb-57ff93f1-6d8e-47dc-b9ea-51921a17955e,I Don’t Know Why,Imagine Dragons,Evolve,0,,,,,,,,
mb-ffc4cd52-96f7-4d7f-9d60-ecab98864974,Birthday,Katy Perry,PRISM,1,CH0177,,,,,,,
mb-99b2141c-179b-4557-9ee3-68588cb458c2,Love Me,Katy Perry,PRISM,0,,,,,,,,
mb-6949d85d-ffb2-4ab0-9370-52e07b288a39,Yoü and I,Lady Gaga,Born This Way,1,CH0245,,,,,,,
mb-2394a738-02bd-49b9-82eb-05befa6d6da4,Government Hooker,Lady Gaga,Born This Way,0,,,,,,,,
mb-ddf4e998-3b08-4b49-9ce2-6b2c605a3035,Woah,Lil Baby,My Turn,1,CH0034,,,,,,,
mb-25a3eab5-4796-4297-9cae-3e479c677f3f,Gang Signs,Lil Baby,My Turn,0,,,,,,,,
mb-fe1b39c6-4f84-4f1f-b5d3-625384ef02dd,One Number Away,Luke Combs,This One’s for You,1,CH0096,,,,,,,
mb-4569297a-52bd-4543-8267-d347720e3b16,Memories Are Made Of,Luke Combs,This One’s for You,0,,,,,,,,
mb-a24974c0-9da0-4f02-b59b-b209e81e2ede,Maps,Maroon 5,V,1,CH0170,,,,,,,
mb-b9de2deb-1e43-4c0b-966f-7ddc10633d21,Feelings,Maroon 5,V,0,,,,,,,,
mb-f9529f15-1c31-4b41-8651-a57feb7ec4b1,NO,Meghan Trainor,Thank You,1,CH0133,,,,,,,
mb-46122226-82e1-4f93-a3dc-238c16d64eb7,Just a Friend to You,Meghan Trainor,Thank You,0,,,,,,,,
mb-34bb4161-8c39-4fad-8a75-32733b1bb732,Closer,Ne‐Yo,Year of the Gentleman,1,CH0312,,,,,,,
mb-fb0a6946-145a-46d9-bc71-1a899d96ade6,So You Can Cry,Ne‐Yo,Year of the Gentleman,0,,,,,,,,
mb-7101eeb1-5210-4a97-b4d6-81aa2ff92835,Starships,Nicki Minaj,Pink Friday: Roman Reloaded (deluxe edition),1,CH0201,,,,,,,
mb-34551dd5-2910-4f14-8f00-dff916dcf6bb,Fire Burns,Nicki Minaj,Pink Friday: Roman Reloaded (deluxe edition),0,,,,,,,,
mb-43341f5d-14f8-49aa-8d99-d81de44fb9c3,Best Song Ever,One Direction,Midnight Memories,1,CH0197,,,,,,,
mb-008a7390-cdbd-4bbf-926b-1f27d1bdc2c2,Better Than Words,One Direction,Midnight Memories,0,,,,,,,,
mb-312e74b6-10e5-48d6-bac2-5bbac6211c9a,Sober,P!nk,Funhouse,1,CH0286,,,,,,,
mb-76709507-8c4f-4f8c-a9e0-2bed94a16ddd,One Foot Wrong,P!nk,Funhouse,0,,,,,,,,
mb-87e161a9-8801-483d-8bb7-8d65973d9597,You da One,Rihanna,Talk That Talk,1,CH0222,,,,,,,
mb-0552ac06-85b7-480c-9263-2ca50a25c824,Drunk on Love,Rihanna,Talk That Talk,0,,,,,,,,
mb-ade2f0f3-39bf-46ad-a44d-7fc4a8069db7,Water Under the Bridge,Adele,25,1,CH0116,,,,,,,
mb-870c62b6-ba2c-4873-b962-6289128e4a90,Million Years Ago,Adele,25,0,,,,,,,,
mb-29fb6806-cf74-4ea5-bbe2-8985b2402eab,Try Sleeping With a Broken Heart,Alicia Keys,The Element of Freedom (deluxe edition),1,CH0274,,,,,,,
mb-587dc336-290e-4056-932b-0234e95ff796,Love Is Blind,Alicia Keys,The Element of Freedom (deluxe edition),0,,,,,,,,
mb-899a043d-67bc-420c-85ea-6fee705baeb3,Halo,Beyoncé,I Am… Sasha Fierce,1,CH0281,,,,,,,
mb-a2b7ce99-013d-496c-85f1-bb902a41e335,Radio,Beyoncé,I Am… Sasha Fierce,0,,,,,,,,
mb-4d82c5eb-9cfe-4dd6-b147-b57cc17a809d,bury a friend,Billie Eilish,"WHEN WE ALL FALL ASLEEP, WHERE DO WE GO?",1,CH0067,,,,,,,
mb-75090060-75fa-4a87-aa63-c0f730d1825d,!!!!!!!,Billie Eilish,"WHEN WE ALL FALL ASLEEP, WHERE DO WE GO?",0,,,,,,,,
mb-2b9241b3-a7c4-4866-a15d-17344cf44541,Circus,Britney Spears,Circus,1,CH0283,,,,,,,
mb-caae9df4-58ac-4892-a22c-416806839b0c,Lace and Leather,Britney Spears,Circus,0,,,,,,,,
mb-126241da-d2cb-42c2-a40e-f30909057647,When I Was Your Man,Bruno Mars,Unorthodox Jukebox,1,CH0181,,,,,,,
mb-bf27a8c7-73c0-4925-9c4a-b4cceb533b44,Natalie,Bruno Mars,Unorthodox Jukebox,0,,,,,,,,
mb-c12bd871-5ae2-449a-918b-1fdffda3b6c8,A Sky Full of Stars,Coldplay,Ghost Stories,1,CH0175,,,,,,,
mb-0f787ae7-e0e0-4c59-b34b-8fc6cd7fcd33,Another’s Arms,Coldplay,Ghost Stories,0,,,,,,,,
mb-851d32ba-114a-4dea-94c3-ed900f5ca1a6,Feels Like Tonight,Daughtry,Daughtry,1,CH0324,,,,,,,
mb-6beb0296-ec73-4f27-af4e-f35286a61c1f,There and Back Again,Daughtry,Daughtry,0,,,,,,,,
mb-9037fd5b-e74f-49c9-90aa-9c8d08ee160a,Don’t,Ed Sheeran,×,1,CH0164,,,,,,,
mb-09296cd5-d11a-402e-8f32-29418fb1d86b,Bloodstream,Ed Sheeran,×,0,,,,,,,,
mb-ac8e67a2-876a-4b2f-b3b8-71b4a8afc8ec,Fergalicious,Fergie,The Dutchess,1,CH0331,,,,,,,
mb-804cebd3-bece-456b-b5d8-8c0752171c28,All That I Got (The Make-Up Song),Fergie,The Dutchess,0,,,,,,,,
mb-024d8daa-7d45-4ea0-a9d4-fd6e3da392e8,Now or Never,Halsey,hopeless fountain kingdom,1,CH0109,,,,,,,
mb-e7a01433-d380-4555-9666-dfd9bba57a7f,Sorry,Halsey,hopeless fountain kingdom,0,,,,,,,,
mb-839a1658-53f7-4b2a-86d9-3e52d929d5a2,Believer,Imagine Dragons,Evolve,1,CH0097,,,,,,,
mb-a3cec223-4a95-423a-abbc-b8d8ddd5f499,Yesterday,Imagine Dragons,Evolve,0,,,,,,,,
mb-32e02581-0a95-43f0-a83c-17af5a0e0c63,I Kissed a Girl,Katy Perry,One of the Boys,1,CH0310,,,,,,,
mb-37518808-b050-4c17-9d13-e66bc2eb8cc2,Fingerprints,Katy Perry,One of the Boys,0,,,,,,,,
mb-8ddbdf9c-7400-4889-984d-17813c513c7c,Born This Way,Lady Gaga,Born This Way,1,CH0230,,,,,,,
mb-c8ca8754-8a07-44a1-8558-d0ee9dd7f401,Heavy Metal Lover,Lady Gaga,Born This Way,0,,,,,,,,
mb-423e5b04-5aaa-4e5c-b34e-7958933394b9,Better Together,Luke Combs,What You See Is What You Get,1,CH0017,,,,,,,
mb-2cced4a3-ec38-4447-a60c-2b015956f087,Refrigerator Door,Luke Combs,What You See Is What You Get,0,,,,,,,,
mb-c113e0fe-1f65-45c0-a5b5-31e3ec9ab717,Sugar,Maroon 5,V,1,CH0148,,,,,,,
mb-9b23f288-955e-41fa-8d4a-76f25faa8dc1,My Heart Is Open,Maroon 5,V,0,,,,,,,,
mb-18b7683b-e085-44d6-a4db-358d6284f51f,Lips Are Movin,Meghan Trainor,Title,1,CH0152,,,,,,,
mb-549fcc30-35fc-4267-8879-565690a07fb1,What If I,Meghan Trainor,Title,0,,,,,,,,
mb-5e53d622-f5a8-4477-a0bb-3b058bc3f515,Mad,Ne‐Yo,Year of the Gentleman,1,CH0288,,,,,,,
mb-9f268152-8bb4-4656-97c2-71499e31084b,Why Does She Stay,Ne‐Yo,Year of the Gentleman,0,,,,,,,,
mb-df6b866c-a056-42f2-9cf9-135aa3fbdad4,Super Bass,Nicki Minaj,Pink Friday (deluxe edition),1,CH0225,,,,,,,
mb-baa584d3-8111-447c-8036-521a6584d38b,Blow Ya Mind,Nicki Minaj,Pink Friday (deluxe edition),0,,,,,,,,
mb-f6328ef6-62f6-4d08-8e33-e201d07e321d,Story of My Life,One Direction,Midnight Memories,1,CH0169,,,,,,,
mb-20344f0b-35d2-45f6-8b1a-5d1fbff0236e,Through the Dark,One Direction,Midnight Memories,0,,,,,,,,
mb-6baabb90-4910-4df3-be31-4011a81735b3,Please Don’t Leave Me,P!nk,Funhouse,1,CH0293,,,,,,,
mb-f1b3de93-be46-45ac-bb96-62031c989b5b,It’s All Your Fault,P!nk,Funhouse,0,,,,,,,,
mb-9de80019-617e-4a4c-8a89-03e2a8a11ff8,Unfaithful,Rihanna,A Girl Like Me,1,CH0355,,,,,,,
mb-6b9e34d9-b4e0-41cc-ac4e-fb3a9219265a,P.S. (I’m Still Not Over You),Rihanna,A Girl Like Me,0,,,,,,,,
mb-fb9c29d7-2bf0-4c96-a10d-5df601a77e60,In My Blood,Shawn Mendes,Shawn Mendes,1,CH0083,,,,,,,
mb-2c0a0a30-e749-4e78-b3c9-f1e9083d170f,Mutual,Shawn Mendes,Shawn Mendes,0,,,,,,,,
mb-06879155-b9ce-4777-bdc0-f83cd6162760,Can’t Feel My Face,The Weeknd,Beauty Behind the Madness,1,CH0138,,,,,,,
mb-29773529-5c2a-4bc9-a7ec-12564956b003,Angel,The Weeknd,Beauty Behind the Madness,0,,,,,,,,
mb-c5ad2611-071b-4003-bb22-eee8b4f48fe9,When We Were Young,Adele,25,1,CH0142,,,,,,,
mb-b7c37d3d-feea-4a73-8346-9e2392a292e6,River Lea,Adele,25,0,,,,,,,,
mb-302ea07a-a7a0-4c03-80ae-b53186392216,Un‐Thinkable (I’m Ready),Alicia Keys,The Element of Freedom (deluxe edition),1,CH0268,,,,,,,
mb-82c1304f-efbb-4dd1-9dab-511a768ea686,Put It in a Love Song,Alicia Keys,The Element of Freedom (deluxe edition),0,,,,,,,,
mb-ebbda164-fca5-476b-ad1a-26083d64ecf2,breathin,Ariana Grande,Sweetener,1,CH0066,,,,,,,
mb-1bb3c6e4-9c45-49d8-a8d8-510a60c2ccaa,better off,Ariana Grande,Sweetener,0,,,,,,,,
mb-ac6dd0f9-9555-4ce7-a0a5-bb95e77e3796,Diva,Beyoncé,I Am… Sasha Fierce,1,CH0302,,,,,,,
mb-0cc92c51-488e-4967-b277-7738bcd0ca58,Satellites,Beyoncé,I Am… Sasha Fierce,0,,,,,,,,
mb-694da04d-1ffc-435c-8b4b-59cc23ac8003,bad guy,Billie Eilish,"WHEN WE ALL FALL ASLEEP, WHERE DO WE GO?",1,CH0036,,,,,,,
mb-31a0ccb2-fbe1-48e9-b0b8-96d149a8c4f1,goodbye,Billie Eilish,"WHEN WE ALL FALL ASLEEP, WHERE DO WE GO?",0,,,,,,,,
mb-bb2d1754-0d93-41a1-8346-e95dacab304d,Womanizer,Britney Spears,Circus,1,CH0287,,,,,,,
mb-178e452a-ad65-43ed-9962-05c9c97c1a7f,Mmm Papi,Britney Spears,Circus,0,,,,,,,,
mb-9dbd4c26-c4ad-4abe-ba3e-88bfe6750518,Locked Out of Heaven,Bruno Mars,Unorthodox Jukebox,1,CH0182,,,,,,,
mb-66b00402-f5f4-449b-9865-4ef2ba304a14,If I Knew,Bruno Mars,Unorthodox Jukebox,0,,,,,,,,
mb-a3f7e96d-c1d6-44ad-a730-7d2b7e6c8dc2,It’s Not Over,Daughtry,Daughtry,1,CH0330,,,,,,,
mb-f0d89610-432f-4486-9c4f-65eec68331eb,What I Want,Daughtry,Daughtry,0,,,,,,,,
mb-cb2cc207-8125-445c-9ef9-6ea44eee959a,Thinking Out Loud,Ed Sheeran,×,1,CH0146,,,,,,,
mb-ea33cdb1-b489-4614-98f6-da067d3ed6f6,I See Fire,Ed Sheeran,×,0,,,,,,,,
mb-eb5ae26a-ae37-452b-96e7-69499cbbf185,Clumsy,Fergie,The Dutchess,1,CH0313,,,,,,,
mb-3b9a2b22-bac5-4cc4-93c0-d5a8ee964863,Pedestal,Fergie,The Dutchess,0,,,,,,,,
mb-acccb60e-359f-4734-9d3b-3f065e58dd87,Bad at Love,Halsey,hopeless fountain kingdom,1,CH0080,,,,,,,
mb-91f1826e-b44c-4f23-af49-59d24893e28b,Heaven in Hiding,Halsey,hopeless fountain kingdom,0,,,,,,,,
mb-ba172571-a0c9-4e75-855a-e4365ca33833,Whatever It Takes,Imagine Dragons,Evolve,1,CH0081,,,,,,,
mb-24266234-d128-4ca0-8a1a-c61f92c447c1,I’ll Make It Up to You,Imagine Dragons,Evolve,0,,,,,,,,
mb-4dc241d5-4949-4bd6-83a2-89197f966ec3,Yummy,Justin Bieber,Changes,1,CH0037,,,,,,,
mb-3be59b6f-6c41-4745-b040-f9d969c74611,Running Over,Justin Bieber,Changes,0,,,,,,,,
mb-40e19d92-b212-4915-970a-2ce3b8169d7d,Waking Up in Vegas,Katy Perry,One of the Boys,1,CH0285,,,,,,,
mb-2686465e-9612-4eec-9aab-80c42153c0cd,Lost,Katy Perry,One of the Boys,0,,,,,,,,
mb-de609a3d-a9e8-4b70-b892-4b5a4cccf63a,Applause,Lady Gaga,ARTPOP,1,CH0188,,,,,,,
mb-c70fd003-cbb5-4b8a-b85b-2730c3e2033a,Sexxx Dreams,Lady Gaga,ARTPOP,0,,,,,,,,
mb-e62bf602-8a23-42cc-b70f-4f80d7122d04,Lovin’ on You,Luke Combs,What You See Is What You Get,1,CH0048,,,,,,,
mb-9a60895b-61f3-4aed-89ac-d44f46933c26,All Over Again,Luke Combs,What You See Is What You Get,0,,,,,,,,
mb-55671308-2ba1-479b-874a-781d752931c3,Misery,Maroon 5,Hands All Over,1,CH0263,,,,,,,
mb-a46c2d23-5634-4dd6-b25e-684ef3b0c2a0,Hands All Over,Maroon 5,Hands All Over,0,,,,,,,,
mb-759edfb8-0b3c-4d4b-9538-a4e20f21f1e3,All About That Bass,Meghan Trainor,Title,1,CH0154,,,,,,,
mb-ea944583-efa5-46c3-b93d-cb14a44ebedf,Close Your Eyes,Meghan Trainor,Title,0,,,,,,,,
mb-b4b875a9-9737-49c7-8010-5a4282f991fa,Miss Independent,Ne‐Yo,Year of the Gentleman,1,CH0296,,,,,,,
mb-4cfbc6af-eb9f-44f2-8a84-f565b90d68d0,Single,Ne‐Yo,Year of the Gentleman,0,,,,,,,,
mb-12a8112f-8cb9-4b3e-9ee8-ea536385e91f,Stupid Girls,P!nk,I’m Not Dead,1,CH0366,,,,,,,
mb-bf24f7c2-4fbd-42c9-bdf8-507a56b98f65,’Cuz I Can,P!nk,I’m Not Dead,0,,,,,,,,
mb-38a0e25d-40ce-4598-b1d1-254b3a84889a,Cheers (Drink to That),Rihanna,Loud,1,CH0248,,,,,,,
mb-34106bcb-45b0-4aea-96b0-8e2d1becc740,Raining Men,Rihanna,Loud,0,,,,,,,,
mb-8efe2cd3-2adc-4abf-b06c-536208ca71fa,Stitches,Shawn Mendes,Handwritten,1,CH0125,,,,,,,
mb-c7c836cb-9f45-4e32-b4af-be341dd51047,Air,Shawn Mendes,Handwritten,0,,,,,,,,
mb-2fd491c9-1dd5-435b-b8ba-0983e3b1ceeb,In the Night,The Weeknd,Beauty Behind the Madness,1,CH0135,,,,,,,
mb-f87d8609-4d82-4101-871b-ba2d106d1dd9,As You Are,The Weeknd,Beauty Behind the Madness,0,,,,,,,,
mb-028efe7f-cdfb-4135-846f-848f2fff15b1,Someone Like You,Adele,21,1,CH0213,,,,,,,
mb-4f515654-052b-4631-8a78-57ea362cd18a,Take It All,Adele,21,0,,,,,,,,
mb-ec72de8b-74fc-449f-9b41-b10270eced8d,no tears left to cry,Ariana Grande,Sweetener,1,CH0077,,,,,,,
mb-d2ed7735-6a99-4632-a8d3-5f7617497ed5,raindrops (an angel cried),Ariana Grande,Sweetener,0,,,,,,,,
mb-aecba9b4-7d70-4ee0-938f-f26ff85fd5fa,Sweet Dreams,Beyoncé,I Am… Sasha Fierce,1,CH0271,,,,,,,
mb-126b7497-6a4b-4d54-81be-99081eba5949,Ave Maria,Beyoncé,I Am… Sasha Fierce,0,,,,,,,,
mb-113b6fbc-8a9a-40f1-ae9f-538ba2a93ae7,I Wanna Go,Britney Spears,Femme Fatale,1,CH0239,,,,,,,
mb-0b862101-5927-44cd-8b69-e54f163a92aa,Gasoline,Britney Spears,Femme Fatale,0,,,,,,,,
mb-2ef0762b-b19d-4355-b19a-7af087497599,Grenade,Bruno Mars,Doo-Wops & Hooligans,1,CH0224,,,,,,,
mb-be1ba17e-ff3b-4749-8943-3542e8daa440,Our First Time,Bruno Mars,Doo-Wops & Hooligans,0,,,,,,,,
mb-37cbe987-d468-4aea-8888-f101bd9bad7f,It’s Time,Imagine Dragons,Night Visions,1,CH0190,,,,,,,
mb-0465514b-5208-4bce-9cb5-7e30f3611d4c,Every Night,Imagine Dragons,Night Visions,0,,,,,,,,
mb-82214173-a7e5-4abc-938e-03031d9241b3,Hot n Cold,Katy Perry,One of the Boys,1,CH0282,,,,,,,
mb-9319b69f-c741-4691-9b48-7889e89c4afc,Ur So Gay,Katy Perry,One of the Boys,0,,,,,,,,
mb-7a1040dc-bac0-479c-9921-f43797ed0b81,Paparazzi,Lady Gaga,The Fame,1,CH0264,,,,,,,
mb-3b40aaa8-4604-4eab-9914-622b372555a2,The Fame,Lady Gaga,The Fame,0,,,,,,,,
mb-f83d1c45-322a-4337-a57a-1a23a93e4eea,Even Though I’m Leaving,Luke Combs,What You See Is What You Get,1,CH0045,,,,,,,
mb-61cd25db-9fed-4f56-bc09-e6ced9677953,Every Little Bit Helps,Luke Combs,What You See Is What You Get,0,,,,,,,,
mb-1e01a716-13f3-423a-9085-4bfebb0f6465,Love Somebody,Maroon 5,Overexposed,1,CH0191,,,,,,,
mb-338de6d0-81a3-4e3c-859f-148c20204d97,Ladykiller,Maroon 5,Overexposed,0,,,,,,,,
mb-a19628b1-5ffd-4332-8558-755a7b497021,Dear Future Husband,Meghan Trainor,Title,1,CH0163,,,,,,,
mb-b64f18ea-81f1-4ccc-a20d-eede877f4973,Walkashame,Meghan Trainor,Title,0,,,,,,,,
mb-bb084c74-f9ca-4813-91a3-e1df7eacedce,Who Knew,P!nk,I’m Not Dead,1,CH0343,,,,,,,
mb-31e6cc0c-40a1-4d3d-8e0d-e23b21b17137,I Got Money Now,P!nk,I’m Not Dead,0,,,,,,,,
mb-5a5056f9-1bec-426e-bc39-2ba1d22bb13b,S&M,Rihanna,Loud,1,CH0226,,,,,,,
mb-cb443721-e0ff-4230-9678-01de7ecffa8b,Fading,Rihanna,Loud,0,,,,,,,,
mb-70ecebf2-6dc0-4cc8-8f6c-52f7de1fdeb0,You Belong With Me,Taylor Swift,Fearless,1,CH0260,,,,,,,
mb-26290d76-ba05-4f65-acc8-6d08615f0489,The Best Day,Taylor Swift,Fearless,0,,,,,,,,
mb-1a13c710-4b7e-4701-8968-cd61f2e58110,Rolling in the Deep,Adele,21,1,CH0218,,,,,,,
mb-f5057d26-1aac-47fe-b766-18c5a28927b1,Don’t You Remember,Adele,21,0,,,,,,,,
mb-fd60e8ef-9846-478f-8f67-be3bb65a22ce,God is a woman,Ariana Grande,Sweetener,1,CH0089,,,,,,,
mb-545d01ee-ffa3-4971-8b6c-dd6cc38d8fb5,successful,Ariana Grande,Sweetener,0,,,,,,,,
mb-0a65e058-83c4-4982-9a5e-d2495fc4565c,Irreplaceable,Beyoncé,B’Day,1,CH0325,,,,,,,
mb-2c111a06-cba3-401c-901c-60cfdbd5afe4,Freakum Dress,Beyoncé,B’Day,0,,,,,,,,
mb-4b6ad952-257a-4f39-99bb-ed30e6036fd8,Hold It Against Me,Britney Spears,Femme Fatale,1,CH0242,,,,,,,
mb-26d328de-ff0d-4468-b3b9-a3df9975884e,How I Roll,Britney Spears,Femme Fatale,0,,,,,,,,
mb-4658bb93-57c4-4710-86f1-b87869f5781b,Just the Way You Are,Bruno Mars,Doo-Wops & Hooligans,1,CH0228,,,,,,,
mb-051205ad-ef0c-4b08-89ef-1fe0a0425d08,Talking to the Moon,Bruno Mars,Doo-Wops & Hooligans,0,,,,,,,,
mb-87dede50-097f-4064-9a9b-bd4851363971,Demons,Imagine Dragons,Night Visions,1,CH0168,,,,,,,
mb-eb5913a4-c8d6-4e1c-81e5-03fed0b6a8ee,Amsterdam,Imagine Dragons,Night Visions,0,,,,,,,,
mb-2d6f51c6-afc5-457e-9c58-689679c08d30,The One That Got Away,Katy Perry,Teenage Dream,1,CH0212,,,,,,,
mb-c2061d87-585b-4fdd-91cc-38c23dc0c894,Peacock,Katy Perry,Teenage Dream,0,,,,,,,,
mb-baec3223-cf18-4301-bcde-7fd95921ce8a,LoveGame,Lady Gaga,The Fame,1,CH0284,,,,,,,
mb-383653b4-d066-45ae-994c-832beeb17ef7,Paper Gangsta,Lady Gaga,The Fame,0,,,,,,,,
mb-f93ab292-594b-4bdd-93dd-7abc8c905314,Beer Never Broke My Heart,Luke Combs,What You See Is What You Get,1,CH0064,,,,,,,
mb-94d3e498-13b3-435b-ad35-4251e88a3185,What You See Is What You Get,Luke Combs,What You See Is What You Get,0,,,,,,,,
mb-69a76314-be3f-499c-84fd-4c564694cc67,Daylight,Maroon 5,Overexposed,1,CH0187,,,,,,,
mb-59e48969-28f6-402b-8c59-5f48a7ddf994,Fortune Teller,Maroon 5,Overexposed,0,,,,,,,,
mb-f3805a9e-9ece-41fe-bed8-6a9169d3fa42,U + Ur Hand,P!nk,I’m Not Dead,1,CH0336,,,,,,,
mb-d7911102-0b5e-443c-bca7-98d531149340,Dear Mr. President,P!nk,I’m Not Dead,0,,,,,,,,
mb-ce4eb46b-1a27-4950-a02f-9499cab56c6b,Only Girl (In the World),Rihanna,Loud,1,CH0238,,,,,,,
mb-e0cba862-0223-40fa-b2f4-7b0c42631a91,Skin,Rihanna,Loud,0,,,,,,,,
mb-9086b742-358b-4f73-9a14-84cb1a9ce4ce,Love Story,Taylor Swift,Fearless,1,CH0276,,,,,,,
mb-b3863134-0129-4b46-89b4-cb39a99f7f54,Tell Me Why,Taylor Swift,Fearless,0,,,,,,,,
mb-797ae656-81d4-4d89-bddb-eca56f77ba72,Rumour Has It,Adele,21,1,CH0215,,,,,,,
mb-dd2d2073-50c4-438a-91cc-a1fea1c81b12,I’ll Be Waiting,Adele,21,0,,,,,,,,
mb-d64c6f5a-f529-468c-9a23-6bcdb213d14f,Into You,Ariana Grande,Dangerous Woman,1,CH0134,,,,,,,
mb-7964ac4e-5760-4d35-b61f-b39823c6cacf,Leave Me Lonely,Ariana Grande,Dangerous Woman,0,,,,,,,,
mb-c0a6ef98-6284-48d4-9e44-fd38bcbae5ad,Till the World Ends,Britney Spears,Femme Fatale,1,CH0234,,,,,,,
mb-8aa9b186-a8b4-4034-8540-8cf288cd23b8,Seal It With a Kiss,Britney Spears,Femme Fatale,0,,,,,,,,
mb-55b9fb00-4390-4549-a692-5993bc524e70,The Lazy Song,Bruno Mars,Doo-Wops & Hooligans,1,CH0233,,,,,,,
mb-ba05d33b-d032-45c4-8161-7b2ecebeac0c,Liquor Store Blues,Bruno Mars,Doo-Wops & Hooligans,0,,,,,,,,
mb-bd61eda3-eb77-4634-ba66-4a084f7f8455,Radioactive,Imagine Dragons,Night Visions,1,CH0176,,,,,,,
mb-e8e2d45d-0067-4b9e-a007-da79824dc3d8,Tiptoe,Imagine Dragons,Night Visions,0,,,,,,,,
mb-8cf81f4a-05fd-4688-bb8c-eb59df2026a0,Teenage Dream,Katy Perry,Teenage Dream,1,CH0247,,,,,,,
mb-182defde-f578-4f62-87f7-cb02468ff560,Who Am I Living For?,Katy Perry,Teenage Dream,0,,,,,,,,
mb-ce3a5a96-e755-4742-9f20-2578600daa4c,Poker Face,Lady Gaga,The Fame,1,CH0275,,,,,,,
mb-d10a1cd1-0caa-405a-817a-111e2a1d8064,"Eh, Eh (Nothing Else I Can Say)",Lady Gaga,The Fame,0,,,,,,,,
mb-7c1fce2d-5f5b-4a5b-8287-d3452ae3677f,One More Night,Maroon 5,Overexposed,1,CH0189,,,,,,,
mb-1cdd7971-c330-4222-9999-623b58638ff5,Beautiful Goodbye,Maroon 5,Overexposed,0,,,,,,,,
mb-d1e0a99e-1894-457b-ba6a-985eeef4d0c4,Set Fire to the Rain,Adele,21,1,CH0203,,,,,,,
mb-04f96056-91ac-4b64-af89-24c596013f05,One and Only,Adele,21,0,,,,,,,,
mb-e8433d2d-4c9f-4cd4-a4cf-f4a02d85a438,Dangerous Woman,Ariana Grande,Dangerous Woman,1,CH0131,,,,,,,
mb-6eab1918-39c9-44cc-b59b-eaed8efeba18,Moonlight,Ariana Grande,Dangerous Woman,0,,,,,,,,
mb-9846e3f4-7bb9-49be-8e91-837a5ee5cefb,Firework,Katy Perry,Teenage Dream,1,CH0223,,,,,,,
mb-72d0365f-b0e1-425a-8639-5d4c26816d83,Pearl,Katy Perry,Teenage Dream,0,,,,,,,,
mb-a2b6d3f6-2ab5-4522-9a40-e589fb8f6e02,Last Friday Night (T.G.I.F.),Katy Perry,Teenage Dream,1,CH0227,,,,,,,
mb-ccf72769-880d-4416-a619-ceca7337e81d,Hummingbird Heartbeat,Katy Perry,Teenage Dream,0,,,,,,,,
